Zone,Borough,hour,trips,mean_wait_s,city_wait_s,mismatch_index,shared_req,shared_match
Prospect Heights,Brooklyn,0,37356,280.1674391191363,314.29174217457154,0.8914247545311544,1509,1198
Howard Beach,Queens,0,8825,434.7700522608498,314.29174217457154,1.383332725361137,518,257
Ozone Park,Queens,0,13053,352.19650253106306,314.29174217457154,1.1206037425426136,991,461
Brownsville,Brooklyn,0,49273,307.8369563007097,314.29174217457154,0.9794624388499632,3293,2113
Bedford,Brooklyn,0,81318,265.93609688853877,314.29174217457154,0.8461440795374957,4167,3189
Eltingville/Annadale/Prince's Bay,Staten Island,0,3152,519.3713375796178,314.29174217457154,1.6525134704020827,100,12
East Chelsea,Manhattan,0,82656,295.57790656789166,314.29174217457154,0.9404571196264986,2975,2438
Midtown South,Manhattan,0,93309,300.7789470296711,314.29174217457154,0.9570055673387854,3295,2689
Pelham Bay,Bronx,0,7573,336.95571126388154,314.29174217457154,1.0721112458523374,463,191
Dyker Heights,Brooklyn,0,8485,302.5022426817753,314.29174217457154,0.9624886756132209,479,218
East New York/Pennsylvania Avenue,Brooklyn,0,24581,307.27935964805084,314.29174217457154,0.9776883017097353,1584,1028
Bellerose,Queens,0,3611,422.54162042175363,314.29174217457154,1.3444248248401491,414,183
Coney Island,Brooklyn,0,17378,379.39496913402184,314.29174217457154,1.2071426583116813,1209,612
Hammels/Arverne,Queens,0,10358,463.73254014316115,314.29174217457154,1.4754843284606045,865,300
Westchester Village/Unionport,Bronx,0,18238,311.03320526893526,314.29174217457154,0.989632126879661,945,462
Central Harlem,Manhattan,0,50537,313.1123130262506,314.29174217457154,0.9962473428663429,2665,1917
Fort Greene,Brooklyn,0,64943,308.42863969171486,314.29174217457154,0.981345031713878,2615,2077
Madison,Brooklyn,0,13304,298.4421353813719,314.29174217457154,0.9495704001526197,782,325
Ocean Hill,Brooklyn,0,44684,307.0341899491408,314.29174217457154,0.9769082312655877,2901,1976
Erasmus,Brooklyn,0,27103,276.7327124219241,314.29174217457154,0.8804962882805062,2143,1518
Murray Hill,Manhattan,0,58188,264.4145241782826,314.29174217457154,0.841302804676984,2426,1923
Gravesend,Brooklyn,0,9069,335.8412505523641,314.29174217457154,1.0685653025074486,510,268
Windsor Terrace,Brooklyn,0,9728,278.3081036610448,314.29174217457154,0.8855088006304034,471,317
Canarsie,Brooklyn,0,50087,318.3124950019992,314.29174217457154,1.012793059084557,4065,2290
West Village,Manhattan,0,113388,311.99519128961674,314.29174217457154,0.9926929327857453,3484,2963
Claremont/Bathgate,Bronx,0,26526,287.22765885151205,314.29174217457154,0.9138886591935117,1492,817
Midtown North,Manhattan,0,62030,254.6236951225415,314.29174217457154,0.8101507642574721,1697,1347
Yorkville East,Manhattan,0,14334,251.2836102191819,314.29174217457154,0.7995234252117508,937,661
Alphabet City,Manhattan,0,32195,317.3077234128589,314.29174217457154,1.0095961198898191,1810,1436
West Brighton,Staten Island,0,6078,453.25305785123965,314.29174217457154,1.4421411606782937,328,92
Two Bridges/Seward Park,Manhattan,0,34070,368.15713487606223,314.29174217457154,1.1713865987340242,2382,1859
Melrose South,Bronx,0,35524,292.13005495279697,314.29174217457154,0.9294868930744449,2015,1273
Belmont,Bronx,0,22746,286.1550138601663,314.29174217457154,0.9104757633155477,1009,604
Midwood,Brooklyn,0,13829,293.8516666666667,314.29174217457154,0.9349646434663513,826,410
Hamilton Heights,Manhattan,0,40143,294.36380420138715,314.29174217457154,0.9365941407327351,2147,1361
DUMBO/Vinegar Hill,Brooklyn,0,26709,323.2309767337305,314.29174217457154,1.0284424735352853,1214,920
South Williamsburg,Brooklyn,0,12526,310.9252141884859,314.29174217457154,0.9892885254865661,480,337
Lenox Hill East,Manhattan,0,29191,251.3502332601537,314.29174217457154,0.7997354035491733,2538,1925
Gowanus,Brooklyn,0,21517,295.9975770001398,314.29174217457154,0.9417924090278187,1039,738
Inwood,Manhattan,0,34757,258.9621995105801,314.29174217457154,0.8239548316441003,1253,627
Grymes Hill/Clifton,Staten Island,0,3996,458.9548192771084,314.29174217457154,1.4602827809016523,342,101
Roosevelt Island,Manhattan,0,4597,401.8507202095155,314.29174217457154,1.2785914050083753,332,168
Baisley Park,Queens,0,16801,335.47743397126334,314.29174217457154,1.0674077264967539,1581,806
Crown Heights South,Brooklyn,0,33390,275.4065199136276,314.29174217457154,0.8762766657758849,1946,1418
Upper West Side North,Manhattan,0,25623,259.62890304427685,314.29174217457154,0.8260761203839313,2169,1632
East Flatbush/Remsen Village,Brooklyn,0,38213,302.10833966515577,314.29174217457154,0.9612353718709906,2574,1554
Kingsbridge Heights,Bronx,0,20911,285.09899047892446,314.29174217457154,0.9071157533644898,812,419
Little Italy/NoLiTa,Manhattan,0,68682,308.30103891940723,314.29174217457154,0.9809390370433697,2326,1896
Lincoln Square East,Manhattan,0,42875,261.34748277070435,314.29174217457154,0.831544223728094,2108,1710
Far Rockaway,Queens,0,13019,443.819428395347,314.29174217457154,1.4121256426420203,1559,567
Springfield Gardens North,Queens,0,11990,356.8524521681009,314.29174217457154,1.1354178436221505,1100,601
Woodhaven,Queens,0,19273,336.5047767393562,314.29174217457154,1.0706764817016623,1345,648
Rosedale,Queens,0,10155,412.0310681526778,314.29174217457154,1.3109827999356645,1112,425
Morningside Heights,Manhattan,0,30366,269.7553370508463,314.29174217457154,0.8582959742576127,1865,1315
Lower East Side,Manhattan,0,166333,331.3066606498195,314.29174217457154,1.054137338631688,6584,5498
Kew Gardens Hills,Queens,0,8167,337.2142944710065,314.29174217457154,1.0729339948222463,534,282
New Dorp/Midland Beach,Staten Island,0,3553,539.695909732017,314.29174217457154,1.7171813233077118,199,34
Mott Haven/Port Morris,Bronx,0,56011,320.4654722311626,314.29174217457154,1.0196433097919637,3145,2009
UN/Turtle Bay South,Manhattan,0,25395,247.7495366171077,314.29174217457154,0.788278861235548,1074,842
Bronx Park,Bronx,0,2510,318.08463073852295,314.29174217457154,1.0120680503334532,128,65
Jamaica Estates,Queens,0,8033,337.00274074996884,314.29174217457154,1.0722608822562782,798,409
Borough Park,Brooklyn,0,27517,315.4473349099509,314.29174217457154,1.0036768154561868,1426,615
Elmhurst/Maspeth,Queens,0,17768,303.06662157592154,314.29174217457154,0.964284392198841,853,510
Crotona Park East,Bronx,0,17535,305.2080621217312,314.29174217457154,0.9710979359814205,844,388
South Jamaica,Queens,0,15818,355.848701709943,314.29174217457154,1.132224153418224,1242,703
Lenox Hill West,Manhattan,0,35546,224.97719722988572,314.29174217457154,0.71582280741224,1966,1520
Clinton West,Manhattan,0,39145,278.22980444353436,314.29174217457154,0.8852596715347144,1773,1436
Lincoln Square West,Manhattan,0,17257,260.82915506035283,314.29174217457154,0.829895030826094,1045,762
Fordham South,Bronx,0,18283,281.6945524226663,314.29174217457154,0.8962836582139682,899,473
Upper East Side North,Manhattan,0,25468,245.56321025520035,314.29174217457154,0.7813225016863589,1401,1030
Great Kills,Staten Island,0,4310,546.7501162250117,314.29174217457154,1.7396260953026328,214,45
Kensington,Brooklyn,0,11520,271.84077484364144,314.29174217457154,0.8649313308799855,701,399
Port Richmond,Staten Island,0,4185,450.82662835249045,314.29174217457154,1.4344208512550782,250,66
Central Park,Manhattan,0,6100,278.4592908732764,314.29174217457154,0.8859898416249441,401,298
Saint Michaels Cemetery/Woodside,Queens,0,1378,309.356355620867,314.29174217457154,0.9842967985109733,14,6
Washington Heights South,Manhattan,0,56860,276.4025450577302,314.29174217457154,0.8794457759065271,2809,1545
Bedford Park,Bronx,0,35090,290.3527615241901,314.29174217457154,0.9238319769881683,1529,819
Greenwich Village South,Manhattan,0,92966,311.23150720330773,314.29174217457154,0.990263075478566,2848,2424
LaGuardia Airport,Queens,0,204838,616.0984191289797,314.29174217457154,1.9602755543821173,1261,959
Whitestone,Queens,0,6095,399.9291584483892,314.29174217457154,1.2724774621225996,413,175
Queens Village,Queens,0,14892,355.7952220726783,314.29174217457154,1.132053994199612,1264,577
Westerleigh,Staten Island,0,5225,416.96854622171077,314.29174217457154,1.3266926561185561,205,38
East Village,Manhattan,0,177038,300.6620916547486,314.29174217457154,0.9566337619133104,7467,6335
Greenwich Village North,Manhattan,0,43393,310.6864269891084,314.29174217457154,0.9885287626059848,1752,1487
Mount Hope,Bronx,0,41496,287.1896605794514,314.29174217457154,0.9137677579194351,1731,901
Van Cortlandt Park,Bronx,0,4227,325.40587260241534,314.29174217457154,1.0353624640308574,263,120
Stuyvesant Heights,Brooklyn,0,84601,272.62305034200375,314.29174217457154,0.8674203415455213,4900,3846
Pelham Parkway,Bronx,0,19828,310.0505453443749,314.29174217457154,0.98650554163195,991,514
Arrochar/Fort Wadsworth,Staten Island,0,3049,469.6684175968483,314.29174217457154,1.4943708490310055,290,104
Ocean Parkway South,Brooklyn,0,4642,293.6734957946949,314.29174217457154,0.9343977470193143,222,116
Schuylerville/Edgewater Park,Bronx,0,23830,372.5932481291516,314.29174217457154,1.185501233825599,1266,614
JFK Airport,Queens,0,191934,498.0646985481692,314.29174217457154,1.5847209191755411,1844,1203
Hunts Point,Bronx,0,26076,305.5130281284777,314.29174217457154,0.9720682637559794,1408,714
Soundview/Castle Hill,Bronx,0,29011,325.7257067900169,314.29174217457154,1.036380098746261,1771,762
Bensonhurst West,Brooklyn,0,19134,300.5656046950325,314.29174217457154,0.9563267638386919,1249,515
East Harlem South,Manhattan,0,39709,290.4292887240431,314.29174217457154,0.9240754679539935,2735,1981
Oakland Gardens,Queens,0,2745,397.56804086099964,314.29174217457154,1.2649649593407795,241,113
TriBeCa/Civic Center,Manhattan,0,82373,266.49349529304584,314.29174217457154,0.8479175859002479,2333,1889
Eastchester,Bronx,0,16270,319.46486153846155,314.29174217457154,1.0164596095592504,1265,672
Park Slope,Brooklyn,0,90362,298.6994393227551,314.29174217457154,0.9503890788095992,3968,2964
Hudson Sq,Manhattan,0,22666,287.1291961130742,314.29174217457154,0.913575374670805,703,574
Sunset Park East,Brooklyn,0,18219,293.8598238855256,314.29174217457154,0.9349905977558356,1220,613
Richmond Hill,Queens,0,26619,347.4187883118348,314.29174217457154,1.1054022161322428,1989,960
Astoria,Queens,0,85664,252.08180097665834,314.29174217457154,0.8020630743668758,4210,2751
Upper West Side South,Manhattan,0,37721,255.78858552893416,314.29174217457154,0.8138571626449475,2087,1587
Country Club,Bronx,0,1578,417.27238095238096,314.29174217457154,1.327659384447363,113,54
Brooklyn Navy Yard,Brooklyn,0,5125,345.7801016419077,314.29174217457154,1.100188313092382,336,257
Glendale,Queens,0,13562,316.63177321718587,314.29174217457154,1.0074454105170685,710,362
Williamsbridge/Olinville,Bronx,0,32885,308.9847755922295,314.29174217457154,0.9831145210955167,2042,998
East New York,Brooklyn,0,78581,332.63726127228017,314.29174217457154,1.0583709866850994,5637,3506
Financial District North,Manhattan,0,50593,314.3356289084145,314.29174217457154,1.0001396369294953,2121,1612
Soundview/Bruckner,Bronx,0,22984,282.65068582625736,314.29174217457154,0.8993258425137389,1109,540
Woodside,Queens,0,36438,281.2960380000549,314.29174217457154,0.8950156820977201,1515,888
East Harlem North,Manhattan,0,57765,315.9440451388889,314.29174217457154,1.0052572267819866,3644,2433
Williamsburg (North Side),Brooklyn,0,146161,348.6570935653698,314.29174217457154,1.1093422027350315,4984,4048
West Concourse,Bronx,0,45750,313.72977703870646,314.29174217457154,0.9982119634070661,1564,888
Longwood,Bronx,0,16751,285.84697232351004,314.29174217457154,0.9094956499516872,780,443
Spuyten Duyvil/Kingsbridge,Bronx,0,20758,296.3526292958018,314.29174217457154,0.9429220992105941,952,438
Sunset Park West,Brooklyn,0,42751,305.97865710804984,314.29174217457154,0.9735497820941658,2477,1462
South Beach/Dongan Hills,Staten Island,0,4406,516.1632839224629,314.29174217457154,1.6423062227188998,259,48
Pelham Bay Park,Bronx,0,1783,336.5801011804385,314.29174217457154,1.070916145781161,129,45
Boerum Hill,Brooklyn,0,58698,293.60138763403285,314.29174217457154,0.9341683163630613,2473,1923
Red Hook,Brooklyn,0,13909,370.09203514330983,314.29174217457154,1.177542981507113,775,507
Springfield Gardens South,Queens,0,10815,381.45054231945863,314.29174217457154,1.2136829930058555,1418,709
Manhattanville,Manhattan,0,17780,302.7169821951769,314.29174217457154,0.9631719245968432,1043,729
Queensbridge/Ravenswood,Queens,0,9545,262.9983205626115,314.29174217457154,0.8367967886872784,909,639
Highbridge,Bronx,0,26225,293.2763845948319,314.29174217457154,0.9331342356170885,1144,598
Manhattan Beach,Brooklyn,0,11474,361.3875120413346,314.29174217457154,1.1498473028305147,483,232
Cambria Heights,Queens,0,5416,361.71082331174836,314.29174217457154,1.150876000779041,593,280
Gramercy,Manhattan,0,63620,272.84091123627326,314.29174217457154,0.8681135220050591,2441,2067
Brooklyn Heights,Brooklyn,0,27668,293.6079594790159,314.29174217457154,0.9341892263778698,1085,807
Bath Beach,Brooklyn,0,6553,314.00535250038234,314.29174217457154,0.9990887776045031,458,221
Saint George/New Brighton,Staten Island,0,12966,474.33049798948343,314.29174217457154,1.5092044566860408,662,183
Cypress Hills,Brooklyn,0,23643,318.28449225035996,314.29174217457154,1.0127039611291175,1343,816
Glen Oaks,Queens,0,4557,464.9280035335689,314.29174217457154,1.479288002658776,716,274
Bronxdale,Bronx,0,15799,291.3877538071066,314.29174217457154,0.9271250710916132,808,420
Sutton Place/Turtle Bay North,Manhattan,0,39927,223.2893417556525,314.29174217457154,0.710452461177385,1583,1284
Corona,Queens,0,19891,346.02774700372646,314.29174217457154,1.1009762604947073,1263,678
Penn Station/Madison Sq West,Manhattan,0,56413,316.9924917462459,314.29174217457154,1.0085931292785104,2061,1776
Rockaway Park,Queens,0,6318,458.18910765322323,314.29174217457154,1.457846472462279,189,48
Battery Park City,Manhattan,0,23397,272.6663244792335,314.29174217457154,0.8675580293413581,415,286
Williamsburg (South Side),Brooklyn,0,108050,311.9708954532827,314.29174217457154,0.9926156293346081,4269,3470
Chinatown,Manhattan,0,26821,322.3947604120018,314.29174217457154,1.0257818362689577,1253,1026
College Point,Queens,0,10526,393.93623713305374,314.29174217457154,1.2534094418371455,998,464
East Concourse/Concourse Village,Bronx,0,40814,304.8615901675539,314.29174217457154,0.9699955463615723,1945,1099
East Williamsburg,Brooklyn,0,120505,300.52655929429943,314.29174217457154,0.9562025308554677,4731,3865
Murray Hill-Queens,Queens,0,13186,349.073317125057,314.29174217457154,1.1106665250249121,954,401
Clinton Hill,Brooklyn,0,57866,262.12059423748747,314.29174217457154,0.8340040766705671,2547,1964
Garment District,Manhattan,0,49016,297.2402917083733,314.29174217457154,0.9457464254446524,2203,1834
Douglaston,Queens,0,3143,488.41576260370135,314.29174217457154,1.5540203481783292,293,88
West Chelsea/Hudson Yards,Manhattan,0,62980,292.235061791311,314.29174217457154,0.9298209993344042,1985,1514
City Island,Bronx,0,1890,622.4572036150984,314.29174217457154,1.9805076624296356,125,56
Old Astoria,Queens,0,24025,265.4124067824855,314.29174217457154,0.8444778247945939,1308,779
Hollis,Queens,0,7186,320.1580708112629,314.29174217457154,1.0186652331241746,622,297
Meatpacking/West Village West,Manhattan,0,54622,307.97755423629434,314.29174217457154,0.9799097873377468,1229,971
Times Sq/Theatre District,Manhattan,0,116539,296.5517445755811,314.29174217457154,0.9435556356770682,3538,2919
Financial District South,Manhattan,0,28746,323.00431875174144,314.29174217457154,1.0277213028789365,890,653
Clinton East,Manhattan,0,96562,267.50578502114956,314.29174217457154,0.8511384459874387,4483,3693
Hillcrest/Pomonok,Queens,0,11923,341.82960846916484,314.29174217457154,1.0876188031669554,870,433
Ridgewood,Queens,0,69009,261.8743564830257,314.29174217457154,0.8332206079330238,3754,2608
Flatiron,Manhattan,0,54251,279.06008116583655,314.29174217457154,0.887901410438058,2109,1766
Kew Gardens,Queens,0,12766,336.7165595107417,314.29174217457154,1.0713503230502137,708,359
Central Harlem North,Manhattan,0,74338,315.9339879316847,314.29174217457154,1.0052252271909867,3869,2581
Van Cortlandt Village,Bronx,0,25237,299.5992784077393,314.29174217457154,0.953252148258253,1101,564
Maspeth,Queens,0,25190,291.26946774257664,314.29174217457154,0.9267487135592404,1077,658
Bay Ridge,Brooklyn,0,31847,288.1550792054312,314.29174217457154,0.916839485541994,1827,839
Stuy Town/Peter Cooper Village,Manhattan,0,10998,325.85822185822184,314.29174217457154,1.0368017295129115,644,473
Charleston/Tottenville,Staten Island,0,3047,605.4744981901941,314.29174217457154,1.9264728179014223,122,13
Midtown Center,Manhattan,0,97861,264.3918805603845,314.29174217457154,0.84123075818368,1884,1557
Brighton Beach,Brooklyn,0,11813,360.6034438883705,314.29174217457154,1.14735258837337,622,294
North Corona,Queens,0,24026,347.1243439140215,314.29174217457154,1.1044653655622083,1343,618
Bloomfield/Emerson Hill,Staten Island,0,7978,466.80833123584193,314.29174217457154,1.4852707487826897,594,143
Flushing,Queens,0,45854,353.034008097166,314.29174217457154,1.123268481871456,2885,1335
Long Island City/Queens Plaza,Queens,0,22566,263.8267317939609,314.29174217457154,0.8394325920514318,1674,1236
Fresh Meadows,Queens,0,5967,358.7776658270361,314.29174217457154,1.1415434059599159,401,183
Bushwick North,Brooklyn,0,134420,265.13466018622586,314.29174217457154,0.8435941025741566,6633,5257
Downtown Brooklyn/MetroTech,Brooklyn,0,41365,305.4071304095266,314.29174217457154,0.9717313229308137,2174,1716
Parkchester,Bronx,0,14471,293.26408572416176,314.29174217457154,0.9330951035973128,699,327
East Flatbush/Farragut,Brooklyn,0,32020,292.75312812812814,314.29174217457154,0.9314693606092905,2420,1563
Bloomingdale,Manhattan,0,10428,268.20648939233945,314.29174217457154,0.8533679171353019,587,419
Stapleton,Staten Island,0,8772,446.38569633268594,314.29174217457154,1.4202908840180204,654,190
Steinway,Queens,0,38753,278.10258794359214,314.29174217457154,0.8848548995255551,1723,941
Flushing Meadows-Corona Park,Queens,0,10346,713.9799960583366,314.29174217457154,2.271710962299991,171,98
West Farms/Bronx River,Bronx,0,18053,292.6654831909464,314.29174217457154,0.9311904957031517,934,470
Inwood Hill Park,Manhattan,0,2497,274.30874097834806,314.29174217457154,0.8727837997919298,85,49
Bay Terrace/Fort Totten,Queens,0,3121,442.14244372990356,314.29174217457154,1.4067898846808329,247,92
Middle Village,Queens,0,12733,319.79276729559746,314.29174217457154,1.017502926048787,809,425
Crown Heights North,Brooklyn,0,136456,274.7687933792132,314.29174217457154,0.8742475748109044,7928,5855
Jamaica,Queens,0,71357,361.4710734526682,314.29174217457154,1.150113174949061,6278,3924
Seaport,Manhattan,0,23568,330.5091557972554,314.29174217457154,1.0515998718594266,920,706
Co-Op City,Bronx,0,20335,358.0845687829385,314.29174217457154,1.1393381394794728,1311,645
Flatbush/Ditmas Park,Brooklyn,0,59331,269.08431782893405,314.29174217457154,0.8561609540459154,4159,2596
Heartland Village/Todt Hill,Staten Island,0,5315,551.3929917106254,314.29174217457154,1.7543985976073064,293,57
Upper East Side South,Manhattan,0,44761,241.88001431063012,314.29174217457154,0.7696034666296745,1828,1415
Midtown East,Manhattan,0,56426,224.31801812988948,314.29174217457154,0.7137254595931869,1514,1201
Auburndale,Queens,0,4675,347.7020592020592,314.29174217457154,1.1063035153145389,359,169
East Flushing,Queens,0,6037,365.94726368159206,314.29174217457154,1.1643553252453218,522,208
East Elmhurst,Queens,0,13863,353.95345475570974,314.29174217457154,1.1261939378576111,573,314
Long Island City/Hunters Point,Queens,0,77021,282.4609156350477,314.29174217457154,0.8987220398497024,4040,2831
Corona,Queens,0,2691,399.12798507462685,314.29174217457154,1.2699283230067608,190,90
Carroll Gardens,Brooklyn,0,19130,287.73964218455745,314.29174217457154,0.9155176658276123,737,509
Allerton/Pelham Gardens,Bronx,0,11090,309.9316949765089,314.29174217457154,0.9861273886233992,665,334
Manhattan Valley,Manhattan,0,14144,270.1843484419263,314.29174217457154,0.8596609843215479,1002,763
Riverdale/North Riverdale/Fieldston,Bronx,0,8356,379.56392968938115,314.29174217457154,1.2076802497679195,976,378
World Trade Center,Manhattan,0,22968,299.99219771597944,314.29174217457154,0.9545023220793072,917,678
Union Sq,Manhattan,0,97669,298.86620829576196,314.29174217457154,0.9509196971830028,3127,2627
East Tremont,Bronx,0,36257,297.24376639514014,314.29174217457154,0.9457574810541405,2181,1140
Arden Heights,Staten Island,0,1266,563.0007923930269,314.29174217457154,1.7913318005037224,65,15
Briarwood/Jamaica Hills,Queens,0,13324,352.1942419003232,314.29174217457154,1.1205965497645782,1187,677
SoHo,Manhattan,0,50054,278.963841694983,314.29174217457154,0.8875951998128991,1350,1103
Mariners Harbor,Staten Island,0,6825,458.81561949500883,314.29174217457154,1.459839880998726,459,84
Forest Hills,Queens,0,39564,359.1962129458522,314.29174217457154,1.1428751212506842,2243,1082
Saint Albans,Queens,0,23865,357.68393869410033,314.29174217457154,1.1380634318270662,2275,1100
Bushwick South,Brooklyn,0,151738,263.00670813352946,314.29174217457154,0.8368234759010751,8005,6397
Homecrest,Brooklyn,0,15982,312.52473199172465,314.29174217457154,0.9943778027045158,774,403
Rossville/Woodrow,Staten Island,0,1537,569.3272370999347,314.29174217457154,1.8114610112272855,46,6
South Ozone Park,Queens,0,41303,326.5501709961435,314.29174217457154,1.0390033436346637,2774,1407
Yorkville West,Manhattan,0,37639,229.16872274805914,314.29174217457154,0.7291592237277704,2393,1690
Norwood,Bronx,0,27639,280.1415015754591,314.29174217457154,0.8913422275659285,1590,803
Rego Park,Queens,0,11746,313.9070381731425,314.29174217457154,0.9987759652901878,728,366
Woodlawn/Wakefield,Bronx,0,18123,336.2319977894446,314.29174217457154,1.0698085653255456,1198,595
Sunnyside,Queens,0,41369,288.42735766847403,314.29174217457154,0.9177058094904342,2656,1685
Bensonhurst East,Brooklyn,0,15375,302.77924110053465,314.29174217457154,0.9633700173145423,769,332
Morrisania/Melrose,Bronx,0,28755,283.61111885188797,314.29174217457154,0.9023817071667056,1740,1002
Oakwood,Staten Island,0,1417,573.3411347517731,314.29174217457154,1.8242322588078501,81,10
Greenpoint,Brooklyn,0,104021,334.7890036282445,314.29174217457154,1.065217308325867,4348,3361
Prospect-Lefferts Gardens,Brooklyn,0,65860,262.02787239219026,314.29174217457154,0.8337090582756972,4168,2897
Prospect Park,Brooklyn,0,4264,287.04815597838854,314.29174217457154,0.9133175246422774,258,188
Bayside,Queens,0,13883,341.469877775367,314.29174217457154,1.0864742274574288,900,347
Van Nest/Morris Park,Bronx,0,28641,336.1568943186194,314.29174217457154,1.0695696043197438,1848,941
Marine Park/Mill Basin,Brooklyn,0,12515,378.74247036206344,314.29174217457154,1.2050665656741726,967,507
Starrett City,Brooklyn,0,6409,363.98452641450456,314.29174217457154,1.1581103718987673,413,260
Laurelton,Queens,0,11253,377.25195729537364,314.29174217457154,1.200324115056867,1062,493
University Heights/Morris Heights,Bronx,0,31552,306.65588020684623,314.29174217457154,0.9757045415355393,1319,634
Sheepshead Bay,Brooklyn,0,17531,346.5368487202925,314.29174217457154,1.1025960985249514,929,409
Washington Heights North,Manhattan,0,42858,277.2994418887047,314.29174217457154,0.8822994838174282,1747,893
Elmhurst,Queens,0,62540,298.06779959355447,314.29174217457154,0.9483793545806699,3271,1800
Cobble Hill,Brooklyn,0,9630,260.4625857410102,314.29174217457154,0.8287286962707971,340,269
Columbia Street,Brooklyn,0,3963,283.09575543203636,314.29174217457154,0.9007419459172187,137,94
Kips Bay,Manhattan,0,45754,270.008790197067,314.29174217457154,0.8591024006195244,3189,2589
Marble Hill,Manhattan,0,5422,313.6440709272257,314.29174217457154,0.9979392673734772,332,147
Jackson Heights,Queens,0,59916,304.9067187865424,314.29174217457154,0.9701391346680172,3065,1690
Flatlands,Brooklyn,0,30065,315.1487666666667,314.29174217457154,1.002726843811312,2663,1559
Queensboro Hill,Queens,0,6671,342.8254206730769,314.29174217457154,1.0907872357736224,490,224
Rosedale,Queens,1,7019,395.98386175378465,298.2387459984314,1.327741170678968,586,217
Hunts Point,Bronx,1,17789,295.378358587281,298.2387459984314,0.9904090684073442,911,386
Springfield Gardens South,Queens,1,6701,368.40285285285285,298.2387459984314,1.2352615406141443,681,289
Borough Park,Brooklyn,1,14746,313.95705646531223,298.2387459984314,1.0527037840581703,764,264
Springfield Gardens North,Queens,1,7751,342.6520782079503,298.2387459984314,1.148918719668143,559,267
Woodlawn/Wakefield,Bronx,1,12015,356.015867713379,298.2387459984314,1.193727751642476,739,296
Battery Park City,Manhattan,1,15830,259.7680728606666,298.2387459984314,0.8710071254860792,179,132
Hillcrest/Pomonok,Queens,1,7402,336.7945594803086,298.2387459984314,1.1292783516534768,558,216
West Village,Manhattan,1,93121,312.73280440344877,298.2387459984314,1.0485988443805139,3344,2831
Forest Hills,Queens,1,25911,340.0467976485148,298.2387459984314,1.1401831660407509,1345,626
West Chelsea/Hudson Yards,Manhattan,1,43561,276.2495340221368,298.2387459984314,0.926269767857694,1515,1217
Long Island City/Hunters Point,Queens,1,52026,256.1149431938738,298.2387459984314,0.8587581145315735,2780,1892
Woodside,Queens,1,29296,259.9434987694832,298.2387459984314,0.8715953317844569,1205,729
Bloomingdale,Manhattan,1,7951,254.51814516129033,298.2387459984314,0.8534040213629016,381,253
JFK Airport,Queens,1,111443,485.84764996268353,298.2387459984314,1.6290561051555617,1620,1014
Crown Heights South,Brooklyn,1,22326,262.4896823972726,298.2387459984314,0.880132732313236,1294,926
Bath Beach,Brooklyn,1,4232,303.8761250592136,298.2387459984314,1.0189022356632758,206,73
Manhattan Valley,Manhattan,1,8408,260.171977562955,298.2387459984314,0.8723614253807365,558,366
Saint Albans,Queens,1,16776,349.8896465099587,298.2387459984314,1.1731864192850348,1529,653
Brooklyn Heights,Brooklyn,1,16715,272.923247453565,298.2387459984314,0.9151166678222301,691,534
Whitestone,Queens,1,4154,387.7489146164978,298.2387459984314,1.300129241485401,253,88
Riverdale/North Riverdale/Fieldston,Bronx,1,4568,379.2562692476903,298.2387459984314,1.2716532453824259,247,85
Flatlands,Brooklyn,1,20674,301.8104150504267,298.2387459984314,1.0119758720150134,1572,858
Bay Terrace/Fort Totten,Queens,1,2101,444.5315449577745,298.2387459984314,1.490522445263073,112,37
Soundview/Castle Hill,Bronx,1,17924,328.29140332233345,298.2387459984314,1.1007671126811274,1032,390
Ocean Parkway South,Brooklyn,1,2995,289.3366733466934,298.2387459984314,0.9701511866879133,125,55
Morrisania/Melrose,Bronx,1,17783,280.43828516703286,298.2387459984314,0.9403147274784607,917,463
Elmhurst/Maspeth,Queens,1,13406,280.78474867428486,298.2387459984314,0.9414764259898064,594,367
Lincoln Square West,Manhattan,1,9770,246.0526099887191,298.2387459984314,0.8250189262464684,533,393
Pelham Bay,Bronx,1,5451,328.76222876057375,298.2387459984314,1.1023457990341163,328,121
South Williamsburg,Brooklyn,1,6127,292.11238344511696,298.2387459984314,0.9794581936937642,257,190
Lincoln Square East,Manhattan,1,25367,238.75029627873903,298.2387459984314,0.8005341340859673,1270,1001
Homecrest,Brooklyn,1,11124,302.680392863579,298.2387459984314,1.0148929236215705,504,225
Greenpoint,Brooklyn,1,71415,300.21165579633913,298.2387459984314,1.006615202834571,2782,2213
Chinatown,Manhattan,1,21556,308.44720092915213,298.2387459984314,1.0342291371181342,1148,936
Sheepshead Bay,Brooklyn,1,13112,335.94911369193153,298.2387459984314,1.1264435563771398,717,287
Bellerose,Queens,1,1986,417.55381505811016,298.2387459984314,1.4000656207839148,164,58
Ozone Park,Queens,1,10453,334.9821565617805,298.2387459984314,1.123201331337218,627,267
Bedford,Brooklyn,1,54750,247.08047428226382,298.2387459984314,0.8284653741253437,2663,2095
Far Rockaway,Queens,1,9197,440.28822438066135,298.2387459984314,1.4762945133325402,941,266
East Harlem South,Manhattan,1,24787,273.2047403332794,298.2387459984314,0.9160605186246201,1438,989
Midwood,Brooklyn,1,8545,283.7453284757316,298.2387459984314,0.9514033045096828,515,215
Upper West Side South,Manhattan,1,22074,241.37884284030108,298.2387459984314,0.8093476990463561,1204,862
Queensbridge/Ravenswood,Queens,1,5994,253.95131336791033,298.2387459984314,0.851503423935554,456,278
Van Cortlandt Village,Bronx,1,18238,298.51482538985283,298.2387459984314,1.0009256992765885,758,341
Saint George/New Brighton,Staten Island,1,9118,497.91535324589444,298.2387459984314,1.6695193361915264,482,112
Prospect Park,Brooklyn,1,2569,271.75565964090555,298.2387459984314,0.911201724414221,128,91
Bronx Park,Bronx,1,1431,304.78300561797755,298.2387459984314,1.0219430228545172,71,32
Cobble Hill,Brooklyn,1,4910,237.26020408163265,298.2387459984314,0.7955378275459908,164,126
Prospect-Lefferts Gardens,Brooklyn,1,40606,251.8690702555871,298.2387459984314,0.8445216244870873,2337,1607
Kips Bay,Manhattan,1,29633,235.70977011494253,298.2387459984314,0.7903391939429032,1502,1203
Port Richmond,Staten Island,1,2898,489.75086505190313,298.2387459984314,1.642143657130583,148,30
Inwood,Manhattan,1,30864,264.0350285417748,298.2387459984314,0.8853143063549613,1047,503
Murray Hill-Queens,Queens,1,10313,341.50646195704985,298.2387459984314,1.145077447310773,695,242
East Flatbush/Remsen Village,Brooklyn,1,24803,295.6474203461103,298.2387459984314,0.9913112374327958,1701,999
South Jamaica,Queens,1,11298,340.9622457137781,298.2387459984314,1.1432526802388425,812,424
Crotona Park East,Bronx,1,11437,298.189753487148,298.2387459984314,0.9998357272086851,507,249
Westerleigh,Staten Island,1,3551,415.0688293370945,298.2387459984314,1.3917334179619893,104,21
Erasmus,Brooklyn,1,17568,253.07712492869368,298.2387459984314,0.8485722540223689,1315,849
Gravesend,Brooklyn,1,7430,336.9666711644852,298.2387459984314,1.1298554452956877,456,199
Greenwich Village South,Manhattan,1,74788,325.6969761898385,298.2387459984314,1.0920679507938633,2763,2341
Stuy Town/Peter Cooper Village,Manhattan,1,7417,316.71345582275063,298.2387459984314,1.0619460417943696,426,337
East New York/Pennsylvania Avenue,Brooklyn,1,16506,291.2051733560022,298.2387459984314,0.9764163015811963,1060,644
Bloomfield/Emerson Hill,Staten Island,1,4773,494.450621183407,298.2387459984314,1.6579020258689245,359,77
New Dorp/Midland Beach,Staten Island,1,2562,527.5168363351605,298.2387459984314,1.7687736533667393,126,18
Greenwich Village North,Manhattan,1,30754,305.86796445196785,298.2387459984314,1.025580909777486,1376,1179
DUMBO/Vinegar Hill,Brooklyn,1,16018,305.26374038641904,298.2387459984314,1.0235549353739055,779,605
Marine Park/Mill Basin,Brooklyn,1,7923,357.85288169868556,298.2387459984314,1.1998872933182454,454,215
Pelham Bay Park,Bronx,1,1279,314.0179968701095,298.2387459984314,1.0529081183561613,111,29
Brooklyn Navy Yard,Brooklyn,1,3913,351.08626444159177,298.2387459984314,1.1771987012158318,136,106
Lenox Hill East,Manhattan,1,14533,238.1571763408245,298.2387459984314,0.7985453920265514,977,711
Longwood,Bronx,1,10893,279.9323218390805,298.2387459984314,0.9386182231350745,486,244
Williamsburg (South Side),Brooklyn,1,85071,301.52873657939347,298.2387459984314,1.0110313989215183,3659,3014
World Trade Center,Manhattan,1,14476,289.3898269896194,298.2387459984314,0.9703294118301499,599,470
Garment District,Manhattan,1,38992,271.07391595082555,298.2387459984314,0.9089158252839866,2161,1833
Steinway,Queens,1,27568,260.1346747539316,298.2387459984314,0.8722363483760752,1225,667
Washington Heights North,Manhattan,1,33364,274.57183580387687,298.2387459984314,0.9206444148786791,1226,585
Bensonhurst East,Brooklyn,1,12617,305.9433587543692,298.2387459984314,1.0258337082599533,647,259
Canarsie,Brooklyn,1,35830,303.0331001678791,298.2387459984314,1.0160755576992433,2944,1471
Glendale,Queens,1,8863,310.5962016730726,298.2387459984314,1.041434776133032,542,286
Elmhurst,Queens,1,45155,274.23366060149374,298.2387459984314,0.9195105072059822,2405,1264
Mount Hope,Bronx,1,27111,289.0917654881968,298.2387459984314,0.9693300061344723,1083,491
College Point,Queens,1,6804,389.8911664946173,298.2387459984314,1.3073122514291553,526,192
Upper East Side North,Manhattan,1,14568,237.6083218707015,298.2387459984314,0.796705072894691,790,542
Hammels/Arverne,Queens,1,7336,475.4805639200657,298.2387459984314,1.5942950750019802,681,164
Glen Oaks,Queens,1,2075,491.0891812865497,298.2387459984314,1.646631056077243,206,54
West Brighton,Staten Island,1,4489,469.3635346756152,298.2387459984314,1.5737845634520065,167,39
Lenox Hill West,Manhattan,1,23027,213.38803634308567,298.2387459984314,0.7154940101049378,1286,975
Bronxdale,Bronx,1,10570,292.5573894896604,298.2387459984314,0.9809503071448642,530,255
Sunset Park East,Brooklyn,1,14225,298.90390326686463,298.2387459984314,1.0022302845534252,873,369
Hollis,Queens,1,4399,336.38800182481754,298.2387459984314,1.1279151563579428,363,164
Marble Hill,Manhattan,1,3301,321.2954200788596,298.2387459984314,1.077309452208297,154,59
Inwood Hill Park,Manhattan,1,1278,271.47689898198905,298.2387459984314,0.9102670347984124,29,10
Kew Gardens,Queens,1,9103,325.43193573236493,298.2387459984314,1.09117926526581,464,216
Cypress Hills,Brooklyn,1,17122,304.60922500585343,298.2387459984314,1.0213603332662067,898,517
Roosevelt Island,Manhattan,1,2772,421.2345052555274,298.2387459984314,1.4124070427044475,194,95
Woodhaven,Queens,1,14443,325.6228928199792,298.2387459984314,1.0918195478923178,928,416
Stuyvesant Heights,Brooklyn,1,61592,260.8566616766467,298.2387459984314,0.8746571838054157,3293,2604
Great Kills,Staten Island,1,3823,563.7781274586939,298.2387459984314,1.890358429355987,129,16
Oakland Gardens,Queens,1,1517,412.22625329815304,298.2387459984314,1.3822022082279046,109,39
Columbia Street,Brooklyn,1,2153,263.5246282527881,298.2387459984314,0.8836029247996305,71,47
Van Cortlandt Park,Bronx,1,3128,332.6090297790586,298.2387459984314,1.1152441935924984,141,62
Central Park,Manhattan,1,3111,260.265444015444,298.2387459984314,0.8726748201147979,181,143
Flushing Meadows-Corona Park,Queens,1,4611,512.4269638128861,298.2387459984314,1.7181770332939277,84,36
Clinton Hill,Brooklyn,1,37055,238.0034060497932,298.2387459984314,0.7980297974128586,1615,1234
Norwood,Bronx,1,17894,276.24993003078646,298.2387459984314,0.926271095681979,780,371
Flushing,Queens,1,35602,332.42275071148805,298.2387459984314,1.1146195964532268,1985,832
Corona,Queens,1,13651,303.8222891566265,298.2387459984314,1.0187217228918488,711,369
Coney Island,Brooklyn,1,12239,375.47149410222806,298.2387459984314,1.2589628247169564,789,351
Corona,Queens,1,1753,320.16904625928044,298.2387459984314,1.0735327000770194,93,51
Long Island City/Queens Plaza,Queens,1,15109,242.00271973466002,298.2387459984314,0.8114395697463563,1021,686
Belmont,Bronx,1,14692,278.47250272925766,298.2387459984314,0.9337234228134875,640,306
Eltingville/Annadale/Prince's Bay,Staten Island,1,2575,521.7932242990654,298.2387459984314,1.7495822769513985,83,9
Spuyten Duyvil/Kingsbridge,Bronx,1,14416,305.5928834526374,298.2387459984314,1.0246585581279393,586,232
Williamsbridge/Olinville,Bronx,1,20111,317.73177784425167,298.2387459984314,1.0653604942595982,1290,534
Times Sq/Theatre District,Manhattan,1,80466,252.23755275837598,298.2387459984314,0.8457571530954018,2845,2423
Rockaway Park,Queens,1,5030,462.0501792114695,298.2387459984314,1.5492627480867283,152,47
Meatpacking/West Village West,Manhattan,1,42656,317.2364358389924,298.2387459984314,1.0636996034065302,1050,855
Alphabet City,Manhattan,1,29873,328.9351289705833,298.2387459984314,1.1029255366179462,1654,1380
LaGuardia Airport,Queens,1,60901,567.2405989029994,298.2387459984314,1.9019681597842517,483,316
Melrose South,Bronx,1,22536,278.22758590034226,298.2387459984314,0.9329022121820671,1167,641
Baisley Park,Queens,1,11433,332.9023447791341,298.2387459984314,1.1162276841818703,930,451
Sunset Park West,Brooklyn,1,30615,304.5929322372515,298.2387459984314,1.0213057033134572,1722,984
Park Slope,Brooklyn,1,51352,266.9108424336973,298.2387459984314,0.894956963221342,2325,1717
Bushwick South,Brooklyn,1,129756,273.1680722891566,298.2387459984314,0.9159375699983441,6555,5323
Financial District South,Manhattan,1,21730,310.83307979532566,298.2387459984314,1.0422290328331802,805,585
Country Club,Bronx,1,1168,428.442439862543,298.2387459984314,1.436575379997059,73,24
Jamaica Estates,Queens,1,5486,330.4083836719751,298.2387459984314,1.1078653867251471,414,151
Clinton East,Manhattan,1,80542,235.008284612514,298.2387459984314,0.7879871001528086,3929,3228
Parkchester,Bronx,1,9477,288.5879928125991,298.2387459984314,0.9676408470887178,476,207
Madison,Brooklyn,1,8869,292.9038112522686,298.2387459984314,0.9821118656856516,564,216
Gowanus,Brooklyn,1,12754,272.6067503924647,298.2387459984314,0.9140554473559196,573,387
Briarwood/Jamaica Hills,Queens,1,8062,335.4681089145841,298.2387459984314,1.1248307385129246,600,318
East Tremont,Bronx,1,23883,292.7997148368699,298.2387459984314,0.9817628284904668,1347,545
Yorkville East,Manhattan,1,8172,250.07300613496932,298.2387459984314,0.8384993884606952,519,358
Heartland Village/Todt Hill,Staten Island,1,2760,555.7817055393587,298.2387459984314,1.863546279604736,136,24
Stapleton,Staten Island,1,5936,448.74505494505496,298.2387459984314,1.5046504217376744,362,97
Fresh Meadows,Queens,1,4025,370.14278594567656,298.2387459984314,1.2410955682720828,282,104
Financial District North,Manhattan,1,33936,302.2426685567467,298.2387459984314,1.0134252259709287,1635,1235
Bensonhurst West,Brooklyn,1,12827,295.57033388067873,298.2387459984314,0.9910527650965689,722,269
Downtown Brooklyn/MetroTech,Brooklyn,1,23598,281.0597826086956,298.2387459984314,0.942398619829812,1483,1175
Midtown Center,Manhattan,1,59244,232.01749847839318,298.2387459984314,0.7779589392439756,1214,1034
East New York,Brooklyn,1,52019,309.6144615443882,298.2387459984314,1.0381429834271654,3423,1955
Ridgewood,Queens,1,54339,261.50558381247237,298.2387459984314,0.8768330316606406,2845,1994
Jamaica,Queens,1,51293,331.11107638821073,298.2387459984314,1.1102215283253378,4652,2767
Red Hook,Brooklyn,1,8187,343.9898359049718,298.2387459984314,1.1534042458278746,438,279
Allerton/Pelham Gardens,Bronx,1,7238,308.62356202356204,298.2387459984314,1.0348204791110047,342,157
Hamilton Heights,Manhattan,1,29536,283.42613501508833,298.2387459984314,0.9503330429661175,1545,898
Richmond Hill,Queens,1,20453,335.50350266986726,298.2387459984314,1.1249494144252867,1093,490
Queensboro Hill,Queens,1,4309,322.69937223901417,298.2387459984314,1.0820169296202427,247,109
Carroll Gardens,Brooklyn,1,10658,268.20154019534186,298.2387459984314,0.8992846965523135,441,309
Clinton West,Manhattan,1,26219,250.55850311532433,298.2387459984314,0.8401272687642073,1179,948
Auburndale,Queens,1,3253,365.59240975007714,298.2387459984314,1.2258380732059542,217,70
Fordham South,Bronx,1,12101,282.1771178027796,298.2387459984314,0.9461450652835823,543,274
Fort Greene,Brooklyn,1,35642,277.8312680884543,298.2387459984314,0.9315733512704468,1547,1222
Charleston/Tottenville,Staten Island,1,2434,592.886636326024,298.2387459984314,1.987959794899159,86,9
East Village,Manhattan,1,160944,316.1940342164386,298.2387459984314,1.0602044115961433,7143,6153
SoHo,Manhattan,1,39526,277.41967993517676,298.2387459984314,0.9301932886233228,1249,1052
Van Nest/Morris Park,Bronx,1,17594,301.81643804428256,298.2387459984314,1.0119960672241761,871,376
Co-Op City,Bronx,1,12560,368.49496965825614,298.2387459984314,1.235570409956707,743,312
Windsor Terrace,Brooklyn,1,5950,262.2652854977261,298.2387459984314,0.8793803253823549,294,195
Flatbush/Ditmas Park,Brooklyn,1,37883,254.26464363193818,298.2387459984314,0.8525540260730425,2647,1546
Central Harlem,Manhattan,1,32861,288.52785995303304,298.2387459984314,0.9674392205047381,1759,1137
Kew Gardens Hills,Queens,1,5080,330.09476801579467,298.2387459984314,1.1068138276625226,294,130
Eastchester,Bronx,1,11064,332.3269509981851,298.2387459984314,1.1142983782527471,744,361
East Flatbush/Farragut,Brooklyn,1,22184,286.0211872063607,298.2387459984314,0.9590343006869572,1640,1009
Starrett City,Brooklyn,1,3936,341.47654258031616,298.2387459984314,1.144977127090362,286,161
Rego Park,Queens,1,6950,295.1336119919285,298.2387459984314,0.9895884285721909,394,165
Mariners Harbor,Staten Island,1,4270,467.33661971830986,298.2387459984314,1.56698828032481,216,38
UN/Turtle Bay South,Manhattan,1,15668,222.21915792167903,298.2387459984314,0.7451049231639668,737,599
South Beach/Dongan Hills,Staten Island,1,2494,505.93601609657946,298.2387459984314,1.6964127662313886,110,21
Midtown North,Manhattan,1,35268,229.98838365190718,298.2387459984314,0.7711552799149606,1117,920
Little Italy/NoLiTa,Manhattan,1,59658,311.07645301010643,298.2387459984314,1.0430450676980199,2240,1907
Astoria,Queens,1,67147,234.93092698933552,298.2387459984314,0.7877277186196697,3045,1897
Bedford Park,Bronx,1,23760,284.0176636735382,298.2387459984314,0.9523164494362245,989,480
Soundview/Bruckner,Bronx,1,15293,278.28049819731234,298.2387459984314,0.933079628086875,929,390
Gramercy,Manhattan,1,47400,253.93118384077417,298.2387459984314,0.8514359292608806,2020,1719
Bushwick North,Brooklyn,1,118230,294.4557918820439,298.2387459984314,0.9873156852785071,6160,4937
Manhattanville,Manhattan,1,11906,291.1679305695989,298.2387459984314,0.9762914258334842,659,433
East Harlem North,Manhattan,1,37542,288.5467719981852,298.2387459984314,0.9675026329399293,2254,1495
Bayside,Queens,1,12834,360.52621298538946,298.2387459984314,1.2088510222856343,608,187
Jackson Heights,Queens,1,49352,277.9474474169929,298.2387459984314,0.9319629026955966,2394,1263
Morningside Heights,Manhattan,1,18371,249.8241686233823,298.2387459984314,0.8376650317081746,985,625
Kingsbridge Heights,Bronx,1,13538,280.4188078489448,298.2387459984314,0.9402494196727199,545,267
Hudson Sq,Manhattan,1,17496,277.2016590389016,298.2387459984314,0.9294622605486664,644,528
Kensington,Brooklyn,1,7403,261.906567366283,298.2387459984314,0.8781775368907315,406,236
Seaport,Manhattan,1,16807,314.8712965722802,298.2387459984314,1.0557692479498832,708,560
Ocean Hill,Brooklyn,1,30140,290.2904084076094,298.2387459984314,0.9733490778865339,2040,1392
South Ozone Park,Queens,1,33622,324.13829914122135,298.2387459984314,1.0868416779854828,1904,860
West Farms/Bronx River,Bronx,1,13104,290.4718757174562,298.2387459984314,0.9739575411136686,598,255
Arrochar/Fort Wadsworth,Staten Island,1,2178,439.32443626323055,298.2387459984314,1.473062914050548,171,38
Flatiron,Manhattan,1,43654,275.5390987104768,298.2387459984314,0.9238876651926575,1870,1594
Williamsburg (North Side),Brooklyn,1,115747,343.63679710621506,298.2387459984314,1.1522205002431924,4037,3388
Sutton Place/Turtle Bay North,Manhattan,1,28186,208.12432086928732,298.2387459984314,0.6978446753205634,1184,957
Sunnyside,Queens,1,27228,268.85051129257704,298.2387459984314,0.9014607085760449,1689,1045
Union Sq,Manhattan,1,69535,298.3779537763698,298.2387459984314,1.000466766239485,2570,2207
Manhattan Beach,Brooklyn,1,7674,352.10306988896144,298.2387459984314,1.1806080685801077,304,124
Pelham Parkway,Bronx,1,11043,302.283691805064,298.2387459984314,1.0135627776769618,476,214
Washington Heights South,Manhattan,1,36483,263.8105118704542,298.2387459984314,0.8845614978271191,1502,755
Crown Heights North,Brooklyn,1,92035,259.54952768587845,298.2387459984314,0.870274339495927,5342,3924
Schuylerville/Edgewater Park,Bronx,1,17248,354.1630763856544,298.2387459984314,1.1875153082474306,803,334
Central Harlem North,Manhattan,1,53280,296.1545817333032,298.2387459984314,0.9930117588908479,2617,1629
Prospect Heights,Brooklyn,1,23411,251.44533823969877,298.2387459984314,0.8431008432453014,964,765
Boerum Hill,Brooklyn,1,44223,275.0509238293633,298.2387459984314,0.9222508058386549,1907,1504
Middle Village,Queens,1,8708,307.45698182654706,298.2387459984314,1.0309089142567818,474,246
Yorkville West,Manhattan,1,27223,219.52889248537903,298.2387459984314,0.7360844136815599,1626,1142
East Elmhurst,Queens,1,9682,319.3416830555843,298.2387459984314,1.0707585360396596,406,185
TriBeCa/Civic Center,Manhattan,1,54299,254.62745206489674,298.2387459984314,0.8537705294208686,1740,1367
Upper West Side North,Manhattan,1,14769,243.89854777415852,298.2387459984314,0.817796316027433,1189,791
Laurelton,Queens,1,7693,360.73817611706295,298.2387459984314,1.209561738564178,614,253
Bay Ridge,Brooklyn,1,22844,289.46384881834524,298.2387459984314,0.9705776083831431,1013,408
Lower East Side,Manhattan,1,157249,343.98062329155545,298.2387459984314,1.1533733557656678,6461,5528
Mott Haven/Port Morris,Bronx,1,38513,299.0820128535373,298.2387459984314,1.002827489273008,1998,1238
Two Bridges/Seward Park,Manhattan,1,26218,365.03550522248156,298.2387459984314,1.223970762083346,1716,1382
Midtown South,Manhattan,1,76286,283.25259065656235,298.2387459984314,0.9497511455404662,3051,2556
Brighton Beach,Brooklyn,1,6783,347.6044897356373,298.2387459984314,1.1655242465962674,316,116
Upper East Side South,Manhattan,1,26223,227.80475699614402,298.2387459984314,0.7638335395808772,1243,923
Grymes Hill/Clifton,Staten Island,1,2539,471.65769687376337,298.2387459984314,1.5814769314924764,201,46
Cambria Heights,Queens,1,4372,365.4068458534344,298.2387459984314,1.2252158740479557,374,148
East Flushing,Queens,1,4261,349.99929494712103,298.2387459984314,1.1735540725112956,297,108
East Concourse/Concourse Village,Bronx,1,28339,297.3685865724382,298.2387459984314,0.9970823394422474,1214,627
Maspeth,Queens,1,21921,276.63584,298.2387459984314,0.9275650589057096,886,613
Murray Hill,Manhattan,1,38293,236.0312728985659,298.2387459984314,0.7914171986888897,1918,1615
West Concourse,Bronx,1,30144,293.0943458906385,298.2387459984314,0.9827507318320741,908,500
East Chelsea,Manhattan,1,50205,273.66321884984023,298.2387459984314,0.9175978055221556,2019,1667
Midtown East,Manhattan,1,34706,203.62389265618236,298.2387459984314,0.6827546567582917,1016,838
Queens Village,Queens,1,10344,356.2233980582524,298.2387459984314,1.1944236047053591,730,274
Highbridge,Bronx,1,17876,287.1668067462319,298.2387459984314,0.9628755840723064,673,324
Douglaston,Queens,1,2207,469.8276489313324,298.2387459984314,1.5753407470865757,123,29
Claremont/Bathgate,Bronx,1,16480,285.3848868337795,298.2387459984314,0.9569007738360075,721,318
Howard Beach,Queens,1,5459,414.3716017634093,298.2387459984314,1.389395601085275,355,181
Westchester Village/Unionport,Bronx,1,12218,301.74550824513904,298.2387459984314,1.0117582383032353,570,224
Old Astoria,Queens,1,16098,256.5681294740118,298.2387459984314,0.8602776564630581,845,492
Penn Station/Madison Sq West,Manhattan,1,37434,279.34064022268615,298.2387459984314,0.9366343037941668,2042,1732
Dyker Heights,Brooklyn,1,5840,306.6962047054783,298.2387459984314,1.0283580145790023,314,113
East Williamsburg,Brooklyn,1,98030,297.66962077072475,298.2387459984314,0.9980917126451784,3961,3380
North Corona,Queens,1,19444,317.22114641808724,298.2387459984314,1.06364833769706,1018,404
Brownsville,Brooklyn,1,32338,298.37720467437464,298.2387459984314,1.000464254486719,1892,1222
University Heights/Morris Heights,Bronx,1,22653,310.08332596196374,298.2387459984314,1.039715094441802,1002,380
Pelham Parkway,Bronx,2,7962,333.15190512238206,308.5223451981767,1.0798307166645733,337,136
Williamsbridge/Olinville,Bronx,2,14456,341.5722916666667,308.5223451981767,1.1071233477343776,929,325
West Brighton,Staten Island,2,3514,519.4875393869951,308.5223451981767,1.68379226812018,103,20
Brooklyn Navy Yard,Brooklyn,2,6083,466.1139323990107,308.5223451981767,1.5107947273627989,156,110
Lenox Hill East,Manhattan,2,10045,241.29846862175958,308.5223451981767,0.782110185460841,705,462
East Tremont,Bronx,2,17279,305.38680833768797,308.5223451981767,0.9898369213468974,896,362
Midtown East,Manhattan,2,22737,210.1196066270931,308.5223451981767,0.6810515020950089,786,610
Bushwick South,Brooklyn,2,108536,328.53947380572,308.5223451981767,1.064880644527337,5634,4486
South Jamaica,Queens,2,8317,349.8115379953945,308.5223451981767,1.133828856936427,551,284
Upper West Side South,Manhattan,2,12679,240.1286554354736,308.5223451981767,0.7783185210822542,690,457
Boerum Hill,Brooklyn,2,31675,288.9265390093369,308.5223451981767,0.936484969423357,1344,999
Saint Albans,Queens,2,14074,369.47297587515214,308.5223451981767,1.1975566166457872,1230,496
Allerton/Pelham Gardens,Bronx,2,5062,333.72152653548005,308.5223451981767,1.0816770056675047,233,96
Starrett City,Brooklyn,2,3293,360.82225609756097,308.5223451981767,1.169517416528744,345,155
Chinatown,Manhattan,2,14612,304.52808064184325,308.5223451981767,0.9870535647790186,840,656
Two Bridges/Seward Park,Manhattan,2,21878,376.7853828839175,308.5223451981767,1.2212580020480936,1505,1187
Windsor Terrace,Brooklyn,2,3710,272.39989133387667,308.5223451981767,0.8829178682630034,210,116
Elmhurst,Queens,2,33671,274.47711251896135,308.5223451981767,0.8896506745488834,1941,954
Flatiron,Manhattan,2,34824,280.89682585402386,308.5223451981767,0.9104586109430491,1680,1389
Crown Heights North,Brooklyn,2,63263,267.6336364935003,308.5223451981767,0.8674692146579792,3483,2368
Hamilton Heights,Manhattan,2,20743,284.3277079303675,308.5223451981767,0.9215789791424411,1087,586
Upper East Side North,Manhattan,2,7867,235.9203890950979,308.5223451981767,0.7646784512271111,490,328
Dyker Heights,Brooklyn,2,4037,315.1903812609021,308.5223451981767,1.0216128140036087,212,59
Claremont/Bathgate,Bronx,2,12630,294.9419103623649,308.5223451981767,0.9559823298144304,573,277
Homecrest,Brooklyn,2,7347,298.0815433027774,308.5223451981767,0.9661586849124566,378,140
Columbia Street,Brooklyn,2,1146,267.3585237258348,308.5223451981767,0.8665775036621718,58,37
Woodlawn/Wakefield,Bronx,2,9467,394.8708683175683,308.5223451981767,1.2798776959377978,568,214
East New York,Brooklyn,2,36960,320.0165589880015,308.5223451981767,1.0372556930436971,2321,1210
East Village,Manhattan,2,129619,308.54302200730746,308.5223451981767,1.0000670188381897,6345,5390
Erasmus,Brooklyn,2,12389,265.98189935064937,308.5223451981767,0.8621155112113457,916,550
Bay Terrace/Fort Totten,Queens,2,1173,452.4507772020725,308.5223451981767,1.4665089392842667,60,15
Hammels/Arverne,Queens,2,5371,496.62722791050436,308.5223451981767,1.6096961391613307,454,101
Inwood Hill Park,Manhattan,2,1033,286.8283220174588,308.5223451981767,0.9296841103460984,18,5
Central Harlem,Manhattan,2,21432,284.60059255079005,308.5223451981767,0.9224634681419243,1239,740
Red Hook,Brooklyn,2,4887,350.6958041958042,308.5223451981767,1.1366949903435284,305,163
Battery Park City,Manhattan,2,10775,251.10538074846397,308.5223451981767,0.8138969013319556,101,63
Briarwood/Jamaica Hills,Queens,2,6509,323.2693316869887,308.5223451981767,1.0477987630987942,479,240
Soundview/Bruckner,Bronx,2,10533,294.6222497380703,308.5223451981767,0.9549462277969598,593,241
Morrisania/Melrose,Bronx,2,13288,288.61822436962103,308.5223451981767,0.9354856426500634,588,263
World Trade Center,Manhattan,2,8402,287.056415796423,308.5223451981767,0.9304234207478059,456,329
Clinton East,Manhattan,2,63554,228.86094435556683,308.5223451981767,0.7417969813776696,3502,2804
Sunset Park East,Brooklyn,2,11064,309.51604399600035,308.5223451981767,1.0032208325046452,673,294
LaGuardia Airport,Queens,2,21397,524.3198741724964,308.5223451981767,1.6994551037647012,232,120
Queensboro Hill,Queens,2,3321,318.5416036308623,308.5223451981767,1.032474984676555,185,55
Bath Beach,Brooklyn,2,2762,324.9313116550968,308.5223451981767,1.0531856661674859,132,35
Financial District North,Manhattan,2,20183,292.3211151007381,308.5223451981767,0.9474876606197458,1037,755
Murray Hill,Manhattan,2,23848,228.37869972173033,308.5223451981767,0.740233902912391,1111,919
Jamaica Estates,Queens,2,3968,346.1793699186992,308.5223451981767,1.1220560692170733,404,143
SoHo,Manhattan,2,26846,268.4704171792864,308.5223451981767,0.8701814353408882,989,824
Fresh Meadows,Queens,2,2329,386.32510822510824,308.5223451981767,1.2521786970631108,148,40
East Concourse/Concourse Village,Bronx,2,18380,302.8075873362445,308.5223451981767,0.9814770049856151,760,347
Mariners Harbor,Staten Island,2,3172,491.82101910828027,308.5223451981767,1.5941179845251183,215,27
Marine Park/Mill Basin,Brooklyn,2,5473,375.45219638242895,308.5223451981767,1.216936802879741,325,139
Richmond Hill,Queens,2,17632,344.2954687588834,308.5223451981767,1.1159498626841051,787,334
Alphabet City,Manhattan,2,23252,324.5342908902692,308.5223451981767,1.0518988201059063,1351,1095
Great Kills,Staten Island,2,2795,561.8187749184488,308.5223451981767,1.8209986526504887,134,13
Mott Haven/Port Morris,Bronx,2,27954,303.7069299820467,308.5223451981767,0.9843920050165673,1314,774
Jackson Heights,Queens,2,41732,285.1368671456376,308.5223451981767,0.924201671559583,2026,1059
Lenox Hill West,Manhattan,2,16157,216.67923942086622,308.5223451981767,0.7023129533184513,886,626
Charleston/Tottenville,Staten Island,2,1997,622.816439737771,308.5223451981767,2.0187077190072253,66,4
Riverdale/North Riverdale/Fieldston,Bronx,2,2892,398.1602811950791,308.5223451981767,1.2905395262029538,132,32
Little Italy/NoLiTa,Manhattan,2,49505,315.47183896419176,308.5223451981767,1.0225250905620826,1976,1637
Park Slope,Brooklyn,2,30676,246.90033689857063,308.5223451981767,0.8002672763944417,1520,1062
Cambria Heights,Queens,2,3562,384.72634560906516,308.5223451981767,1.2469966976360802,281,104
Crotona Park East,Bronx,2,8428,309.25821037601145,308.5223451981767,1.0023851276553797,415,176
Long Island City/Hunters Point,Queens,2,35429,261.20772700195727,308.5223451981767,0.846641194932486,2103,1353
Baisley Park,Queens,2,9229,344.4288522441848,308.5223451981767,1.116382192748288,688,270
East Flushing,Queens,2,3198,346.5138017565872,308.5223451981767,1.1231400485238987,208,55
West Chelsea/Hudson Yards,Manhattan,2,34254,275.873829588015,308.5223451981767,0.8941777925706151,1389,1094
Sheepshead Bay,Brooklyn,2,9207,322.9289766528475,308.5223451981767,1.0466955851947022,426,128
Westchester Village/Unionport,Bronx,2,8520,316.17422546825304,308.5223451981767,1.0248017052546428,358,114
South Ozone Park,Queens,2,29206,337.9291143594153,308.5223451981767,1.0953148762769496,1717,725
East New York/Pennsylvania Avenue,Brooklyn,2,13081,305.3138444990781,308.5223451981767,0.9896004268441636,876,497
Bronxdale,Bronx,2,6928,307.5168311085316,308.5223451981767,0.9967408711061132,357,154
Far Rockaway,Queens,2,5979,463.80804480651733,308.5223451981767,1.5033207546396492,638,141
Fort Greene,Brooklyn,2,19626,268.959163855668,308.5223451981767,0.871765588592633,1032,755
Kensington,Brooklyn,2,4967,267.5661600810537,308.5223451981767,0.8672505063099557,257,103
Old Astoria,Queens,2,11412,260.63622780805065,308.5223451981767,0.8447888195606487,598,322
Pelham Bay,Bronx,2,3635,356.41465445462114,308.5223451981767,1.1552312498651636,187,66
Stapleton,Staten Island,2,3824,488.5370662460568,308.5223451981767,1.583473851568998,260,54
West Farms/Bronx River,Bronx,2,9284,293.3986603284356,308.5223451981767,0.9509802608947934,396,156
Madison,Brooklyn,2,6305,300.54678782081936,308.5223451981767,0.9741491742770387,424,126
Spuyten Duyvil/Kingsbridge,Bronx,2,10641,319.97575929069984,308.5223451981767,1.0371234507671272,479,172
Norwood,Bronx,2,12676,288.4268292682927,308.5223451981767,0.9348652820690319,564,232
Prospect-Lefferts Gardens,Brooklyn,2,27610,260.8810434655882,308.5223451981767,0.8455823298568974,1670,1097
East Harlem North,Manhattan,2,24939,288.7396692552207,308.5223451981767,0.9358792766525589,1521,909
Van Nest/Morris Park,Bronx,2,12978,334.89232558139537,308.5223451981767,1.0854718654698419,651,251
Midwood,Brooklyn,2,5579,294.6445128576603,308.5223451981767,0.9550183882739446,249,84
North Corona,Queens,2,15927,316.6862301063094,308.5223451981767,1.026461243521563,986,369
Bedford Park,Bronx,2,16536,288.54846737481034,308.5223451981767,0.9352595423500483,666,280
Penn Station/Madison Sq West,Manhattan,2,27291,268.21666052340584,308.5223451981767,0.8693589449772889,1633,1379
Elmhurst/Maspeth,Queens,2,11257,292.0345380096137,308.5223451981767,0.9465587908131186,485,290
Ocean Hill,Brooklyn,2,20745,295.0847762645914,308.5223451981767,0.9564453948223628,1508,983
Manhattan Beach,Brooklyn,2,3687,339.9774088187262,308.5223451981767,1.1019539236302143,164,50
Parkchester,Bronx,2,5942,307.8548959918823,308.5223451981767,0.9978366260444906,282,115
Eastchester,Bronx,2,7476,361.06856681903736,308.5223451981767,1.1703157727104272,474,192
Coney Island,Brooklyn,2,8477,378.57766702266525,308.5223451981767,1.227067254332872,627,207
Marble Hill,Manhattan,2,1863,330.6501347708895,308.5223451981767,1.0717218377116224,78,28
Woodhaven,Queens,2,11175,334.00045020709524,308.5223451981767,1.0825810687798088,601,217
Kips Bay,Manhattan,2,20211,230.05030290992156,308.5223451981767,0.7456519973039577,992,788
Sunset Park West,Brooklyn,2,24597,338.7644226846185,308.5223451981767,1.0980223246618201,1227,669
JFK Airport,Queens,2,53836,547.7810528666332,308.5223451981767,1.775498797387822,880,410
Glen Oaks,Queens,2,1536,488.71180787191463,308.5223451981767,1.5840402339674773,96,18
East Harlem South,Manhattan,2,18723,271.67867125349386,308.5223451981767,0.8805802091222383,1057,642
Queensbridge/Ravenswood,Queens,2,4460,263.41804955671745,308.5223451981767,0.8538054168734945,336,164
Forest Hills,Queens,2,16429,336.64205241244184,308.5223451981767,1.0911431786122419,862,363
Williamsburg (North Side),Brooklyn,2,83533,359.086957563846,308.5223451981767,1.163892869196199,3058,2447
Williamsburg (South Side),Brooklyn,2,62410,319.69191400609657,308.5223451981767,1.0362034354456406,2653,2133
Prospect Park,Brooklyn,2,1380,278.66279069767444,308.5223451981767,0.9032175303823707,96,66
Long Island City/Queens Plaza,Queens,2,10786,248.71204774337934,308.5223451981767,0.8061394956129394,633,418
Inwood,Manhattan,2,25025,298.8695408510468,308.5223451981767,0.9687127869427755,857,415
East Williamsburg,Brooklyn,2,83654,376.5032295174298,308.5223451981767,1.2203434706668852,3499,2937
Flushing Meadows-Corona Park,Queens,2,2034,375.9945759368836,308.5223451981767,1.2186947940362851,54,24
TriBeCa/Civic Center,Manhattan,2,34706,245.6759652314534,308.5223451981767,0.7962987739952694,1243,957
Cypress Hills,Brooklyn,2,12528,314.0879763048351,308.5223451981767,1.0180396369769695,622,312
Yorkville East,Manhattan,2,5503,249.95594713656388,308.5223451981767,0.8101712923775645,313,193
Garment District,Manhattan,2,28529,265.61472868217055,308.5223451981767,0.8609254169630897,1547,1294
Manhattanville,Manhattan,2,7844,285.33888746475264,308.5223451981767,0.9248564711948745,433,237
Bushwick North,Brooklyn,2,97619,386.10639869502324,308.5223451981767,1.251469803417354,5302,4293
Co-Op City,Bronx,2,7491,382.9004988539841,308.5223451981767,1.2410786603091302,518,216
Washington Heights North,Manhattan,2,27234,293.2284535170787,308.5223451981767,0.9504285769924571,1022,453
Greenwich Village South,Manhattan,2,54753,338.76915339173695,308.5223451981767,1.0980376580961468,2197,1842
University Heights/Morris Heights,Bronx,2,16265,321.5251865096492,308.5223451981767,1.0421455415267253,614,217
East Chelsea,Manhattan,2,38860,275.6389097403774,308.5223451981767,0.8934163571307067,1872,1541
Downtown Brooklyn/MetroTech,Brooklyn,2,13869,273.56583242655057,308.5223451981767,0.886696982193714,844,614
College Point,Queens,2,5366,412.1839924670433,308.5223451981767,1.3359939689369353,406,106
West Concourse,Bronx,2,19744,292.14767076017455,308.5223451981767,0.9469254830554201,783,367
Grymes Hill/Clifton,Staten Island,2,1848,490.7616951018162,308.5223451981767,1.5906844438984786,115,17
West Village,Manhattan,2,68176,317.8613516925516,308.5223451981767,1.0302701137850356,2666,2285
Flushing,Queens,2,25932,317.0435777148839,308.5223451981767,1.0276194987148617,1366,486
Gravesend,Brooklyn,2,5364,337.9367396593674,308.5223451981767,1.0953395918285809,263,101
Laurelton,Queens,2,6725,377.4269512013132,308.5223451981767,1.2233374894089963,565,207
Hollis,Queens,2,3712,354.06677524429966,308.5223451981767,1.1476211715455096,385,168
Whitestone,Queens,2,3226,394.17046518888543,308.5223451981767,1.27760750987321,276,91
Kew Gardens Hills,Queens,2,3933,332.77270395074396,308.5223451981767,1.0786016284719677,204,93
Arrochar/Fort Wadsworth,Staten Island,2,1407,461.0682961897915,308.5223451981767,1.4944405271314407,76,15
Midtown South,Manhattan,2,58268,275.9919717460591,308.5223451981767,0.8945607215865613,2583,2101
Crown Heights South,Brooklyn,2,14847,266.2355013550135,308.5223451981767,0.8629375003097407,830,528
Flatlands,Brooklyn,2,15819,322.17982818962776,308.5223451981767,1.0442674030066712,1211,603
Maspeth,Queens,2,24596,380.7252608412129,308.5223451981767,1.2340281563614373,953,707
Bellerose,Queens,2,1617,411.71777221526906,308.5223451981767,1.3344828296012259,125,23
East Elmhurst,Queens,2,7868,319.74492272320856,308.5223451981767,1.036375250284783,287,120
Cobble Hill,Brooklyn,2,2396,238.85672392124005,308.5223451981767,0.7741958650282282,77,56
Hudson Sq,Manhattan,2,13499,269.2929420505201,308.5223451981767,0.8728474492748396,467,372
Corona,Queens,2,11103,298.28900325027087,308.5223451981767,0.9668311157775864,499,226
Soundview/Castle Hill,Bronx,2,12146,343.3755068266446,308.5223451981767,1.1129680302607587,751,274
Steinway,Queens,2,20322,275.319386194306,308.5223451981767,0.8923806994188928,869,465
Auburndale,Queens,2,2182,379.235757295044,308.5223451981767,1.2292002935847162,144,37
Springfield Gardens South,Queens,2,5378,379.09496996996995,308.5223451981767,1.2287439657781076,592,184
Bloomingdale,Manhattan,2,5678,256.87293992557153,308.5223451981767,0.8325910389426457,320,195
Rego Park,Queens,2,4781,303.3995798319328,308.5223451981767,0.9833958044012878,320,139
Bedford,Brooklyn,2,35776,249.7830331594008,308.5223451981767,0.8096108338569603,1710,1240
Washington Heights South,Manhattan,2,26192,266.2367774621939,308.5223451981767,0.862941636500199,1177,559
South Beach/Dongan Hills,Staten Island,2,1739,513.8245305164319,308.5223451981767,1.6654370048509162,55,8
Prospect Heights,Brooklyn,2,13057,242.45660029215037,308.5223451981767,0.785863987052252,569,412
DUMBO/Vinegar Hill,Brooklyn,2,9407,320.99829533347537,308.5223451981767,1.0404377521741086,525,391
Saint George/New Brighton,Staten Island,2,6424,530.8674301851271,308.5223451981767,1.720677411044989,358,66
Brownsville,Brooklyn,2,23476,314.851653758932,308.5223451981767,1.0205149113484462,1585,921
Middle Village,Queens,2,6422,326.5326035965598,308.5223451981767,1.058375863786509,351,167
Glendale,Queens,2,6451,330.4988290398126,308.5223451981767,1.071231417055123,370,197
Flatbush/Ditmas Park,Brooklyn,2,24028,267.7176726846228,308.5223451981767,0.8677415974932274,1814,988
Financial District South,Manhattan,2,13220,302.42208038902817,308.5223451981767,0.9802274781580891,550,383
Bloomfield/Emerson Hill,Staten Island,2,3550,528.4672201545949,308.5223451981767,1.7128977151238056,208,41
Gowanus,Brooklyn,2,8942,280.56610549943883,308.5223451981767,0.9093866615049214,383,263
Sunnyside,Queens,2,20277,276.47335811648077,308.5223451981767,0.8961210182001257,1106,653
UN/Turtle Bay South,Manhattan,2,10447,220.3209482341558,308.5223451981767,0.7141166650105505,496,366
East Flatbush/Remsen Village,Brooklyn,2,20603,310.42640460397973,308.5223451981767,1.0061715445750938,1326,760
Ocean Parkway South,Brooklyn,2,1890,295.6929217668973,308.5223451981767,0.9584165502727573,104,37
Woodside,Queens,2,24498,269.1026259816754,308.5223451981767,0.8722305861146608,944,514
Van Cortlandt Village,Bronx,2,12388,307.72312176165804,308.5223451981767,0.9974095119884905,485,201
South Williamsburg,Brooklyn,2,4358,298.83988957902,308.5223451981767,0.9686166795700413,206,138
Bensonhurst East,Brooklyn,2,9575,305.54376769053357,308.5223451981767,0.9903456668406632,429,141
Upper East Side South,Manhattan,2,13569,228.7463602098884,308.5223451981767,0.7414255847917761,826,569
Clinton West,Manhattan,2,20994,257.8004214761243,308.5223451981767,0.8355972443763462,1035,813
New Dorp/Midland Beach,Staten Island,2,1769,523.8596691386196,308.5223451981767,1.697963461291994,87,11
Borough Park,Brooklyn,2,9675,320.64256069724007,308.5223451981767,1.0392847250375918,575,140
Heartland Village/Todt Hill,Staten Island,2,1473,542.3839223839224,308.5223451981767,1.7580053141224719,85,12
Lincoln Square West,Manhattan,2,5732,250.43239436619717,308.5223451981767,0.8117155799698529,313,221
Gramercy,Manhattan,2,31912,240.24329592253764,308.5223451981767,0.7786901002850195,1491,1207
Lincoln Square East,Manhattan,2,13530,234.4580260707635,308.5223451981767,0.7599385578382059,732,548
Astoria,Queens,2,52625,244.1791241042842,308.5223451981767,0.7914471282377872,2411,1347
Hillcrest/Pomonok,Queens,2,5107,338.7215864246251,308.5223451981767,1.0978834813635627,346,108
Kew Gardens,Queens,2,5925,333.2316164012199,308.5223451981767,1.0800890813505628,333,129
Canarsie,Brooklyn,2,26474,323.5797486616804,308.5223451981767,1.0488049040786065,2309,1157
Jamaica,Queens,2,34445,324.05992956311667,308.5223451981767,1.050361293458208,2926,1481
Morningside Heights,Manhattan,2,12626,243.34398976982098,308.5223451981767,0.7887402438015018,639,364
Bay Ridge,Brooklyn,2,17585,298.9783539893769,308.5223451981767,0.9690654782146515,744,302
Union Sq,Manhattan,2,45233,305.34018997852223,308.5223451981767,0.98968581929581,2124,1801
Clinton Hill,Brooklyn,2,22160,239.57554901516866,308.5223451981767,0.776525761404022,1020,722
Douglaston,Queens,2,1079,503.8341232227488,308.5223451981767,1.633055534110877,79,16
Melrose South,Bronx,2,16851,284.7511608524824,308.5223451981767,0.9229514986007737,804,411
Central Park,Manhattan,2,1630,245.98275862068965,308.5223451981767,0.7972931700058377,94,71
Times Sq/Theatre District,Manhattan,2,54836,246.5031576234051,308.5223451981767,0.798979916560228,2334,1912
Lower East Side,Manhattan,2,124771,362.68759981701885,308.5223451981767,1.1755634736409435,5771,4906
Seaport,Manhattan,2,11815,294.6553216771346,308.5223451981767,0.9550534224283342,530,381
Sutton Place/Turtle Bay North,Manhattan,2,19052,212.8064652217476,308.5223451981767,0.6897602994851254,764,591
Carroll Gardens,Brooklyn,2,6081,276.81699669966997,308.5223451981767,0.8972348389283081,241,151
Springfield Gardens North,Queens,2,6582,348.7121629901961,308.5223451981767,1.1302655007571778,420,178
Schuylerville/Edgewater Park,Bronx,2,12988,367.5277541224743,308.5223451981767,1.191251654353904,631,244
Yorkville West,Manhattan,2,17974,221.99842837898518,308.5223451981767,0.7195538081249394,1201,756
Howard Beach,Queens,2,3768,415.645393858478,308.5223451981767,1.3472132580591258,274,109
Ridgewood,Queens,2,43378,310.61242747174,308.5223451981767,1.0067744923701416,2229,1583
Meatpacking/West Village West,Manhattan,2,29270,332.00564778367277,308.5223451981767,1.0761154028257232,949,791
Hunts Point,Bronx,2,12613,319.87491065046464,308.5223451981767,1.0367965744750052,660,260
Belmont,Bronx,2,10210,288.80009842519684,308.5223451981767,0.9360751430814146,419,180
Stuy Town/Peter Cooper Village,Manhattan,2,5388,296.6112054329372,308.5223451981767,0.9613929430051865,296,221
East Flatbush/Farragut,Brooklyn,2,17667,303.19495139007336,308.5223451981767,0.9827325511716782,1084,617
Upper West Side North,Manhattan,2,9217,242.7909530083443,308.5223451981767,0.7869477099053865,687,423
Kingsbridge Heights,Bronx,2,9778,288.1026955006662,308.5223451981767,0.9338146814474844,449,188
Murray Hill-Queens,Queens,2,7812,329.5621377978107,308.5223451981767,1.0681953606508445,435,127
Stuyvesant Heights,Brooklyn,2,45714,280.13867123197474,308.5223451981767,0.9080012374858296,2491,1902
Brooklyn Heights,Brooklyn,2,8475,283.8632701421801,308.5223451981767,0.9200736172280908,372,274
Eltingville/Annadale/Prince's Bay,Staten Island,2,2241,492.4464609800363,308.5223451981767,1.596145201942237,89,13
Midtown Center,Manhattan,2,34914,226.317556111159,308.5223451981767,0.7335532081664485,757,600
Manhattan Valley,Manhattan,2,5602,261.05784526391903,308.5223451981767,0.8461553898024169,375,225
Westerleigh,Staten Island,2,2975,427.1085481682497,308.5223451981767,1.3843682793669292,90,15
Mount Hope,Bronx,2,19811,291.03220424671383,308.5223451981767,0.9433099701733817,786,335
Midtown North,Manhattan,2,24026,216.43383829929695,308.5223451981767,0.7015175453832121,779,616
Brighton Beach,Brooklyn,2,4581,324.0223586146427,308.5223451981767,1.050239516384169,184,46
Van Cortlandt Park,Bronx,2,1979,347.60223236935565,308.5223451981767,1.1266679311220595,116,44
Greenwich Village North,Manhattan,2,22754,305.00281975591486,308.5223451981767,0.9885923159309543,1056,899
Highbridge,Bronx,2,13569,300.14255099024535,308.5223451981767,0.9728389390967819,590,263
Ozone Park,Queens,2,7572,342.09205632306055,308.5223451981767,1.1088080382097465,509,201
Bensonhurst West,Brooklyn,2,8575,304.5339896858884,308.5223451981767,0.9870727175053514,441,138
Queens Village,Queens,2,8299,370.9963556851312,308.5223451981767,1.2024942810765453,665,233
Roosevelt Island,Manhattan,2,1567,422.28423101881896,308.5223451981767,1.368731430935961,132,59
Oakland Gardens,Queens,2,1212,403.21123218776194,308.5223451981767,1.3069109530097816,101,17
Corona,Queens,2,1344,312.9344262295082,308.5223451981767,1.0143006855094965,70,25
Port Richmond,Staten Island,2,1950,507.08518327310276,308.5223451981767,1.6435930530327743,64,11
Central Harlem North,Manhattan,2,40000,292.80129736253235,308.5223451981767,0.9490440544086164,1906,1092
Greenpoint,Brooklyn,2,49237,311.9451600431394,308.5223451981767,1.011094220234726,1994,1523
Longwood,Bronx,2,7807,292.89559522280723,308.5223451981767,0.9493496979438174,356,157
Rockaway Park,Queens,2,4176,496.90190407327066,308.5223451981767,1.6105864350087509,90,18
Fordham South,Bronx,2,9043,289.81753685844143,308.5223451981767,0.9393729218293073,374,153
Rosedale,Queens,2,5231,419.94973035439136,308.5223451981767,1.3611647159126845,566,185
Bayside,Queens,2,10080,368.3517762961489,308.5223451981767,1.1939225214288491,401,116
Yorkville East,Manhattan,3,5594,258.34147302087433,323.40136914181517,0.7988261574353096,218,132
Hunts Point,Bronx,3,11820,336.15658029321514,323.40136914181517,1.0394408075180617,647,226
Central Harlem,Manhattan,3,16618,290.43112276757836,323.40136914181517,0.8980516178341256,874,509
Hamilton Heights,Manhattan,3,17022,288.46072097095583,323.40136914181517,0.8919588736943861,783,405
UN/Turtle Bay South,Manhattan,3,9489,233.87676791096683,323.40136914181517,0.7231780388920036,358,266
Hudson Sq,Manhattan,3,11259,268.45272810637323,323.40136914181517,0.8300915015256279,350,261
Sunset Park West,Brooklyn,3,21985,367.9055934389974,323.40136914181517,1.1376129742903676,1167,641
Red Hook,Brooklyn,3,4001,346.0247196738022,323.40136914181517,1.0699544055488104,305,151
Glendale,Queens,3,5854,348.911614830434,323.40136914181517,1.0788810689216108,243,128
Howard Beach,Queens,3,4403,409.4909133271202,323.40136914181517,1.2662003083467275,344,117
Marine Park/Mill Basin,Brooklyn,3,4722,387.2392122150918,323.40136914181517,1.1973950921812053,212,78
Rockaway Park,Queens,3,3185,527.8366187771467,323.40136914181517,1.6321409528284474,84,12
Alphabet City,Manhattan,3,14623,319.09951609509784,323.40136914181517,0.9866980988419041,925,703
Gramercy,Manhattan,3,22822,247.65576225045373,323.40136914181517,0.7657845200459058,1106,872
Bedford,Brooklyn,3,27310,275.2104906427684,323.40136914181517,0.8509874011142032,1379,989
Morrisania/Melrose,Bronx,3,12212,309.9474946254341,323.40136914181517,0.9583988325340658,510,219
Stuyvesant Heights,Brooklyn,3,39024,311.02313772705855,323.40136914181517,0.9617248639125934,2042,1543
University Heights/Morris Heights,Bronx,3,13563,339.73471964352024,323.40136914181517,1.0505048897753513,477,208
JFK Airport,Queens,3,33004,482.94427056428333,323.40136914181517,1.4933278478252416,471,163
Yorkville West,Manhattan,3,14259,233.74156305506216,323.40136914181517,0.722759967514435,831,488
Pelham Bay,Bronx,3,3371,374.012084592145,323.40136914181517,1.156495056235017,216,81
Greenwich Village North,Manhattan,3,15752,298.4198801459093,323.40136914181517,0.9227539170220668,744,594
North Corona,Queens,3,15398,333.6087864743129,323.40136914181517,1.0315626905340085,711,265
Union Sq,Manhattan,3,29705,320.83291130577607,323.40136914181517,0.9920579871295696,1531,1276
East Harlem South,Manhattan,3,15401,285.5277535989287,323.40136914181517,0.8828897489104988,883,481
Heartland Village/Todt Hill,Staten Island,3,1537,516.9920462762111,323.40136914181517,1.5986080938621636,61,10
DUMBO/Vinegar Hill,Brooklyn,3,4825,315.5097077021549,323.40136914181517,0.9755979343544471,293,201
South Jamaica,Queens,3,10699,374.7739595265368,323.40136914181517,1.1588508747537003,629,300
Cypress Hills,Brooklyn,3,12372,330.66098932442344,323.40136914181517,1.022447710106709,605,324
Flatiron,Manhattan,3,27198,285.3806859274485,323.40136914181517,0.882434996131095,1297,1057
Clinton Hill,Brooklyn,3,15725,259.97717952110065,323.40136914181517,0.8038839792514846,774,532
Corona,Queens,3,11912,305.80762711864406,323.40136914181517,0.9455978121865772,660,255
Starrett City,Brooklyn,3,3395,378.82928292829286,323.40136914181517,1.1713904734960225,265,140
Great Kills,Staten Island,3,2376,558.8497030607583,323.40136914181517,1.7280375297845334,99,13
Inwood,Manhattan,3,24478,371.01762622518737,323.40136914181517,1.1472357931252046,793,399
Claremont/Bathgate,Bronx,3,10947,314.0322847682119,323.40136914181517,0.9710295463545339,484,205
Melrose South,Bronx,3,13628,305.86617265653945,323.40136914181517,0.9457788427680207,689,336
Kingsbridge Heights,Bronx,3,8629,311.57027406886857,323.40136914181517,0.9634166821731712,346,142
New Dorp/Midland Beach,Staten Island,3,1544,542.5541218637993,323.40136914181517,1.6776494277174292,59,6
Williamsburg (North Side),Brooklyn,3,57862,366.26516079364524,323.40136914181517,1.132540538605555,2193,1741
Bushwick South,Brooklyn,3,90896,367.21581803795704,323.40136914181517,1.1354800971078411,4812,3815
Maspeth,Queens,3,29576,445.16316936912386,323.40136914181517,1.3765036633902274,1108,827
Parkchester,Bronx,3,5769,328.098111875772,323.40136914181517,1.014522952535483,280,104
Ocean Parkway South,Brooklyn,3,1442,309.4059120403749,323.40136914181517,0.9567241872272251,55,17
Middle Village,Queens,3,5893,355.4458486922942,323.40136914181517,1.0990857881508447,253,117
Brooklyn Navy Yard,Brooklyn,3,9192,543.1627500273254,323.40136914181517,1.679531386860463,228,165
Fordham South,Bronx,3,7870,300.93538500830033,323.40136914181517,0.9305321922627259,292,118
Steinway,Queens,3,18479,294.3201452704562,323.40136914181517,0.9100769921026323,813,423
Kew Gardens Hills,Queens,3,3943,348.7812087622064,323.40136914181517,1.0784778360330995,166,74
Greenwich Village South,Manhattan,3,32805,318.757250732008,323.40136914181517,0.9856397688663753,1554,1282
Rego Park,Queens,3,4416,324.52093023255816,323.40136914181517,1.0034618316357593,284,98
Midwood,Brooklyn,3,4847,298.9200258676439,323.40136914181517,0.9243004340422692,221,91
Midtown South,Manhattan,3,45697,282.3555712624547,323.40136914181517,0.8730809396748057,2030,1639
Flatbush/Ditmas Park,Brooklyn,3,21984,279.5966685382744,323.40136914181517,0.8645500459080249,1578,860
Baisley Park,Queens,3,11666,353.3638915694359,323.40136914181517,1.0926481001213135,760,319
Woodhaven,Queens,3,10886,355.4148361876396,323.40136914181517,1.0989898933661786,601,246
Oakland Gardens,Queens,3,1373,406.33280881195907,323.40136914181517,1.2564350296048918,66,21
Clinton East,Manhattan,3,54008,236.2054789197591,323.40136914181517,0.7303787227201883,3038,2329
Springfield Gardens South,Queens,3,6670,386.85414432357896,323.40136914181517,1.1962044111011139,547,189
East New York/Pennsylvania Avenue,Brooklyn,3,11207,329.80463606025074,323.40136914181517,1.0197997520400963,676,399
Jamaica,Queens,3,26413,331.0476099353209,323.40136914181517,1.0236431924014298,2085,978
Financial District North,Manhattan,3,15161,272.6786022433132,323.40136914181517,0.8431584658002501,664,440
East Village,Manhattan,3,92214,296.1249780161801,323.40136914181517,0.9156577747397412,5021,4138
Two Bridges/Seward Park,Manhattan,3,16597,345.882400098668,323.40136914181517,1.0695143345141331,1068,793
West Farms/Bronx River,Bronx,3,8649,312.8323039272812,323.40136914181517,0.9673190461667486,309,139
Bayside,Queens,3,7969,367.46290301696234,323.40136914181517,1.1362441166902595,414,109
Spuyten Duyvil/Kingsbridge,Bronx,3,7903,351.8297293797747,323.40136914181517,1.0879042668044283,325,126
East New York,Brooklyn,3,36461,345.4532196917287,323.40136914181517,1.0681872516756215,2556,1293
Kew Gardens,Queens,3,6233,351.51790724542,323.40136914181517,1.0869400713367896,294,124
College Point,Queens,3,6325,432.6591466405101,323.40136914181517,1.3378395638479321,486,132
South Ozone Park,Queens,3,33570,361.356472511504,323.40136914181517,1.1173622222763229,2016,799
Forest Hills,Queens,3,13999,348.8837398976792,323.40136914181517,1.078794875926112,693,255
Long Island City/Queens Plaza,Queens,3,10081,267.16553428042,323.40136914181517,0.8261113272011686,438,270
Whitestone,Queens,3,3041,401.1363321799308,323.40136914181517,1.240366833462687,181,41
World Trade Center,Manhattan,3,6754,285.7395884773663,323.40136914181517,0.8835447704986872,321,225
Midtown Center,Manhattan,3,22143,234.8461647258498,323.40136914181517,0.7261755426362067,521,382
Times Sq/Theatre District,Manhattan,3,45306,253.86015334908618,323.40136914181517,0.7849693216288322,1843,1465
Sunnyside,Queens,3,19323,299.05290308996155,323.40136914181517,0.9247113080675409,913,476
Erasmus,Brooklyn,3,10355,288.6187456653126,323.40136914181517,0.8924475070442575,787,520
Canarsie,Brooklyn,3,25552,354.66194949855316,323.40136914181517,1.0966618676961442,2188,1103
Boerum Hill,Brooklyn,3,22588,307.8225299503485,323.40136914181517,0.9518281594391297,880,621
Washington Heights North,Manhattan,3,21601,330.28870035074414,323.40136914181517,1.0212965431383465,924,412
Lower East Side,Manhattan,3,89463,345.06833785004517,323.40136914181517,1.0669971458863206,4684,3911
Crown Heights South,Brooklyn,3,10805,299.3075446342868,323.40136914181517,0.9254986935538824,652,443
Gowanus,Brooklyn,3,6820,305.3031268973892,323.40136914181517,0.9440378304753259,299,202
Bloomingdale,Manhattan,3,4744,279.31861548702017,323.40136914181517,0.8636902689318418,212,125
Upper East Side North,Manhattan,3,6208,245.89497478699357,323.40136914181517,0.7603399312733454,294,178
Westerleigh,Staten Island,3,2335,441.5423956931359,323.40136914181517,1.365307750133595,82,5
Murray Hill-Queens,Queens,3,7184,332.0471738206545,323.40136914181517,1.026733976735417,338,79
Elmhurst,Queens,3,31499,303.6116396373388,323.40136914181517,0.938807527138828,1785,784
Soundview/Castle Hill,Bronx,3,11683,379.2945271034543,323.40136914181517,1.1728290702972546,724,234
Cobble Hill,Brooklyn,3,1552,244.44253269098417,323.40136914181517,0.7558487873432389,46,26
Morningside Heights,Manhattan,3,10349,259.93534878970485,323.40136914181517,0.8037546330724414,474,241
Park Slope,Brooklyn,3,21748,257.13968724594713,323.40136914181517,0.7951100761518065,1126,695
Garment District,Manhattan,3,22597,275.4193023255814,323.40136914181517,0.8516330745798634,1250,994
Auburndale,Queens,3,2491,376.6079931972789,323.40136914181517,1.164521950530556,130,33
Little Italy/NoLiTa,Manhattan,3,35351,298.1769556751804,323.40136914181517,0.9220027622839977,1519,1224
Dyker Heights,Brooklyn,3,3682,319.98800892359174,323.40136914181517,0.9894454367114116,188,72
Bath Beach,Brooklyn,3,2424,329.59415996614473,323.40136914181517,1.0191489319935871,216,86
Fresh Meadows,Queens,3,1622,397.53756476683935,323.40136914181517,1.229238966494649,97,28
Queens Village,Queens,3,8288,394.36118363794606,323.40136914181517,1.2194171740349504,600,222
Pelham Parkway,Bronx,3,7138,360.70488292404343,323.40136914181517,1.1153474207026943,328,125
West Concourse,Bronx,3,15861,300.1966598933198,323.40136914181517,0.928247956061312,709,299
Prospect Heights,Brooklyn,3,8439,263.7053152039555,323.40136914181517,0.8154118700973022,308,211
Longwood,Bronx,3,6678,305.5292251925691,323.40136914181517,0.9447369564430973,261,110
Charleston/Tottenville,Staten Island,3,1564,600.8217481073641,323.40136914181517,1.8578206694106387,42,3
West Village,Manhattan,3,45518,301.2144254713625,323.40136914181517,0.9313950224474052,1993,1627
Allerton/Pelham Gardens,Bronx,3,4295,357.6599286563615,323.40136914181517,1.1059320175590337,182,75
Homecrest,Brooklyn,3,6116,303.2732577525842,323.40136914181517,0.9377612053942648,287,85
Hammels/Arverne,Queens,3,4834,547.5517906926871,323.40136914181517,1.6931028837190216,446,113
Washington Heights South,Manhattan,3,22091,282.36641256856,323.40136914181517,0.8731144624336428,908,395
Van Cortlandt Village,Bronx,3,10299,316.6958742632613,323.40136914181517,0.9792657189536714,411,177
Manhattan Valley,Manhattan,3,5946,268.05565760470245,323.40136914181517,0.8288637067802795,297,162
Norwood,Bronx,3,9849,298.62899917965547,323.40136914181517,0.9234005408576463,458,196
East Concourse/Concourse Village,Bronx,3,14757,316.7417695473251,323.40136914181517,0.9794076332695741,590,262
Flushing,Queens,3,22816,326.31113801452784,323.40136914181517,1.0089973919418898,1102,368
Bensonhurst East,Brooklyn,3,9028,323.5830258302583,323.40136914181517,1.0005617066152972,382,105
Roosevelt Island,Manhattan,3,1799,440.6896984924623,323.40136914181517,1.3626710971010605,132,45
Van Nest/Morris Park,Bronx,3,10090,362.85109796450416,323.40136914181517,1.1219838027506612,414,149
Corona,Queens,3,1632,325.2714373843307,323.40136914181517,1.0057824994602773,56,19
Bellerose,Queens,3,1881,406.64209938581797,323.40136914181517,1.2573913971511381,134,31
East Elmhurst,Queens,3,8853,312.8299515794328,323.40136914181517,0.967311772394672,336,126
Eltingville/Annadale/Prince's Bay,Staten Island,3,1976,521.5808580858086,323.40136914181517,1.6127973096399895,75,15
Bedford Park,Bronx,3,13208,300.75015295197306,323.40136914181517,0.929959430134913,579,239
Old Astoria,Queens,3,10745,277.3076483474617,323.40136914181517,0.8574720913622945,514,287
Saint Albans,Queens,3,15062,408.35148548507715,323.40136914181517,1.262677046076482,1267,616
Ocean Hill,Brooklyn,3,16577,318.76367199461083,323.40136914181517,0.9856596242634623,1254,789
Queensboro Hill,Queens,3,3685,325.72026431718064,323.40136914181517,1.0071703319671124,149,54
Upper West Side North,Manhattan,3,8471,251.55717092337918,323.40136914181517,0.7778481939978075,528,305
Brownsville,Brooklyn,3,20295,351.999651758619,323.40136914181517,1.0884296893754435,1470,860
Riverdale/North Riverdale/Fieldston,Bronx,3,2496,415.2229934924078,323.40136914181517,1.28392466177324,128,42
Flushing Meadows-Corona Park,Queens,3,1073,336.81495327102806,323.40136914181517,1.0414765842358908,47,22
Sutton Place/Turtle Bay North,Manhattan,3,14341,223.51004896587006,323.40136914181517,0.6911227666072692,536,396
Battery Park City,Manhattan,3,7968,255.93885550039195,323.40136914181517,0.7913969448538725,70,42
Queensbridge/Ravenswood,Queens,3,5001,284.08645968089695,323.40136914181517,0.8784330766278291,289,137
Ridgewood,Queens,3,37320,350.00233848161844,323.40136914181517,1.0822537313629568,2003,1412
Highbridge,Bronx,3,12320,306.2391108931928,323.40136914181517,0.9469320173437592,494,216
SoHo,Manhattan,3,15267,255.66617930484483,323.40136914181517,0.7905537938298965,641,495
East Flatbush/Remsen Village,Brooklyn,3,19776,354.45502564102566,323.40136914181517,1.0960220316370803,1280,729
Mott Haven/Port Morris,Bronx,3,23592,312.01109104978076,323.40136914181517,0.9647797468444247,1012,555
Midtown North,Manhattan,3,15628,235.77256968520317,323.40136914181517,0.7290401098512796,555,433
Laurelton,Queens,3,6808,409.67137490608565,323.40136914181517,1.2667583195247392,705,314
Lenox Hill East,Manhattan,3,8874,252.4062277157119,323.40136914181517,0.7804735904040929,499,315
Ozone Park,Queens,3,5668,356.66350626118066,323.40136914181517,1.1028509471299723,399,166
Downtown Brooklyn/MetroTech,Brooklyn,3,10759,282.54508801258726,323.40136914181517,0.8736669506451225,576,412
Belmont,Bronx,3,7659,308.1451419432227,323.40136914181517,0.9528257185828349,308,134
Crotona Park East,Bronx,3,6301,329.3632581212994,323.40136914181517,1.0184349528120578,320,130
South Beach/Dongan Hills,Staten Island,3,1632,531.4400260756192,323.40136914181517,1.643283166938532,53,6
Carroll Gardens,Brooklyn,3,4142,285.081136421807,323.40136914181517,0.8815087492619603,153,78
East Tremont,Bronx,3,14853,325.08465034253544,323.40136914181517,1.0052049291108045,695,261
Kensington,Brooklyn,3,4879,266.8576906689391,323.40136914181517,0.8251594338548361,196,86
Bay Ridge,Brooklyn,3,14401,311.7391583452211,323.40136914181517,0.963938894793361,637,225
Cambria Heights,Queens,3,3510,428.86678403755866,323.40136914181517,1.3261130748320848,335,111
Hillcrest/Pomonok,Queens,3,5127,373.814308681672,323.40136914181517,1.1558835068436282,275,97
Williamsbridge/Olinville,Bronx,3,11851,364.8550786961383,323.40136914181517,1.128180377418703,748,302
Bronxdale,Bronx,3,6912,328.7671353251318,323.40136914181517,1.0165916619263404,308,125
Woodside,Queens,3,23826,295.52354734880566,323.40136914181517,0.9137980712110567,923,496
Soundview/Bruckner,Bronx,3,10447,324.8033323702206,323.40136914181517,1.0043350565649294,670,242
Meatpacking/West Village West,Manhattan,3,15400,327.11694242223695,323.40136914181517,1.011489046228473,600,476
Lincoln Square East,Manhattan,3,9718,241.87333634107827,323.40136914181517,0.7479044908898146,428,300
Flatlands,Brooklyn,3,15761,357.78335827207076,323.40136914181517,1.1063136783294776,1089,566
Stuy Town/Peter Cooper Village,Manhattan,3,5585,301.7088534664874,323.40136914181517,0.9329238594972821,284,206
West Brighton,Staten Island,3,2344,491.1794532627866,323.40136914181517,1.5187921268428484,80,8
Clinton West,Manhattan,3,20122,280.2742531567601,323.40136914181517,0.8666452275712434,1027,786
Rosedale,Queens,3,5796,454.0405357772295,323.40136914181517,1.4039536597574749,678,267
Mariners Harbor,Staten Island,3,3116,455.6301460823373,323.40136914181517,1.408868946014073,162,17
Elmhurst/Maspeth,Queens,3,11775,332.5383694071349,323.40136914181517,1.0282528187483122,448,246
Co-Op City,Bronx,3,6700,424.96664092664093,323.40136914181517,1.3140533141660518,496,195
Chinatown,Manhattan,3,10308,293.67069306930694,323.40136914181517,0.9080687996114482,603,448
Astoria,Queens,3,46989,273.62405495312566,323.40136914181517,0.8460819311903977,2288,1249
Bensonhurst West,Brooklyn,3,6877,300.2242962962963,323.40136914181517,0.9283334114910458,329,106
Schuylerville/Edgewater Park,Bronx,3,10776,389.2881468797565,323.40136914181517,1.2037306703826884,545,159
West Chelsea/Hudson Yards,Manhattan,3,28167,293.75740413405,323.40136914181517,0.9083369217439337,1269,978
Manhattan Beach,Brooklyn,3,2222,342.83036122542296,323.40136914181517,1.0600770248288218,85,24
Borough Park,Brooklyn,3,7446,324.78103188723145,323.40136914181517,1.0042661005087188,392,117
South Williamsburg,Brooklyn,3,3723,320.2001090512541,323.40136914181517,0.9901012784854437,163,106
Gravesend,Brooklyn,3,4662,334.11380880121396,323.40136914181517,1.0331242866652839,160,56
Marble Hill,Manhattan,3,1506,360.12964213369344,323.40136914181517,1.1135686997533165,68,22
Manhattanville,Manhattan,3,6142,292.7760215234572,323.40136914181517,0.9053023563269814,306,175
Saint George/New Brighton,Staten Island,3,5579,521.4735294117647,323.40136914181517,1.6124654351203216,259,43
Greenpoint,Brooklyn,3,34944,313.78526677739893,323.40136914181517,0.9702657339085059,1279,928
Windsor Terrace,Brooklyn,3,2747,276.4324644549763,323.40136914181517,0.8547659064911303,112,52
Springfield Gardens North,Queens,3,7617,384.7832261521972,323.40136914181517,1.1898008569761662,546,191
Jamaica Estates,Queens,3,3589,364.34006345543696,323.40136914181517,1.1265878818703137,218,97
Arrochar/Fort Wadsworth,Staten Island,3,1151,459.94166666666666,323.40136914181517,1.4222007404828798,68,12
Stapleton,Staten Island,3,3342,482.38988278840225,323.40136914181517,1.4916136071671013,174,31
Sheepshead Bay,Brooklyn,3,7649,324.07007727151614,323.40136914181517,1.0020677343805793,374,104
East Flatbush/Farragut,Brooklyn,3,17046,338.4336557983996,323.40136914181517,1.0464818275088767,1040,589
Port Richmond,Staten Island,3,1730,484.4600238663484,323.40136914181517,1.4980147584159027,67,7
Long Island City/Hunters Point,Queens,3,28902,278.7723741619666,323.40136914181517,0.8620012181819853,1465,941
East Williamsburg,Brooklyn,3,71066,413.6524619058449,323.40136914181517,1.2790683694491523,2961,2438
Glen Oaks,Queens,3,1549,508.8790601243953,323.40136914181517,1.5735216628017616,73,21
LaGuardia Airport,Queens,3,6643,422.2892349561536,323.40136914181517,1.3057744191892242,121,59
Richmond Hill,Queens,3,19753,377.850629812841,323.40136914181517,1.1683643480406827,869,412
Briarwood/Jamaica Hills,Queens,3,7703,332.7673038892551,323.40136914181517,1.0289607145829147,414,178
Jackson Heights,Queens,3,44862,316.12391568160365,323.40136914181517,0.9774971470296396,2013,939
Bloomfield/Emerson Hill,Staten Island,3,3770,538.6115007012622,323.40136914181517,1.6654583192722199,267,47
Sunset Park East,Brooklyn,3,8798,322.5890871177016,323.40136914181517,0.9974883160628878,626,259
East Harlem North,Manhattan,3,21163,294.63939642288966,323.40136914181517,0.9110641590811787,1245,660
Grymes Hill/Clifton,Staten Island,3,1950,489.18250134192164,323.40136914181517,1.5126172861915423,140,18
Far Rockaway,Queens,3,5478,517.9194540561323,323.40136914181517,1.6014757619316655,484,127
Midtown East,Manhattan,3,15942,223.85319679310112,323.40136914181517,0.6921838252791656,538,411
Brighton Beach,Brooklyn,3,3676,326.92222529753667,323.40136914181517,1.010886955009079,140,42
East Chelsea,Manhattan,3,32631,282.68969642106623,323.40136914181517,0.8741140990565924,1440,1149
Williamsburg (South Side),Brooklyn,3,45909,339.33961099104664,323.40136914181517,1.0492831613283689,2038,1587
Upper West Side South,Manhattan,3,9534,246.4898149225934,323.40136914181517,0.762179256002175,409,252
TriBeCa/Civic Center,Manhattan,3,25287,242.35137767317292,323.40136914181517,0.7493826582004948,915,667
Madison,Brooklyn,3,5323,302.8594532152484,323.40136914181517,0.9364816667873818,255,83
Lincoln Square West,Manhattan,3,5598,258.2788821098209,323.40136914181517,0.7986326180225993,217,142
Van Cortlandt Park,Bronx,3,1584,379.584126984127,323.40136914181517,1.1737245516040937,76,28
Prospect-Lefferts Gardens,Brooklyn,3,22112,294.8470703672554,323.40136914181517,0.9117063145084016,1369,857
Upper East Side South,Manhattan,3,8435,230.43918417799753,323.40136914181517,0.7125485732775217,407,249
Penn Station/Madison Sq West,Manhattan,3,19096,276.28486893042805,323.40136914181517,0.8543095215199105,970,811
Bushwick North,Brooklyn,3,78327,427.8204212182571,323.40136914181517,1.3228775819766334,4443,3585
Brooklyn Heights,Brooklyn,3,5361,283.4255446731961,323.40136914181517,0.8763894396158564,222,159
Crown Heights North,Brooklyn,3,49793,295.6075651095494,323.40136914181517,0.9140578652897481,3000,2006
Douglaston,Queens,3,1200,465.01114206128136,323.40136914181517,1.4378762319258107,53,10
Financial District South,Manhattan,3,7226,287.0690358287212,323.40136914181517,0.8876555983374276,359,233
Murray Hill,Manhattan,3,18237,237.8193894197157,323.40136914181517,0.7353691484077459,800,651
Seaport,Manhattan,3,8571,289.1502590673575,323.40136914181517,0.8940910170994417,390,282
Coney Island,Brooklyn,3,6948,371.39973730297726,323.40136914181517,1.1484173313444268,458,155
Woodlawn/Wakefield,Bronx,3,8259,403.9531967721912,323.40136914181517,1.2490769530262968,459,196
Mount Hope,Bronx,3,15437,303.9753408571988,323.40136914181517,0.9399321396314254,581,248
Westchester Village/Unionport,Bronx,3,7789,337.0838626053143,323.40136914181517,1.0423080876243886,368,143
East Flushing,Queens,3,3333,367.25152625152623,323.40136914181517,1.1355905116483358,378,111
Hollis,Queens,3,3571,389.0465182648402,323.40136914181517,1.2029835226029575,306,135
Central Harlem North,Manhattan,3,34782,302.7536730136342,323.40136914181517,0.9361545803501942,1680,932
Kips Bay,Manhattan,3,17334,245.33989501312337,323.40136914181517,0.7586235508654852,905,675
Lenox Hill West,Manhattan,3,13673,228.89177122623354,323.40136914181517,0.7077637668437388,737,477
Fort Greene,Brooklyn,3,14656,294.8909193140287,323.40136914181517,0.9118419012775288,775,542
Eastchester,Bronx,3,7123,389.80017251293845,323.40136914181517,1.2053139216674331,396,147
Central Park,Manhattan,3,1223,251.58490566037736,323.40136914181517,0.7779339534894008,64,44
Crotona Park East,Bronx,4,7062,369.08302318923563,356.6116458622855,1.0349718733856668,385,181
West Farms/Bronx River,Bronx,4,11121,344.4045550169212,356.6116458622855,0.9657692310753128,439,168
Upper West Side North,Manhattan,4,14613,283.97937978252116,356.6116458622855,0.7963267130434291,518,278
Westchester Village/Unionport,Bronx,4,10084,354.2516815580765,356.6116458622855,0.9933822567726227,592,190
Kensington,Brooklyn,4,5854,283.42402890695575,356.6116458622855,0.794769414278767,235,114
East Harlem North,Manhattan,4,25590,364.6061524779691,356.6116458622855,1.0224179628131687,1341,767
Central Park,Manhattan,4,1618,304.3160800552105,356.6116458622855,0.8533542961542252,48,31
Lincoln Square East,Manhattan,4,14435,290.7379304795623,356.6116458622855,0.8152788442356086,274,182
Auburndale,Queens,4,3294,396.3696303696304,356.6116458622855,1.1114881832061603,117,35
Mott Haven/Port Morris,Bronx,4,27655,369.68234256741863,356.6116458622855,1.0366524673458946,1476,892
East Harlem South,Manhattan,4,20506,348.62531321912553,356.6116458622855,0.9776049584027211,832,482
Ocean Hill,Brooklyn,4,17527,376.840081919251,356.6116458622855,1.0567239917475304,1275,817
Highbridge,Bronx,4,15007,350.329745728508,356.6116458622855,0.9823844784468888,671,368
Queens Village,Queens,4,9831,407.0323461457677,356.6116458622855,1.1413882605027246,735,363
Brooklyn Heights,Brooklyn,4,9268,290.44972208185953,356.6116458622855,0.8144706586335768,147,81
Brooklyn Navy Yard,Brooklyn,4,10617,601.995643939394,356.6116458622855,1.6880986667829396,274,201
Middle Village,Queens,4,8109,373.2600967193831,356.6116458622855,1.0466851014269085,289,142
Oakwood,Staten Island,4,1209,521.5769230769231,356.6116458622855,1.4625908299089678,13,3
Little Italy/NoLiTa,Manhattan,4,25362,328.3727999337392,356.6116458622855,0.9208134499918955,893,706
Penn Station/Madison Sq West,Manhattan,4,17780,299.188975880793,356.6116458622855,0.8389770198260219,646,493
LaGuardia Airport,Queens,4,4187,270.4211787254432,356.6116458622855,0.7583072001800892,52,7
Oakland Gardens,Queens,4,2313,427.1186693147964,356.6116458622855,1.197713743425359,131,41
Rosedale,Queens,4,7194,455.6228728006922,356.6116458622855,1.2776444013739314,583,217
Bushwick South,Brooklyn,4,75578,408.8072126956498,356.6116458622855,1.1463652896336451,3804,2835
Astoria,Queens,4,56180,317.6539929536113,356.6116458622855,0.8907560833733437,2401,1316
Ozone Park,Queens,4,7651,347.86605844241706,356.6116458622855,0.9754758782520362,368,138
Pelham Parkway,Bronx,4,8749,366.20464510013034,356.6116458622855,1.02690040930842,435,200
Van Nest/Morris Park,Bronx,4,10454,366.8524924691478,356.6116458622855,1.028717084048391,356,132
Garment District,Manhattan,4,17844,309.8584899689893,356.6116458622855,0.8688961607514324,784,612
Madison,Brooklyn,4,5949,297.5337991266376,356.6116458622855,0.8343356213373292,255,100
Longwood,Bronx,4,8866,354.14676702018477,356.6116458622855,0.9930880584784586,335,173
Hammels/Arverne,Queens,4,5182,587.8401061874617,356.6116458622855,1.6484041197422667,470,133
Downtown Brooklyn/MetroTech,Brooklyn,4,12338,324.806401177228,356.6116458622855,0.9108126583803718,448,307
Allerton/Pelham Gardens,Bronx,4,5879,380.1334031779291,356.6116458622855,1.0659590273861306,325,132
Glen Oaks,Queens,4,2435,478.36813186813185,356.6116458622855,1.341425994968391,94,33
Eltingville/Annadale/Prince's Bay,Staten Island,4,1735,523.2699346405228,356.6116458622855,1.467338323669319,92,11
Douglaston,Queens,4,2085,500.6341463414634,356.6116458622855,1.4038637048179738,63,12
Hunts Point,Bronx,4,15309,361.79370306942434,356.6116458622855,1.0145313740234383,841,323
Jackson Heights,Queens,4,63882,372.96337274641087,356.6116458622855,1.0458530366965075,2958,1488
Manhattanville,Manhattan,4,7249,353.6728110599078,356.6116458622855,0.9917590049666729,338,181
Springfield Gardens South,Queens,4,9491,361.6811547194291,356.6116458622855,1.014215769215516,562,221
Bay Terrace/Fort Totten,Queens,4,2197,432.413390010627,356.6116458622855,1.212561045125302,75,24
Greenpoint,Brooklyn,4,33955,345.15620978625907,356.6116458622855,0.9678769995064876,928,594
Washington Heights South,Manhattan,4,26310,312.9928656361474,356.6116458622855,0.877685485787577,1039,601
Kew Gardens,Queens,4,12357,356.57372881355934,356.6116458622855,0.9998936741153406,435,211
Kips Bay,Manhattan,4,17351,306.51349161837106,356.6116458622855,0.8595162137154065,691,490
Brighton Beach,Brooklyn,4,4695,304.4191996501203,356.6116458622855,0.8536434611215119,172,60
Flatlands,Brooklyn,4,20303,383.83085615392446,356.6116458622855,1.0763273174262804,1659,919
Prospect Heights,Brooklyn,4,10119,327.45974382433667,356.6116458622855,0.9182530846196577,250,168
Gowanus,Brooklyn,4,6214,329.3076385247334,356.6116458622855,0.9234348971651469,220,131
Bloomingdale,Manhattan,4,5573,320.40867489056905,356.6116458622855,0.8984806823002714,181,103
Riverdale/North Riverdale/Fieldston,Bronx,4,4430,368.70477386934675,356.6116458622855,1.0339111976498134,168,79
Richmond Hill,Queens,4,24803,405.13158323158325,356.6116458622855,1.1360581964505863,1344,610
Howard Beach,Queens,4,6832,395.89815532475586,356.6116458622855,1.110166086605152,356,116
Upper West Side South,Manhattan,4,14596,289.4971937933311,356.6116458622855,0.8117996065252666,375,210
Columbia Street,Brooklyn,4,1410,289.6904955320877,356.6116458622855,0.8123416576360463,38,23
Great Kills,Staten Island,4,3314,606.0171844018506,356.6116458622855,1.6993757535217435,123,5
Upper East Side North,Manhattan,4,11796,291.20775595653475,356.6116458622855,0.8165963151663082,254,122
DUMBO/Vinegar Hill,Brooklyn,4,5886,334.9271908425596,356.6116458622855,0.9391930822469552,222,149
Springfield Gardens North,Queens,4,11177,358.6013587954462,356.6116458622855,1.0055794951069237,666,256
Soundview/Bruckner,Bronx,4,11431,359.1878745153331,356.6116458622855,1.0072241854211414,795,438
Lincoln Square West,Manhattan,4,11753,292.9928811548349,356.6116458622855,0.8216021113005979,289,173
Woodhaven,Queens,4,17967,383.74023778666816,356.6116458622855,1.0760732080377964,992,421
College Point,Queens,4,7514,418.00169515468286,356.6116458622855,1.172148189787679,334,89
Manhattan Beach,Brooklyn,4,2130,334.8712967459932,356.6116458622855,0.9390363456478708,77,29
Bensonhurst East,Brooklyn,4,10138,308.009918200409,356.6116458622855,0.8637124495910454,413,131
Murray Hill,Manhattan,4,22006,292.47973604904917,356.6116458622855,0.8201631647273727,564,409
Bushwick North,Brooklyn,4,63111,454.56409088691186,356.6116458622855,1.2746753959416488,3558,2703
Williamsburg (South Side),Brooklyn,4,37264,372.74198275376204,356.6116458622855,1.045232221321526,1302,969
Woodside,Queens,4,30268,328.13233767538424,356.6116458622855,0.9201391527244198,1246,681
Alphabet City,Manhattan,4,13862,366.4707181478943,356.6116458622855,1.0276465236062877,649,435
Fresh Meadows,Queens,4,2163,435.55809334657397,356.6116458622855,1.2213793307097311,126,50
Washington Heights North,Manhattan,4,22795,364.2257709251101,356.6116458622855,1.021351307931668,915,487
Greenwich Village South,Manhattan,4,17804,351.2957962384293,356.6116458622855,0.9850934491749351,946,762
Prospect-Lefferts Gardens,Brooklyn,4,26544,362.4325462053482,356.6116458622855,1.0163227993549897,1747,1238
West Concourse,Bronx,4,16883,344.09952038369306,356.6116458622855,0.9649138618332607,800,410
Pelham Bay,Bronx,4,4239,366.25120889748547,356.6116458622855,1.0270309821539663,199,78
Roosevelt Island,Manhattan,4,3253,460.4196779964222,356.6116458622855,1.2910954629177331,139,60
Cambria Heights,Queens,4,5114,434.37008196721314,356.6116458622855,1.2180479437706193,449,216
Central Harlem,Manhattan,4,19976,362.12388140161727,356.6116458622855,1.0154572504944508,734,393
Corona,Queens,4,1755,381.7300402067777,356.6116458622855,1.070436270480612,94,39
Sutton Place/Turtle Bay North,Manhattan,4,17411,269.4546279491833,356.6116458622855,0.7555968266197339,407,273
Glendale,Queens,4,7785,384.78531458987305,356.6116458622855,1.0790037819978193,356,185
Crown Heights South,Brooklyn,4,11917,375.65089560340147,356.6116458622855,1.0533893100857072,603,427
Stuy Town/Peter Cooper Village,Manhattan,4,7663,352.8079399141631,356.6116458622855,0.9893337584673516,264,175
Soundview/Castle Hill,Bronx,4,15961,392.30808917197453,356.6116458622855,1.1000989275697242,1000,370
Homecrest,Brooklyn,4,6896,293.6813153961136,356.6116458622855,0.8235325985666939,286,96
Bayside,Queens,4,7025,406.7189353612167,356.6116458622855,1.1405094031008773,285,87
Coney Island,Brooklyn,4,8782,359.36953472059855,356.6116458622855,1.0077335916824715,573,169
Clinton Hill,Brooklyn,4,17750,342.3716382926228,356.6116458622855,0.960068585154502,516,354
Ocean Parkway South,Brooklyn,4,2046,291.69891919711785,356.6116458622855,0.8179736208327999,50,21
Jamaica Estates,Queens,4,5479,406.83161512027493,356.6116458622855,1.1408253764022702,195,89
UN/Turtle Bay South,Manhattan,4,15083,282.079094292804,356.6116458622855,0.7909979877710888,312,205
Marble Hill,Manhattan,4,1688,358.30437424058323,356.6116458622855,1.0047466996603678,101,59
Rego Park,Queens,4,6638,346.1382203926536,356.6116458622855,0.9706307250726284,345,150
Ridgewood,Queens,4,38592,393.325416245545,356.6116458622855,1.1029516865454176,1796,1214
Grymes Hill/Clifton,Staten Island,4,2904,509.70735349010823,356.6116458622855,1.4293065282757043,314,48
Hudson Sq,Manhattan,4,9910,293.2746533555186,356.6116458622855,0.8223922487062408,240,164
TriBeCa/Civic Center,Manhattan,4,27897,282.236481001894,356.6116458622855,0.7914393270007976,728,519
Sheepshead Bay,Brooklyn,4,8536,316.77997093727294,356.6116458622855,0.8883051762689922,386,105
Schuylerville/Edgewater Park,Bronx,4,12194,398.2957542755041,356.6116458622855,1.116889363813194,715,252
Midwood,Brooklyn,4,6664,288.8310618066561,356.6116458622855,0.8099316585925392,248,119
Stuyvesant Heights,Brooklyn,4,35903,380.1053684365348,356.6116458622855,1.0658804131801178,1833,1360
East Flushing,Queens,4,4005,377.16,356.6116458622855,1.057621096720015,190,66
Greenwich Village North,Manhattan,4,14802,327.53544831694967,356.6116458622855,0.9184653729548576,427,341
Chinatown,Manhattan,4,8633,347.4368720493887,356.6116458622855,0.9742723662579436,442,334
Bath Beach,Brooklyn,4,3584,289.85453491741526,356.6116458622855,0.8128016521068687,149,51
Erasmus,Brooklyn,4,12460,336.13012566137564,356.6116458622855,0.9425663170607185,982,681
Inwood,Manhattan,4,28833,444.01048865191007,356.6116458622855,1.245081291661955,950,513
Midtown East,Manhattan,4,16205,258.89083065223747,356.6116458622855,0.7259741336440106,369,254
Dyker Heights,Brooklyn,4,5567,318.88762579202387,356.6116458622855,0.8942154006803532,421,184
Charleston/Tottenville,Staten Island,4,1551,575.4687953555878,356.6116458622855,1.6137128499101776,36,2
Arrochar/Fort Wadsworth,Staten Island,4,1574,455.4092454112848,356.6116458622855,1.2770453536650692,62,14
Sunset Park West,Brooklyn,4,24405,387.1724065782316,356.6116458622855,1.0856975958876784,1147,633
Financial District South,Manhattan,4,6383,331.95704015430476,356.6116458622855,0.9308642721177375,252,153
Whitestone,Queens,4,4521,405.9019230769231,356.6116458622855,1.138218361028154,253,82
Two Bridges/Seward Park,Manhattan,4,18171,380.26798863570474,356.6116458622855,1.0663364280104153,898,605
Windsor Terrace,Brooklyn,4,4247,294.2356774368721,356.6116458622855,0.8250871244695652,111,70
Sunset Park East,Brooklyn,4,10728,338.5365012454493,356.6116458622855,0.9493142054485333,702,284
Manhattan Valley,Manhattan,4,9611,315.9199011997177,356.6116458622855,0.8858933937387957,289,172
Spuyten Duyvil/Kingsbridge,Bronx,4,8442,345.8347478781827,356.6116458622855,0.9697797362785383,326,149
Long Island City/Queens Plaza,Queens,4,12279,318.7447834473084,356.6116458622855,0.8938148463339856,475,296
Flushing,Queens,4,27472,353.4344676676979,356.6116458622855,0.9910906493619825,1214,383
Eastchester,Bronx,4,8151,415.07424071991,356.6116458622855,1.1639391072500231,623,256
Yorkville East,Manhattan,4,10718,293.329338659565,356.6116458622855,0.8225455956445165,219,121
Canarsie,Brooklyn,4,29585,386.54262975778545,356.6116458622855,1.083931594054162,2622,1513
Kingsbridge Heights,Bronx,4,9523,353.0832803560076,356.6116458622855,0.9901058601220206,287,131
Mount Hope,Bronx,4,16309,336.0073552135484,356.6116458622855,0.9422220477435166,676,293
North Corona,Queens,4,19967,365.7353428786737,356.6116458622855,1.0255844056756114,934,407
South Ozone Park,Queens,4,42902,344.80284499122956,356.6116458622855,0.9668861042311102,2206,946
Murray Hill-Queens,Queens,4,8875,355.946376643015,356.6116458622855,0.9981344714145218,421,138
Seaport,Manhattan,4,7205,320.20574461442396,356.6116458622855,0.8979116311251355,305,211
East Flatbush/Farragut,Brooklyn,4,18267,399.1450132342175,356.6116458622855,1.1192708310719537,1249,825
Maspeth,Queens,4,34067,462.9912228679872,356.6116458622855,1.298306514215138,1245,914
Bay Ridge,Brooklyn,4,16457,304.0225876631687,356.6116458622855,0.8525312933290311,958,428
Fort Greene,Brooklyn,4,17369,366.19065060839336,356.6116458622855,1.026861166361928,648,446
East Village,Manhattan,4,59798,344.4815116094007,356.6116458622855,0.9659850305125224,3269,2512
South Jamaica,Queens,4,14961,377.06004952538177,356.6116458622855,1.0573408185076292,915,401
Bedford,Brooklyn,4,27884,354.88170768995565,356.6116458622855,0.9951489577180047,1247,832
Carroll Gardens,Brooklyn,4,5883,299.26430517711174,356.6116458622855,0.8391882560466916,146,65
Fordham South,Bronx,4,9716,333.0231303806659,356.6116458622855,0.9338537713074887,341,145
Yorkville West,Manhattan,4,19423,288.3917501747844,356.6116458622855,0.8086997536983245,670,378
Gramercy,Manhattan,4,22579,305.51802245420527,356.6116458622855,0.8567247480532049,842,588
SoHo,Manhattan,4,11385,292.44666291713537,356.6116458622855,0.8200704220132815,455,349
Park Slope,Brooklyn,4,24660,284.67536101083033,356.6116458622855,0.79827836335094,796,449
Bloomfield/Emerson Hill,Staten Island,4,5779,541.5531095211887,356.6116458622855,1.5186074706329782,449,91
Lower East Side,Manhattan,4,57137,369.84350397271703,356.6116458622855,1.0371043914688678,3201,2557
World Trade Center,Manhattan,4,9401,310.08074139900975,356.6116458622855,0.8695193917440239,272,199
Morningside Heights,Manhattan,4,10411,327.5205057373566,356.6116458622855,0.9184234714079887,377,213
Elmhurst,Queens,4,43964,371.71187683284455,356.6116458622855,1.0423436282739638,2516,1317
East New York,Brooklyn,4,44139,375.9008705290138,356.6116458622855,1.0540902824978893,2637,1496
Boerum Hill,Brooklyn,4,19865,334.96910174354446,356.6116458622855,0.9393106075758982,555,349
East Williamsburg,Brooklyn,4,54946,419.94959209639995,356.6116458622855,1.1776104257082338,2304,1789
Midtown North,Manhattan,4,17975,271.686569131409,356.6116458622855,0.7618555711338926,349,266
Queensbridge/Ravenswood,Queens,4,7161,334.51673091750195,356.6116458622855,0.9380420824694097,310,164
East Tremont,Bronx,4,15867,363.1136291297982,356.6116458622855,1.0182326722723565,835,421
Bronxdale,Bronx,4,8623,373.70427511482745,356.6116458622855,1.0479306535579118,569,312
Port Richmond,Staten Island,4,2198,474.81497797356826,356.6116458622855,1.331462344213318,87,8
Williamsbridge/Olinville,Bronx,4,15081,395.34489038785836,356.6116458622855,1.1086146371690022,998,522
Clinton East,Manhattan,4,50129,302.94604608335345,356.6116458622855,0.8495124867580562,2393,1795
West Chelsea/Hudson Yards,Manhattan,4,19967,336.90768663011386,356.6116458622855,0.9447467309023867,810,573
Central Harlem North,Manhattan,4,40177,381.9359987642561,356.6116458622855,1.0710138134741405,1896,1129
Union Sq,Manhattan,4,22743,359.5968549632611,356.6116458622855,1.0083710364919725,905,761
Hollis,Queens,4,5124,426.058694787107,356.6116458622855,1.1947413936998574,484,239
Melrose South,Bronx,4,15891,352.0477438322894,356.6116458622855,0.9872020387361142,658,380
Old Astoria,Queens,4,15506,290.3355591528396,356.6116458622855,0.8141505262701374,499,261
Starrett City,Brooklyn,4,4715,387.6134955244434,356.6116458622855,1.0869344846750464,195,101
Corona,Queens,4,16227,317.81823318892447,356.6116458622855,0.8912166410618511,945,426
Heartland Village/Todt Hill,Staten Island,4,1898,514.7092374457533,356.6116458622855,1.4433326657103092,50,8
Cypress Hills,Brooklyn,4,14927,362.34958963575934,356.6116458622855,1.016090174956568,811,463
West Brighton,Staten Island,4,2569,511.781146179402,356.6116458622855,1.4351217973880726,87,14
Clinton West,Manhattan,4,20343,329.7991135032452,356.6116458622855,0.9248130769980669,726,513
Woodlawn/Wakefield,Bronx,4,10148,428.99219146131225,356.6116458622855,1.2029674197095017,836,404
Elmhurst/Maspeth,Queens,4,16196,388.0556214495287,356.6116458622855,1.0881742813283952,824,476
Flushing Meadows-Corona Park,Queens,4,1449,367.7181628392484,356.6116458622855,1.0311445717093939,49,20
East Concourse/Concourse Village,Bronx,4,16958,353.27820682997464,356.6116458622855,0.9906524672679978,629,305
Claremont/Bathgate,Bronx,4,11587,351.8094244479221,356.6116458622855,0.9865337504535173,515,254
Morrisania/Melrose,Bronx,4,14404,364.9506138197124,356.6116458622855,1.0233838912839295,611,309
Van Cortlandt Village,Bronx,4,13714,326.4489523950544,356.6116458622855,0.9154186527074912,508,197
Kew Gardens Hills,Queens,4,6101,366.4611380985427,356.6116458622855,1.0276196595106735,225,107
Borough Park,Brooklyn,4,8063,358.8417366946779,356.6116458622855,1.006253555817001,508,161
South Williamsburg,Brooklyn,4,3517,392.7379581944865,356.6116458622855,1.1013043537735503,161,116
JFK Airport,Queens,4,24584,348.5545358133464,356.6116458622855,0.9774064864610434,407,114
Cobble Hill,Brooklyn,4,2632,269.58759619737435,356.6116458622855,0.7559696923119621,54,28
Co-Op City,Bronx,4,8584,429.8119857546359,356.6116458622855,1.2052662630109912,651,274
East Elmhurst,Queens,4,13178,292.67525571952837,356.6116458622855,0.8207114352977475,680,142
Stapleton,Staten Island,4,4021,506.8679979253112,356.6116458622855,1.4213444900255752,224,26
Jamaica,Queens,4,29494,357.23285689684866,356.6116458622855,1.001741981906006,2078,1007
Belmont,Bronx,4,8389,350.56665428889715,356.6116458622855,0.9830488105379408,378,187
Bedford Park,Bronx,4,15355,319.9674957231215,356.6116458622855,0.8972435405171398,604,290
Flatiron,Manhattan,4,26346,319.63703982282397,356.6116458622855,0.8963168856977256,942,742
Midtown South,Manhattan,4,41094,333.77174440550016,356.6116458622855,0.9359530129714116,1467,1147
Briarwood/Jamaica Hills,Queens,4,10163,347.11036857027136,356.6116458622855,0.9733567947029882,631,316
Meatpacking/West Village West,Manhattan,4,10293,349.840173014031,356.6116458622855,0.9810116328874198,246,158
Parkchester,Bronx,4,8476,344.4570500481232,356.6116458622855,0.9659164361142146,424,176
Van Cortlandt Park,Bronx,4,1919,389.74630801687766,356.6116458622855,1.0929152554019168,96,30
Gravesend,Brooklyn,4,4310,326.39858432999756,356.6116458622855,0.9152774120451594,213,75
Upper East Side South,Manhattan,4,10984,268.44269179555465,356.6116458622855,0.7527591847048666,277,182
Baisley Park,Queens,4,18304,329.4823835957857,356.6116458622855,0.9239249122083453,805,317
Saint George/New Brighton,Staten Island,4,6487,515.1331009348756,356.6116458622855,1.444521251372164,386,71
Battery Park City,Manhattan,4,9024,299.8748426089146,356.6116458622855,0.840900307346437,67,37
Queensboro Hill,Queens,4,5406,353.19679547596604,356.6116458622855,0.9904241759181409,208,80
Brownsville,Brooklyn,4,20616,412.79960532807104,356.6116458622855,1.1575606408756598,1333,863
Laurelton,Queens,4,8155,406.3554460449836,356.6116458622855,1.1394901169377623,511,203
Red Hook,Brooklyn,4,4726,366.7651632970451,356.6116458622855,1.0284721981252418,344,173
Marine Park/Mill Basin,Brooklyn,4,6844,394.27724933728365,356.6116458622855,1.10562078920312,277,107
Rockaway Park,Queens,4,2608,592.8673960612691,356.6116458622855,1.6625014997132754,166,39
Hamilton Heights,Manhattan,4,19667,344.9227350610409,356.6116458622855,0.9672222964760984,869,439
Flatbush/Ditmas Park,Brooklyn,4,28557,299.14253510716924,356.6116458622855,0.8388467919600433,1988,1226
Saint Albans,Queens,4,18936,426.23046321525885,356.6116458622855,1.1952230617276542,1179,622
New Dorp/Midland Beach,Staten Island,4,1574,535.3347517730497,356.6116458622855,1.5011701327886038,97,21
Lenox Hill East,Manhattan,4,13332,284.0943542150039,356.6116458622855,0.7966491210012642,443,267
Times Sq/Theatre District,Manhattan,4,44464,299.02860795908583,356.6116458622855,0.8385273207666448,1341,1023
East Flatbush/Remsen Village,Brooklyn,4,22352,429.412909414828,356.6116458622855,1.204147184751943,1596,1023
West Village,Manhattan,4,30652,334.6119439155271,356.6116458622855,0.9383090759877928,1208,954
Lenox Hill West,Manhattan,4,20524,276.27259291696316,356.6116458622855,0.7747155655809758,801,447
East Chelsea,Manhattan,4,31599,316.117090960592,356.6116458622855,0.8864463475280572,1079,756
Steinway,Queens,4,24026,305.5715765396401,356.6116458622855,0.8568749228611681,956,486
Forest Hills,Queens,4,21175,354.5128282220886,356.6116458622855,0.9941145566485302,971,431
University Heights/Morris Heights,Bronx,4,16534,361.3435665362035,356.6116458622855,1.013269114255863,750,351
Sunnyside,Queens,4,25730,344.7509095997761,356.6116458622855,0.9667404685177059,1044,532
Crown Heights North,Brooklyn,4,49159,368.53396906215613,356.6116458622855,1.033432231779875,2749,1952
Williamsburg (North Side),Brooklyn,4,40164,379.88619721267156,356.6116458622855,1.065265819611999,1374,1010
Midtown Center,Manhattan,4,17482,275.06893376307306,356.6116458622855,0.771340299607876,297,208
Bellerose,Queens,4,2752,412.2250505050505,356.6116458622855,1.1559494909603751,166,54
Mariners Harbor,Staten Island,4,3978,439.14490487359916,356.6116458622855,1.2314373632183226,283,20
Saint Michaels Cemetery/Woodside,Queens,4,5681,234.47278492161354,356.6116458622855,0.6575017603664045,3,0
Westerleigh,Staten Island,4,2590,430.70265710670606,356.6116458622855,1.2077638576981096,96,14
Bensonhurst West,Brooklyn,4,10440,300.90174715351395,356.6116458622855,0.8437799231876871,433,165
Hillcrest/Pomonok,Queens,4,6887,396.570304222794,356.6116458622855,1.112050906985633,300,123
East New York/Pennsylvania Avenue,Brooklyn,4,13143,385.9594605009634,356.6116458622855,1.0822962877942894,694,445
Financial District North,Manhattan,4,20077,293.1666962752413,356.6116458622855,0.8220895186032565,489,286
South Beach/Dongan Hills,Staten Island,4,1920,499.6589887640449,356.6116458622855,1.401129196316266,58,7
Long Island City/Hunters Point,Queens,4,32274,344.7840572068806,356.6116458622855,0.9668334200729597,1289,771
Norwood,Bronx,4,13192,318.2710172744722,356.6116458622855,0.8924863250186184,520,223
Country Club,Bronx,4,1118,433.79320388349515,356.6116458622855,1.2164302790352932,56,9
Far Rockaway,Queens,4,6338,568.0529451821586,356.6116458622855,1.592917538653593,506,142
Arrochar/Fort Wadsworth,Staten Island,5,2608,405.2421052631579,314.31222170396074,1.2892979568730887,128,34
Country Club,Bronx,5,2180,385.2535953978907,314.31222170396074,1.2257035164249739,108,46
West Concourse,Bronx,5,21050,306.21707211746076,314.31222170396074,0.9742448780940993,998,626
Rosedale,Queens,5,11574,416.35960064182564,314.31222170396074,1.3246688225632524,1074,542
Far Rockaway,Queens,5,10035,538.1100493541951,314.31222170396074,1.7120239436983185,1134,522
Allerton/Pelham Gardens,Bronx,5,10877,331.6257030371204,314.31222170396074,1.0550837038384928,488,269
Williamsbridge/Olinville,Bronx,5,24917,361.94805669496,314.31222170396074,1.1515557833951036,1763,1181
Boerum Hill,Brooklyn,5,22654,307.1130598637484,314.31222170396074,0.9770955077687276,442,254
South Jamaica,Queens,5,23470,330.90824187647945,314.31222170396074,1.0528010653946187,1626,782
Co-Op City,Bronx,5,15063,386.29658026869316,314.31222170396074,1.2290218247782037,1023,591
Inwood,Manhattan,5,20969,279.731836516499,314.31222170396074,0.8899807808936181,951,564
Upper East Side North,Manhattan,5,22923,294.35627684964203,314.31222170396074,0.9365091667573955,285,146
Windsor Terrace,Brooklyn,5,6991,269.0919071518193,314.31222170396074,0.8561293152808649,124,79
Van Cortlandt Village,Bronx,5,19172,269.11661544982513,314.31222170396074,0.8562079259625364,773,431
Cobble Hill,Brooklyn,5,4951,255.9269498763767,314.31222170396074,0.8142443475119622,43,26
Middle Village,Queens,5,13758,329.48655550548295,314.31222170396074,1.048277899342439,586,297
Spuyten Duyvil/Kingsbridge,Bronx,5,13564,274.57134164892,314.31222170396074,0.8735624092515523,582,271
Penn Station/Madison Sq West,Manhattan,5,19988,246.36553625585884,314.31222170396074,0.7838242334970403,628,405
Flushing,Queens,5,25641,286.5829082665371,314.31222170396074,0.9117778071527207,1223,525
Erasmus,Brooklyn,5,15652,337.9465381822982,314.31222170396074,1.07519375591,1159,847
Douglaston,Queens,5,2890,442.8183254344392,314.31222170396074,1.4088485743055632,92,34
Schuylerville/Edgewater Park,Bronx,5,17494,346.1987708516242,314.31222170396074,1.101448645473596,887,415
Lenox Hill East,Manhattan,5,21578,267.3566255431797,314.31222170396074,0.8506084303492124,628,336
Coney Island,Brooklyn,5,12025,314.834248455731,314.31222170396074,1.0016608541307754,532,210
Corona,Queens,5,1611,303.23192960402264,314.31222170396074,0.9647474983954832,60,39
Hillcrest/Pomonok,Queens,5,12809,362.2556541197155,314.31222170396074,1.152534419933918,459,204
Westchester Village/Unionport,Bronx,5,14142,298.7008314220183,314.31222170396074,0.9503315836803629,903,549
Hudson Sq,Manhattan,5,10605,253.6818652849741,314.31222170396074,0.807101498979915,131,77
Financial District South,Manhattan,5,6285,301.9199278629396,314.31222170396074,0.9605732994605185,154,76
Charleston/Tottenville,Staten Island,5,1867,491.53685432385373,314.31222170396074,1.5638490023045124,96,10
Meatpacking/West Village West,Manhattan,5,13932,291.085888622847,314.31222170396074,0.9261042636038831,187,98
World Trade Center,Manhattan,5,12477,293.88505019444693,314.31222170396074,0.9350099356659652,205,111
Glen Oaks,Queens,5,2992,422.8443649373882,314.31222170396074,1.3453004233976302,144,49
Marine Park/Mill Basin,Brooklyn,5,10877,369.4459994209053,314.31222170396074,1.1754108619068369,428,230
West Brighton,Staten Island,5,4263,472.3267447535383,314.31222170396074,1.5027310811935455,216,69
Times Sq/Theatre District,Manhattan,5,39739,268.22948985454656,314.31222170396074,0.8533854916630705,554,378
Baisley Park,Queens,5,27305,290.590112972932,314.31222170396074,0.9245269286621258,1275,704
Bensonhurst West,Brooklyn,5,15532,272.77745915305104,314.31222170396074,0.8678550826762639,641,336
UN/Turtle Bay South,Manhattan,5,21288,267.5846549732171,314.31222170396074,0.8513339173468264,343,194
Bedford Park,Bronx,5,23380,276.1644444444444,314.31222170396074,0.8786309452024862,1267,820
Elmhurst/Maspeth,Queens,5,16243,280.94625994035783,314.31222170396074,0.8938445295486184,736,408
Queensbridge/Ravenswood,Queens,5,9607,271.60550964187325,314.31222170396074,0.8641264668915376,463,215
Brooklyn Heights,Brooklyn,5,15557,279.4460369163952,314.31222170396074,0.8890714952204285,173,86
Prospect Heights,Brooklyn,5,13520,339.4826537323249,314.31222170396074,1.0800809840988979,213,140
Brighton Beach,Brooklyn,5,6263,276.5022928267278,314.31222170396074,0.8797058266705112,348,145
Midtown Center,Manhattan,5,17488,258.56003989361704,314.31222170396074,0.8226216546461415,197,112
Flatlands,Brooklyn,5,28618,353.9536647909395,314.31222170396074,1.1261212270782,1961,1211
Midwood,Brooklyn,5,10035,256.84090200561155,314.31222170396074,0.8171521317663577,653,344
Two Bridges/Seward Park,Manhattan,5,20281,348.70136474495354,314.31222170396074,1.1094107726850746,1056,666
East Flatbush/Farragut,Brooklyn,5,22092,389.60215603364156,314.31222170396074,1.2395386788382465,1725,1257
East Williamsburg,Brooklyn,5,37486,319.59752123659655,314.31222170396074,1.0168154439047357,1172,847
JFK Airport,Queens,5,60685,323.1882552994783,314.31222170396074,1.0282395433031477,646,291
Soundview/Castle Hill,Bronx,5,28227,344.4082005371531,314.31222170396074,1.095751856768518,1663,800
Washington Heights North,Manhattan,5,25201,285.160451321193,314.31222170396074,0.9072521894798455,1102,663
Claremont/Bathgate,Bronx,5,16223,319.2688626476072,314.31222170396074,1.0157698002221336,723,385
Eastchester,Bronx,5,12163,369.5357590966123,314.31222170396074,1.1756964367891,888,492
Manhattan Beach,Brooklyn,5,2705,291.3335889570552,314.31222170396074,0.9268923345635975,101,40
University Heights/Morris Heights,Bronx,5,25106,323.91466355816385,314.31222170396074,1.0305506473854118,1346,810
Howard Beach,Queens,5,9283,350.21065564615213,314.31222170396074,1.114212656916672,404,174
Crown Heights South,Brooklyn,5,14739,406.02923299565845,314.31222170396074,1.2918022429878104,613,469
Roosevelt Island,Manhattan,5,4016,399.40716069941715,314.31222170396074,1.2707337899052624,141,51
Van Nest/Morris Park,Bronx,5,18207,319.0242572604874,314.31222170396074,1.0149915759908463,771,357
Hollis,Queens,5,7434,409.631867379093,314.31222170396074,1.3032642038492235,607,379
East Harlem North,Manhattan,5,33042,350.6037076008913,314.31222170396074,1.1154631713020444,1590,945
Manhattanville,Manhattan,5,8145,338.2109137055838,314.31222170396074,1.076034879814926,394,213
Upper West Side North,Manhattan,5,21692,294.42819682245874,314.31222170396074,0.936737983735707,494,237
Eltingville/Annadale/Prince's Bay,Staten Island,5,1647,451.39891082368956,314.31222170396074,1.4361481344140852,35,2
Mount Hope,Bronx,5,21691,299.03139431823485,314.31222170396074,0.9513832860113268,965,593
Great Kills,Staten Island,5,4235,470.26179604261796,314.31222170396074,1.4961613439439858,179,24
Williamsburg (North Side),Brooklyn,5,31348,275.7346504767785,314.31222170396074,0.8772635342716101,580,350
Bellerose,Queens,5,4354,353.92270878200526,314.31222170396074,1.1260227389927975,313,149
Bayside,Queens,5,7999,356.2685550864769,314.31222170396074,1.1334861659373632,383,134
Morrisania/Melrose,Bronx,5,20447,322.61423775671403,314.31222170396074,1.026413277879384,919,598
Long Island City/Hunters Point,Queens,5,37865,302.07919860530757,314.31222170396074,0.9610800272660889,1283,696
South Beach/Dongan Hills,Staten Island,5,3545,431.20005892751914,314.31222170396074,1.3718844803103163,165,22
Garment District,Manhattan,5,15503,260.68117647058824,314.31222170396074,0.8293701563921825,545,364
Murray Hill,Manhattan,5,27998,271.80272027916567,314.31222170396074,0.8647539023638946,458,305
Kensington,Brooklyn,5,7661,267.8956604543599,314.31222170396074,0.8523233967869093,438,255
Queensboro Hill,Queens,5,7085,303.0456568557071,314.31222170396074,0.9641548623620967,353,157
Clinton West,Manhattan,5,20103,288.80422579961873,314.31222170396074,0.918845039604069,676,371
Belmont,Bronx,5,12797,295.0560859188544,314.31222170396074,0.9387356441925349,375,213
Kew Gardens,Queens,5,16470,294.0350556989112,314.31222170396074,0.9354871856553263,661,382
Cambria Heights,Queens,5,6365,393.67165149544866,314.31222170396074,1.25248598149083,441,274
Central Harlem North,Manhattan,5,41891,355.4567983102466,314.31222170396074,1.1309035212923997,1841,1182
South Williamsburg,Brooklyn,5,4484,349.777650298302,314.31222170396074,1.1128350288196711,201,105
Downtown Brooklyn/MetroTech,Brooklyn,5,17516,303.39791888672977,314.31222170396074,0.965275601572023,402,239
Starrett City,Brooklyn,5,8479,315.7084729535663,314.31222170396074,1.0044422429456803,375,213
Bloomfield/Emerson Hill,Staten Island,5,8762,533.926913462683,314.31222170396074,1.6987150883543096,678,280
Soundview/Bruckner,Bronx,5,15007,317.27478658331654,314.31222170396074,1.0094255478304186,766,479
Ridgewood,Queens,5,37871,348.2038966677521,314.31222170396074,1.1078280532015476,1899,1293
East Tremont,Bronx,5,21720,317.63355592654426,314.31222170396074,1.010566990378477,1232,771
Jamaica,Queens,5,33027,280.50809648179444,314.31222170396074,0.8924504906652813,2154,1070
Gowanus,Brooklyn,5,6143,290.9971736442325,314.31222170396074,0.9258220124774916,177,95
Rego Park,Queens,5,10043,308.8730713844888,314.31222170396074,0.982695072148372,374,191
Union Sq,Manhattan,5,21432,286.7107558139535,314.31222170396074,0.9121845604972877,364,269
Bay Terrace/Fort Totten,Queens,5,3709,410.7260314633422,314.31222170396074,1.3067453414210222,169,84
Pelham Parkway,Bronx,5,15175,304.75551954628315,314.31222170396074,0.9695948757389438,722,396
Old Astoria,Queens,5,22030,238.5456370512162,314.31222170396074,0.7589448344006606,622,277
Midtown East,Manhattan,5,18356,241.00545166402534,314.31222170396074,0.766770857198864,262,170
Mott Haven/Port Morris,Bronx,5,33414,322.2855233582407,314.31222170396074,1.025367456636127,1662,1150
LaGuardia Airport,Queens,5,4607,237.7010241882763,314.31222170396074,0.7562576564781444,74,7
Kew Gardens Hills,Queens,5,9033,328.5752953320335,314.31222170396074,1.0453786796795532,343,167
Forest Hills,Queens,5,29022,301.11172339276067,314.31222170396074,0.9580019566543195,855,456
Bedford,Brooklyn,5,30362,371.3558116723884,314.31222170396074,1.1814870247780405,1283,937
Battery Park City,Manhattan,5,12815,296.5892443605798,314.31222170396074,0.9436134641939773,62,34
Borough Park,Brooklyn,5,9234,315.6920338228749,314.31222170396074,1.00438994103199,472,188
Brooklyn Navy Yard,Brooklyn,5,8886,593.5479079260687,314.31222170396074,1.8884022540017864,193,128
Greenwich Village North,Manhattan,5,18072,281.88410977161203,314.31222170396074,0.8968283455331508,298,187
Springfield Gardens South,Queens,5,14670,335.9766636659511,314.31222170396074,1.0689265019493748,980,440
Rossville/Woodrow,Staten Island,5,1274,502.97670250896056,314.31222170396074,1.6002454495157876,136,26
Kingsbridge Heights,Bronx,5,12562,270.9085787864156,314.31222170396074,0.8619091466369212,517,366
Bath Beach,Brooklyn,5,5041,272.23997532387415,314.31222170396074,0.8661450510832731,205,81
Auburndale,Queens,5,4002,350.78264395782645,314.31222170396074,1.1160324662405774,193,62
Murray Hill-Queens,Queens,5,10183,310.1321670543028,314.31222170396074,0.9867009477805321,587,194
Jamaica Estates,Queens,5,7770,347.74359314832026,314.31222170396074,1.1063635746110034,458,212
Homecrest,Brooklyn,5,7447,259.81607610643874,314.31222170396074,0.8266177964633843,351,108
East Chelsea,Manhattan,5,34237,258.54367887305574,314.31222170396074,0.8225696012437232,810,518
Elmhurst,Queens,5,40017,276.8184776849913,314.31222170396074,0.8807117845570656,2006,1125
Financial District North,Manhattan,5,25564,276.10950230251507,314.31222170396074,0.8784561440393895,488,242
Canarsie,Brooklyn,5,45341,362.1129459872383,314.31222170396074,1.1520803868972658,3487,2216
Longwood,Bronx,5,12177,307.0198951136269,314.31222170396074,0.9767990994724913,635,385
Maspeth,Queens,5,35966,393.7532449289206,314.31222170396074,1.2527455750663825,1085,731
Fresh Meadows,Queens,5,3464,374.1620637329287,314.31222170396074,1.1904152555841063,373,113
Saint George/New Brighton,Staten Island,5,10296,464.9804602261456,314.31222170396074,1.4793585107997926,654,201
Upper West Side South,Manhattan,5,23331,294.35995645288995,314.31222170396074,0.9365208735985356,341,178
East New York/Pennsylvania Avenue,Brooklyn,5,17074,351.14073151935503,314.31222170396074,1.1171717396661773,954,671
Grymes Hill/Clifton,Staten Island,5,4702,473.5273820124666,314.31222170396074,1.5065509684776586,252,46
Brownsville,Brooklyn,5,29993,406.52938981786116,314.31222170396074,1.2933935168475772,2336,1650
Sunset Park West,Brooklyn,5,24133,333.1422526868071,314.31222170396074,1.059908682140212,1108,640
New Dorp/Midland Beach,Staten Island,5,2616,525.9979466119097,314.31222170396074,1.6734886851053727,134,11
Steinway,Queens,5,30279,220.71779309398894,314.31222170396074,0.7022246602356907,738,348
Saint Michaels Cemetery/Woodside,Queens,5,3457,214.93024602026048,314.31222170396074,0.6838112907448297,3,3
South Ozone Park,Queens,5,52883,273.42872828138843,314.31222170396074,0.8699271278700738,3239,1480
Columbia Street,Brooklyn,5,1892,265.29058823529414,314.31222170396074,0.8440352296741477,58,29
Sunset Park East,Brooklyn,5,13430,302.8815910484365,314.31222170396074,0.9636328788185324,1009,501
Clinton Hill,Brooklyn,5,22652,357.5649872479669,314.31222170396074,1.1376108294787988,651,413
Hamilton Heights,Manhattan,5,23753,325.88974448722433,314.31222170396074,1.0368344658075945,1068,617
Van Cortlandt Park,Bronx,5,2065,349.8818359375,314.31222170396074,1.1131665006238318,176,107
Whitestone,Queens,5,7242,371.2369302461046,314.31222170396074,1.181108797594766,514,190
Riverdale/North Riverdale/Fieldston,Bronx,5,7649,317.4704815073273,314.31222170396074,1.0100481609854204,466,247
East Flatbush/Remsen Village,Brooklyn,5,26577,439.3563572032921,314.31222170396074,1.3978341498190479,2038,1497
Manhattan Valley,Manhattan,5,11855,328.6819880418535,314.31222170396074,1.045718127853861,316,175
Mariners Harbor,Staten Island,5,6973,407.9299645390071,314.31222170396074,1.2978495151334632,316,71
TriBeCa/Civic Center,Manhattan,5,32111,255.72989434013056,314.31222170396074,0.8136174055013147,348,216
Alphabet City,Manhattan,5,14343,327.89157161901943,314.31222170396074,1.043203378606921,716,440
Ocean Hill,Brooklyn,5,22054,367.99349049146787,314.31222170396074,1.1707896323486509,1918,1347
Flatiron,Manhattan,5,28242,265.6890495064895,314.31222170396074,0.8453029540694487,648,382
Springfield Gardens North,Queens,5,14701,337.0574680732926,314.31222170396074,1.072365135043189,1292,673
Williamsburg (South Side),Brooklyn,5,34595,306.69424835798907,314.31222170396074,0.9757630380878196,828,509
Lincoln Square West,Manhattan,5,19796,293.221733491231,314.31222170396074,0.9328995605121774,450,225
Central Harlem,Manhattan,5,24591,370.22463113520024,314.31222170396074,1.17788811751616,754,428
Glendale,Queens,5,14275,348.8090810810811,314.31222170396074,1.1097534775775015,751,460
North Corona,Queens,5,20147,305.3863148970126,314.31222170396074,0.9716017825887944,1058,551
Madison,Brooklyn,5,8093,249.97703919827478,314.31222170396074,0.7953144101208991,326,156
Arden Heights,Staten Island,5,2144,456.464489372732,314.31222170396074,1.4522645250576967,187,18
Port Richmond,Staten Island,5,3525,437.2467798594848,314.31222170396074,1.3911224243494789,126,28
West Chelsea/Hudson Yards,Manhattan,5,19359,282.16986076986075,314.31222170396074,0.897737476577116,356,192
Lenox Hill West,Manhattan,5,28528,261.7390142404459,314.31222170396074,0.8327357199840876,442,235
Long Island City/Queens Plaza,Queens,5,14920,245.23804809052334,314.31222170396074,0.7802370737002525,468,301
Woodside,Queens,5,28210,247.1247090837481,314.31222170396074,0.7862395796893507,1001,539
Yorkville East,Manhattan,5,17740,298.958984375,314.31222170396074,0.9511529101677076,305,168
East New York,Brooklyn,5,65699,309.14210428994085,314.31222170396074,0.9835510137468041,3715,2287
Ozone Park,Queens,5,10466,284.60977734753146,314.31222170396074,0.9055001927847243,619,271
Gravesend,Brooklyn,5,5816,279.9157613535174,314.31222170396074,0.8905659469301829,339,159
Jackson Heights,Queens,5,57304,262.35484612257164,314.31222170396074,0.834695019812733,2584,1196
Stuy Town/Peter Cooper Village,Manhattan,5,10594,331.4001071811361,314.31222170396074,1.0543659593780284,268,163
West Farms/Bronx River,Bronx,5,15828,315.16330052409563,314.31222170396074,1.0027077496876227,752,454
Crown Heights North,Brooklyn,5,55327,401.2293315953919,314.31222170396074,1.276531117435501,2849,2075
Hunts Point,Bronx,5,18806,313.95066159532865,314.31222170396074,0.9988496784927039,794,317
Parkchester,Bronx,5,15431,297.0364225277631,314.31222170396074,0.9450361838221196,749,437
Richmond Hill,Queens,5,30794,300.17073410745917,314.31222170396074,0.9550081523402519,1404,723
Cypress Hills,Brooklyn,5,20857,303.833099239599,314.31222170396074,0.9666601495559035,1364,852
East Concourse/Concourse Village,Bronx,5,25853,321.0696953039108,314.31222170396074,1.0214992390792703,1318,831
Lincoln Square East,Manhattan,5,21805,290.1560069586574,314.31222170396074,0.9231457987400337,301,166
Stuyvesant Heights,Brooklyn,5,38243,380.4947568850378,314.31222170396074,1.2105630344957188,1876,1415
Midtown North,Manhattan,5,21490,255.5975478016636,314.31222170396074,0.8131963383924715,192,100
East Harlem South,Manhattan,5,30127,341.8392605573309,314.31222170396074,1.0875786461758934,1240,740
Oakwood,Staten Island,5,1942,476.0847084708471,314.31222170396074,1.5146872300729495,145,19
Midtown South,Manhattan,5,35158,285.3725414577709,314.31222170396074,0.9079269648208365,779,527
Sutton Place/Turtle Bay North,Manhattan,5,22466,255.50073371160244,314.31222170396074,0.8128883195393187,341,200
Westerleigh,Staten Island,5,3243,395.13864013267,314.31222170396074,1.2571532789610602,133,31
Stapleton,Staten Island,5,7370,451.0273200957612,314.31222170396074,1.4349658999915296,380,97
Melrose South,Bronx,5,18944,315.30890804597703,314.31222170396074,1.0031710072761824,1124,720
Kips Bay,Manhattan,5,19908,298.0741935483871,314.31222170396074,0.9483379040511264,687,451
Briarwood/Jamaica Hills,Queens,5,15668,292.9882942056318,314.31222170396074,0.9321568617894433,748,405
Ocean Parkway South,Brooklyn,5,3039,250.01463414634145,314.31222170396074,0.7954340203220641,83,40
Chinatown,Manhattan,5,6185,322.5170807453416,314.31222170396074,1.026104168004987,305,197
Fordham South,Bronx,5,10495,293.23032684750314,314.31222170396074,0.9329269007034863,540,299
Clinton East,Manhattan,5,44260,275.3527470345923,314.31222170396074,0.876048489434614,1429,889
Heartland Village/Todt Hill,Staten Island,5,2797,448.3970934799686,314.31222170396074,1.4265977029117802,101,13
Seaport,Manhattan,5,7546,297.39690721649487,314.31222170396074,0.9461830838273995,137,76
Gramercy,Manhattan,5,28107,285.7545610478715,314.31222170396074,0.9091423791882116,512,330
Pelham Bay,Bronx,5,6694,305.6610039791858,314.31222170396074,0.9724757195953926,304,159
Sunnyside,Queens,5,35470,289.7942403523004,314.31222170396074,0.9219948202499331,1500,748
Red Hook,Brooklyn,5,5458,349.9598859315589,314.31222170396074,1.1134148205702716,405,228
Yorkville West,Manhattan,5,28196,302.35272952373583,314.31222170396074,0.9619502795170048,661,345
Highbridge,Bronx,5,18282,300.4658381662524,314.31222170396074,0.9559470406125354,1024,630
Sheepshead Bay,Brooklyn,5,12038,288.53138435081684,314.31222170396074,0.9179769809351355,632,262
Flushing Meadows-Corona Park,Queens,5,1168,315.0285467128028,314.31222170396074,1.0022790237202952,34,14
Little Italy/NoLiTa,Manhattan,5,17342,275.38345771144276,314.31222170396074,0.8761461969837636,411,276
Greenwich Village South,Manhattan,5,13671,286.97418745573304,314.31222170396074,0.9130226813961552,397,285
East Flushing,Queens,5,6627,328.7781896818041,314.31222170396074,1.04602419816646,290,117
Laurelton,Queens,5,11675,378.9052622362315,314.31222170396074,1.2055059780434139,953,450
East Village,Manhattan,5,41996,287.6805278820028,314.31222170396074,0.915269938669323,1321,900
Norwood,Bronx,5,18616,265.49511241446726,314.31222170396074,0.844685933544536,823,458
Prospect-Lefferts Gardens,Brooklyn,5,34167,383.82248266552125,314.31222170396074,1.2211503599342366,2234,1648
Rockaway Park,Queens,5,2970,563.7035312378734,314.31222170396074,1.7934508819984905,134,43
Hammels/Arverne,Queens,5,8554,579.1249846832496,314.31222170396074,1.8425150048053378,745,314
Corona,Queens,5,25360,280.8079253707543,314.31222170396074,0.8934044112202454,1289,654
SoHo,Manhattan,5,11247,260.63450905624404,314.31222170396074,0.8292216816873453,163,99
Bushwick South,Brooklyn,5,59891,355.5990603516772,314.31222170396074,1.1313561350681522,2811,2062
Astoria,Queens,5,59096,231.07700442055994,314.31222170396074,0.7351830074180283,2231,1178
Lower East Side,Manhattan,5,33346,283.4825183764781,314.31222170396074,0.9019137621809691,1327,975
Park Slope,Brooklyn,5,33757,261.51025533696105,314.31222170396074,0.8320079121303404,579,284
Greenpoint,Brooklyn,5,40345,293.6917609897341,314.31222170396074,0.9343949764268209,973,457
Upper East Side South,Manhattan,5,18727,254.20411930998674,314.31222170396074,0.8087630761918394,217,124
Saint Albans,Queens,5,25330,421.8234134963404,314.31222170396074,1.3420522154994041,1930,1211
Carroll Gardens,Brooklyn,5,8578,274.75449954680823,314.31222170396074,0.874145135233047,113,62
DUMBO/Vinegar Hill,Brooklyn,5,9886,306.3796064789651,314.31222170396074,0.9747619892666246,255,157
Bensonhurst East,Brooklyn,5,12213,283.20072408857453,314.31222170396074,0.9010172196081863,694,243
Bay Ridge,Brooklyn,5,24166,263.63334332320073,314.31222170396074,0.8387626223822355,1071,563
Woodhaven,Queens,5,25270,321.04867983492926,314.31222170396074,1.0214323773172058,1619,980
Central Park,Manhattan,5,2563,292.94974446337307,314.31222170396074,0.9320342138629651,56,34
Crotona Park East,Bronx,5,11234,339.0296449810777,314.31222170396074,1.0786397141769353,443,252
Bushwick North,Brooklyn,5,40351,360.8450321621691,314.31222170396074,1.1480464558646273,1881,1336
College Point,Queens,5,10717,371.7131029171079,314.31222170396074,1.1826237646820204,636,240
Washington Heights South,Manhattan,5,34513,270.713287965616,314.31222170396074,0.8612878191564279,1424,878
Oakland Gardens,Queens,5,3909,371.0388002201431,314.31222170396074,1.1804784370415322,237,107
Queens Village,Queens,5,15792,382.9054404145078,314.31222170396074,1.2182327443033778,1027,623
Woodlawn/Wakefield,Bronx,5,16922,384.21329873891267,314.31222170396074,1.2223937607516555,1052,591
Marble Hill,Manhattan,5,2880,283.6159522136332,314.31222170396074,0.9023382885847842,96,45
Bloomingdale,Manhattan,5,6237,331.28431028431027,314.31222170396074,1.0539975457789703,196,112
Morningside Heights,Manhattan,5,11705,324.79581738399776,314.31222170396074,1.0333540822027314,388,190
Flatbush/Ditmas Park,Brooklyn,5,39433,281.0308773033472,314.31222170396074,0.8941137439066559,2479,1623
Fort Greene,Brooklyn,5,22674,346.423377731431,314.31222170396074,1.1021632434570572,649,390
West Village,Manhattan,5,27576,277.3528907255078,314.31222170396074,0.8824120462828722,421,280
East Elmhurst,Queens,5,19483,241.50170148159782,314.31222170396074,0.7683497007286579,578,261
Dyker Heights,Brooklyn,5,8380,291.5195654857425,314.31222170396074,0.9274840281594718,338,177
Bronxdale,Bronx,5,12672,338.91105250539437,314.31222170396074,1.0782624063043986,729,482
Bronx Park,Bronx,5,1159,325.00174825174827,314.31222170396074,1.034009261522944,56,40
South Ozone Park,Queens,6,65695,247.39666579276098,299.38105135207786,0.8263604682910201,3293,1886
UN/Turtle Bay South,Manhattan,6,38528,224.34761205395998,299.38105135207786,0.7493714483289822,455,293
Grymes Hill/Clifton,Staten Island,6,10936,459.2397825271841,299.38105135207786,1.5339640917591317,571,178
Astoria,Queens,6,82476,215.53685582218725,299.38105135207786,0.7199415422210933,2357,1356
Park Slope,Brooklyn,6,50132,239.43101111412307,299.38105135207786,0.7997533913144944,901,547
Union Sq,Manhattan,6,33804,235.88529258658176,299.38105135207786,0.7879098945015599,442,263
Starrett City,Brooklyn,6,13113,332.72971915825707,299.38105135207786,1.1113920458745419,659,457
DUMBO/Vinegar Hill,Brooklyn,6,16752,290.7552037891063,299.38105135207786,0.9711877304057317,282,175
Old Astoria,Queens,6,36131,232.55266335326988,299.38105135207786,0.7767781638250161,1169,640
Soundview/Castle Hill,Bronx,6,50451,355.7174367215749,299.38105135207786,1.1881761892246292,3055,1951
Arrochar/Fort Wadsworth,Staten Island,6,4548,418.8128561659448,299.38105135207786,1.3989290714107783,258,58
Chinatown,Manhattan,6,7619,325.0394610202117,299.38105135207786,1.0857048552413529,428,238
Far Rockaway,Queens,6,16498,480.7244537072123,299.38105135207786,1.6057277223663402,1601,735
Bayside,Queens,6,13363,317.7262686336603,299.38105135207786,1.0612771489669468,799,298
JFK Airport,Queens,6,108819,322.840030933245,299.38105135207786,1.0783582644099239,936,477
Bay Terrace/Fort Totten,Queens,6,5901,372.0391737891738,299.38105135207786,1.2426944594821687,174,75
New Dorp/Midland Beach,Staten Island,6,3914,429.2653876898481,299.38105135207786,1.4338428759975987,168,43
Woodlawn/Wakefield,Bronx,6,31030,375.47990520391033,299.38105135207786,1.2541872757415724,2135,1385
Bellerose,Queens,6,6989,344.84238971662285,299.38105135207786,1.1518510879670925,308,180
East Harlem North,Manhattan,6,58243,334.2117347383848,299.38105135207786,1.1163423110080049,2559,1831
Greenpoint,Brooklyn,6,59042,301.4067260656883,299.38105135207786,1.006766208831394,1347,757
Springfield Gardens South,Queens,6,21048,327.6262767392561,299.38105135207786,1.094345401152197,1535,869
Hudson Sq,Manhattan,6,15342,244.7334067749931,299.38105135207786,0.8174645845811461,156,75
Ridgewood,Queens,6,48956,365.2512834482325,299.38105135207786,1.2200213801062847,2696,1851
Rego Park,Queens,6,18670,286.92588375623507,299.38105135207786,0.9583969408231008,757,515
Lincoln Square West,Manhattan,6,37666,259.56754737861394,299.38105135207786,0.8670139482988104,1049,613
Coney Island,Brooklyn,6,22425,282.5378270631902,299.38105135207786,0.9437398452145868,1318,622
Baisley Park,Queens,6,39257,289.6200384455528,299.38105135207786,0.9673960230200209,2658,1813
Gravesend,Brooklyn,6,11050,256.289301209268,299.38105135207786,0.8560638692789774,751,452
Clinton East,Manhattan,6,57997,229.2973254792917,299.38105135207786,0.7659046036605491,1482,850
Riverdale/North Riverdale/Fieldston,Bronx,6,15863,275.1109809282041,299.38105135207786,0.9189325098757447,954,469
Marine Park/Mill Basin,Brooklyn,6,19952,344.62906240265806,299.38105135207786,1.1511385267912888,1083,636
South Jamaica,Queens,6,38529,334.5476027577496,299.38105135207786,1.1174641856819294,2488,1671
Inwood Hill Park,Manhattan,6,1515,215.0907271514343,299.38105135207786,0.718451372189496,37,27
Central Harlem,Manhattan,6,39164,331.9497847161687,299.38105135207786,1.1087868895409463,1117,748
LaGuardia Airport,Queens,6,5370,206.74435529016608,299.38105135207786,0.6905726142535011,68,3
Kips Bay,Manhattan,6,32919,243.69933924153696,299.38105135207786,0.814010566603769,1120,703
Garment District,Manhattan,6,20789,216.97694296417453,299.38105135207786,0.7247517569473877,590,357
Prospect Heights,Brooklyn,6,19547,324.5730080060999,299.38105135207786,1.0841467973348646,627,437
North Corona,Queens,6,26080,293.9495749613601,299.38105135207786,0.981857648083645,1521,842
Canarsie,Brooklyn,6,74227,369.09693173665914,299.38105135207786,1.2328667097323873,5856,4185
Hollis,Queens,6,11658,404.5953168523677,299.38105135207786,1.35143929458834,754,506
Williamsburg (North Side),Brooklyn,6,38742,277.5589359798259,299.38105135207786,0.9271092299472596,743,430
Sutton Place/Turtle Bay North,Manhattan,6,36860,220.4486700622524,299.38105135207786,0.7363481057556998,566,343
Midtown South,Manhattan,6,44417,223.804317004009,299.38105135207786,0.7475567207518783,517,320
Sheepshead Bay,Brooklyn,6,23647,263.78754373083405,299.38105135207786,0.8811096845959527,877,385
South Beach/Dongan Hills,Staten Island,6,5895,375.5960264900662,299.38105135207786,1.2545751469365978,271,64
Windsor Terrace,Brooklyn,6,12005,256.75813544415126,299.38105135207786,0.857629880998042,227,142
Woodside,Queens,6,41664,225.8658465569952,299.38105135207786,0.7544426928054729,1667,999
Lenox Hill East,Manhattan,6,38319,221.0900920237169,299.38105135207786,0.738490599272132,1264,779
Battery Park City,Manhattan,6,23258,256.8950936663693,299.38105135207786,0.8580873522427969,230,89
Bay Ridge,Brooklyn,6,45813,241.89419003879252,299.38105135207786,0.8079809625436859,1866,1107
Brownsville,Brooklyn,6,43856,404.84366595729756,299.38105135207786,1.3522688364174178,3539,2829
Co-Op City,Bronx,6,26896,369.27350524442426,299.38105135207786,1.233456504934748,1629,942
East Chelsea,Manhattan,6,47938,229.26313572473728,299.38105135207786,0.7657904021958939,1055,636
East New York,Brooklyn,6,103267,308.3001392074976,299.38105135207786,1.0297917580793405,5835,4209
Springfield Gardens North,Queens,6,22661,326.4136850118669,299.38105135207786,1.0902950722422247,1551,930
Stapleton,Staten Island,6,13271,455.6554934823091,299.38105135207786,1.521991760749245,790,239
Gowanus,Brooklyn,6,9244,272.72341628959276,299.38105135207786,0.9109575073569529,228,122
East Flushing,Queens,6,10680,300.6016739585315,299.38105135207786,1.004077153851057,519,253
Red Hook,Brooklyn,6,10256,333.17997414736004,299.38105135207786,1.1128959987368539,535,307
Van Nest/Morris Park,Bronx,6,24634,294.74750885283703,299.38105135207786,0.9845229266237304,1412,856
Longwood,Bronx,6,18524,305.7862519918677,299.38105135207786,1.0213948097612136,938,662
Flushing Meadows-Corona Park,Queens,6,1314,270.8019877675841,299.38105135207786,0.9045395042357431,74,51
Parkchester,Bronx,6,28612,310.7731199546806,299.38105135207786,1.0380520695987718,1516,1114
Yorkville West,Manhattan,6,49317,275.07475985844286,299.38105135207786,0.918811523361743,1450,849
Steinway,Queens,6,43590,208.22973035905557,299.38105135207786,0.6955341008345027,963,441
Elmhurst,Queens,6,54150,261.85842457704575,299.38105135207786,0.874665993036063,2474,1525
Murray Hill,Manhattan,6,48109,221.81034670618232,299.38105135207786,0.7408964117950441,591,365
Soundview/Bruckner,Bronx,6,26778,338.76180744777474,299.38105135207786,1.1315405765256143,1301,933
Flatiron,Manhattan,6,39610,229.1176890911978,299.38105135207786,0.7653045777494816,335,206
Downtown Brooklyn/MetroTech,Brooklyn,6,25322,304.7538654408692,299.38105135207786,1.0179464066430606,625,357
Heartland Village/Todt Hill,Staten Island,6,5921,424.5611745513866,299.38105135207786,1.418129746802494,379,55
Eltingville/Annadale/Prince's Bay,Staten Island,6,3236,408.35818951481605,299.38105135207786,1.3640081350191364,135,10
Whitestone,Queens,6,10590,336.09214751386594,299.38105135207786,1.1226233123171685,685,307
West Brighton,Staten Island,6,5537,463.2918309859155,299.38105135207786,1.5474988443442783,214,75
Maspeth,Queens,6,41343,348.99804601631575,299.38105135207786,1.16573191402781,1396,954
Mott Haven/Port Morris,Bronx,6,56611,314.18678978543693,299.38105135207786,1.0494544940853563,2697,1799
Stuy Town/Peter Cooper Village,Manhattan,6,17536,329.7265906362545,299.38105135207786,1.1013609216319096,435,263
Bensonhurst East,Brooklyn,6,21607,249.16354215732454,299.38105135207786,0.8322622324694272,899,475
Fort Greene,Brooklyn,6,32711,332.85998540192315,299.38105135207786,1.111827164406853,1073,620
Corona,Queens,6,2423,280.9654591406908,299.38105135207786,0.9384877829501308,142,75
Cobble Hill,Brooklyn,6,7324,256.08198614318707,299.38105135207786,0.8553713903624105,70,40
Greenwich Village North,Manhattan,6,27694,258.10775240840474,299.38105135207786,0.8621379049967497,278,151
Bedford,Brooklyn,6,42926,402.20124043930184,299.38105135207786,1.3434425412792925,1783,1368
Roosevelt Island,Manhattan,6,5843,374.7593300564355,299.38105135207786,1.2517803927935016,204,83
Jamaica,Queens,6,51704,262.4989039379942,299.38105135207786,0.876805338054914,2757,1691
South Williamsburg,Brooklyn,6,6153,381.3115053050398,299.38105135207786,1.2736661307819719,391,242
Auburndale,Queens,6,5936,325.1568314726209,299.38105135207786,1.0860968989324253,297,168
Central Harlem North,Manhattan,6,69949,348.63971167595645,299.38105135207786,1.1645349967922634,3021,2164
Bushwick North,Brooklyn,6,41078,364.20413934631364,299.38105135207786,1.21652368345117,1958,1423
Van Cortlandt Park,Bronx,6,4387,338.4624741794813,299.38105135207786,1.1305407361317699,176,124
Arden Heights,Staten Island,6,3708,446.4040057224607,299.38105135207786,1.4910897122793554,239,26
Upper East Side South,Manhattan,6,31848,208.9657767541441,299.38105135207786,0.6979926612269002,471,257
Long Island City/Hunters Point,Queens,6,58107,277.5231632635053,299.38105135207786,0.926989741034521,1947,1134
Midwood,Brooklyn,6,19345,232.408262002233,299.38105135207786,0.7762958308570986,742,391
Flatbush/Ditmas Park,Brooklyn,6,65178,273.18219767113396,299.38105135207786,0.9124899402863893,3445,2525
Marble Hill,Manhattan,6,5396,268.8933058316145,299.38105135207786,0.8981640775768097,223,142
Meatpacking/West Village West,Manhattan,6,23310,274.80862713675214,299.38105135207786,0.917922580255662,270,172
Midtown North,Manhattan,6,28602,208.9172508907022,299.38105135207786,0.6978305739363962,278,155
Sunnyside,Queens,6,50184,269.08586072603265,299.38105135207786,0.8988072542025464,1883,1076
East Harlem South,Manhattan,6,53087,301.7256876510531,299.38105135207786,1.007831612215891,2467,1605
Corona,Queens,6,35343,286.3563971282286,299.38105135207786,0.9564947274885075,2200,1475
Prospect-Lefferts Gardens,Brooklyn,6,54830,382.14424347694745,299.38105135207786,1.2764476634412594,3015,2335
Stuyvesant Heights,Brooklyn,6,52431,413.22924065280716,299.38105135207786,1.3802785406309555,2766,2209
Crown Heights North,Brooklyn,6,79248,408.085798346056,299.38105135207786,1.3630982872932036,4084,3192
Lincoln Square East,Manhattan,6,36641,242.15167538364273,299.38105135207786,0.8088410214675468,517,318
Little Italy/NoLiTa,Manhattan,6,18383,267.8430339138405,299.38105135207786,0.8946559333137352,225,136
Sunset Park East,Brooklyn,6,21918,283.9142394072702,299.38105135207786,0.9483373718044086,1183,590
Rossville/Woodrow,Staten Island,6,2464,406.46592844974447,299.38105135207786,1.3576875577597352,58,7
Inwood,Manhattan,6,30322,252.24152117198474,299.38105135207786,0.8425433741808325,1199,767
East Tremont,Bronx,6,35283,323.143888809285,299.38105135207786,1.0793732180105866,1555,1070
Laurelton,Queens,6,17242,356.95321706339854,299.38105135207786,1.1923039733186545,1546,955
Claremont/Bathgate,Bronx,6,28443,302.6991829484902,299.38105135207786,1.01108330531083,1239,792
Borough Park,Brooklyn,6,20091,281.36112513887485,299.38105135207786,0.9398093963134252,1159,518
Homecrest,Brooklyn,6,14252,233.681429792082,299.38105135207786,0.7805484974306813,440,190
Sunset Park West,Brooklyn,6,32671,275.246159587039,299.38105135207786,0.9193840369788275,1391,834
University Heights/Morris Heights,Bronx,6,40069,322.8825177296015,299.38105135207786,1.0785001798590301,1880,1319
Allerton/Pelham Gardens,Bronx,6,22156,332.25606046640246,299.38105135207786,1.1098099193848543,856,592
Melrose South,Bronx,6,36466,307.3318666113187,299.38105135207786,1.0265575099804514,1580,1069
Jackson Heights,Queens,6,76351,245.77109502190572,299.38105135207786,0.8209306965552546,3314,1965
Brooklyn Navy Yard,Brooklyn,6,3263,515.0123992560447,299.38105135207786,1.7202571670121507,103,68
Penn Station/Madison Sq West,Manhattan,6,29715,203.37447549960885,299.38105135207786,0.6793164583433724,603,349
Forest Park/Highland Park,Queens,6,1275,356.981658692185,299.38105135207786,1.1923989747513035,81,45
Westerleigh,Staten Island,6,5850,388.0844294347672,299.38105135207786,1.2962892196486158,236,64
TriBeCa/Civic Center,Manhattan,6,50064,240.46276761103397,299.38105135207786,0.8031996899103849,316,164
Hillcrest/Pomonok,Queens,6,20848,337.7363193768257,299.38105135207786,1.1281152158813195,1143,663
Port Richmond,Staten Island,6,6407,433.9406114935169,299.38105135207786,1.4494591742988918,406,129
West Farms/Bronx River,Bronx,6,24653,328.4648821218075,299.38105135207786,1.097146531613741,1176,795
Boerum Hill,Brooklyn,6,32796,293.10229061586404,299.38105135207786,0.9790275279351935,536,324
Alphabet City,Manhattan,6,19566,342.435934258816,299.38105135207786,1.1438129858663124,1372,935
Ocean Hill,Brooklyn,6,33443,378.1309494677597,299.38105135207786,1.263042359427987,2099,1620
Williamsburg (South Side),Brooklyn,6,42942,324.7820459697273,299.38105135207786,1.0848450311164728,1207,748
West Village,Manhattan,6,37752,263.2151115007397,299.38105135207786,0.8791976322883364,383,190
Norwood,Bronx,6,32986,256.4239833923556,299.38105135207786,0.856513738041477,1367,863
Rockaway Park,Queens,6,4303,520.5327951564077,299.38105135207786,1.7386965300761508,188,81
East New York/Pennsylvania Avenue,Brooklyn,6,25494,356.27118576444303,299.38105135207786,1.1900258354877018,1748,1351
Washington Heights South,Manhattan,6,57114,249.73208611517725,299.38105135207786,0.8341612970738336,2352,1764
Manhattan Beach,Brooklyn,6,6028,273.00810263335586,299.38105135207786,0.9119084237308429,238,97
Westchester Village/Unionport,Bronx,6,20648,300.0930243926284,299.38105135207786,1.0023781499775457,1221,905
Van Cortlandt Village,Bronx,6,36319,276.6850579827025,299.38105135207786,0.9241902810252195,1522,1012
West Concourse,Bronx,6,34231,298.6255227660953,299.38105135207786,0.9974763647112252,1273,840
West Chelsea/Hudson Yards,Manhattan,6,36618,244.0873436802144,299.38105135207786,0.8153065886363094,709,392
Brooklyn Heights,Brooklyn,6,24185,273.6224723052576,299.38105135207786,0.9139605565198992,435,250
Clinton Hill,Brooklyn,6,31609,359.102475379292,299.38105135207786,1.1994829791581585,910,620
Forest Hills,Queens,6,49134,271.8395404699739,299.38105135207786,0.9080051634606806,1872,1161
Saint George/New Brighton,Staten Island,6,17504,446.9348929467359,299.38105135207786,1.492862994929936,957,344
Crotona Park East,Bronx,6,17980,345.24138708767975,299.38105135207786,1.153183828864537,851,559
Jamaica Estates,Queens,6,11779,341.23994766681204,299.38105135207786,1.1398181218406749,766,491
East Flatbush/Farragut,Brooklyn,6,38257,388.09492190650286,299.38105135207786,1.2963242668624868,2613,2036
Howard Beach,Queens,6,12392,334.550423658415,299.38105135207786,1.1174736081241738,534,244
Williamsbridge/Olinville,Bronx,6,43344,375.7781784969907,299.38105135207786,1.2551835755799665,3135,2176
Belmont,Bronx,6,21845,292.98440762912435,299.38105135207786,0.9786337722642608,916,563
World Trade Center,Manhattan,6,17071,276.58990178796273,299.38105135207786,0.9238724379476098,252,136
Flushing,Queens,6,34655,264.6775608166168,299.38105135207786,0.884082541701515,1474,678
Upper West Side North,Manhattan,6,35376,275.99541696621134,299.38105135207786,0.9218867250273479,919,550
Mount Hope,Bronx,6,38420,296.45579428451356,299.38105135207786,0.9902289839174753,1727,1111
Hammels/Arverne,Queens,6,13160,559.2995001612383,299.38105135207786,1.868186037944971,1100,545
Bedford Park,Bronx,6,38503,283.1686226227275,299.38105135207786,0.9458468441602064,1856,1188
Murray Hill-Queens,Queens,6,14866,299.42765737874095,299.38105135207786,1.0001556746041629,692,301
Queens Village,Queens,6,25387,375.43261471757194,299.38105135207786,1.2540293148882558,1714,1106
Two Bridges/Seward Park,Manhattan,6,28617,355.4155754651964,299.38105135207786,1.1871679047823935,1640,1025
Douglaston,Queens,6,4299,404.21507816439737,299.38105135207786,1.3501692119085809,340,87
Ozone Park,Queens,6,13513,266.3694899954867,299.38105135207786,0.8897339654346762,933,531
Hunts Point,Bronx,6,24162,313.44367374226977,299.38105135207786,1.0469723194794116,1167,708
Woodhaven,Queens,6,35718,307.959431355232,299.38105135207786,1.028653717275733,2289,1562
East Flatbush/Remsen Village,Brooklyn,6,44183,439.9211153534652,299.38105135207786,1.4694354013611555,3393,2626
College Point,Queens,6,14821,330.50513332873976,299.38105135207786,1.103961429209023,831,377
Glen Oaks,Queens,6,5143,340.155794165316,299.38105135207786,1.1361968054727896,389,150
Lenox Hill West,Manhattan,6,45839,225.30871525339253,299.38105135207786,0.7525817490313546,750,481
Upper East Side North,Manhattan,6,39316,246.2920144611622,299.38105135207786,0.8226706845635267,816,434
Fordham South,Bronx,6,16368,289.4430317244785,299.38105135207786,0.9668047807878393,705,471
Brighton Beach,Brooklyn,6,10259,242.7123110580748,299.38105135207786,0.810713670627873,632,287
East Concourse/Concourse Village,Bronx,6,44457,304.1459555313054,299.38105135207786,1.0159158509121002,1823,1155
Great Kills,Staten Island,6,5444,460.85454896658297,299.38105135207786,1.5393577745994658,231,27
Bloomfield/Emerson Hill,Staten Island,6,13387,398.7393765508685,299.38105135207786,1.3318791378080348,899,273
Oakland Gardens,Queens,6,5214,355.6362159967519,299.38105135207786,1.1879048937486592,379,174
Long Island City/Queens Plaza,Queens,6,18470,234.18976021463305,299.38105135207786,0.7822464352936666,681,448
Pelham Parkway,Bronx,6,28054,311.89924215084807,299.38105135207786,1.0418135708396874,1272,830
Bensonhurst West,Brooklyn,6,27792,253.94441193680515,299.38105135207786,0.8482314120747797,1619,980
Midtown East,Manhattan,6,27736,197.80568128609335,299.38105135207786,0.660715434035503,367,223
Midtown Center,Manhattan,6,23623,206.5368553811659,299.38105135207786,0.689879517920039,351,199
Kew Gardens,Queens,6,24011,266.18304782903664,299.38105135207786,0.8891112066942415,742,478
Highbridge,Bronx,6,31214,305.76766273623,299.38105135207786,1.0213327174692877,1303,816
Bronx Park,Bronx,6,2063,330.1770475723394,299.38105135207786,1.1028655490425305,146,106
Crown Heights South,Brooklyn,6,22701,401.2778522869167,299.38105135207786,1.340358217310842,1052,808
SoHo,Manhattan,6,15051,258.3933360984377,299.38105135207786,0.8630918187088674,135,71
Cambria Heights,Queens,6,11343,380.94056261343013,299.38105135207786,1.272427098819413,898,587
Briarwood/Jamaica Hills,Queens,6,26135,276.70941596215,299.38105135207786,0.9242716421512409,1380,886
Middle Village,Queens,6,22919,334.8895749122729,299.38105135207786,1.1186064495392407,894,495
Madison,Brooklyn,6,14711,239.1720729500209,299.38105135207786,0.7988884796477982,554,267
Washington Heights North,Manhattan,6,43923,266.1679455387639,299.38105135207786,0.88906076165036,1736,1231
Cypress Hills,Brooklyn,6,32901,297.610640272193,299.38105135207786,0.9940864290779619,2103,1523
East Elmhurst,Queens,6,25936,233.90742560635246,299.38105135207786,0.7813033742448611,936,502
Bushwick South,Brooklyn,6,67891,377.47119941669706,299.38105135207786,1.2608386459729,3269,2545
Elmhurst/Maspeth,Queens,6,26654,267.97382337387626,299.38105135207786,0.8950927995063185,1022,666
Bath Beach,Brooklyn,6,9779,249.7752890926138,299.38105135207786,0.8343056047287151,543,355
Gramercy,Manhattan,6,42755,249.97677198975234,299.38105135207786,0.8349786028901838,603,369
Erasmus,Brooklyn,6,25819,340.82452046667987,299.38105135207786,1.1384305016213725,1964,1562
Hamilton Heights,Manhattan,6,37720,306.6054314830876,299.38105135207786,1.0241310533795733,1755,1197
Dyker Heights,Brooklyn,6,17473,269.8118598696462,299.38105135207786,0.9012322545168107,950,492
Saint Albans,Queens,6,39359,414.6770962412226,299.38105135207786,1.3851147037143456,3112,2242
Upper West Side South,Manhattan,6,36034,257.54121587574474,299.38105135207786,0.8602455456436731,551,314
Financial District South,Manhattan,6,8746,277.06814833005893,299.38105135207786,0.9254698888882632,196,112
Manhattan Valley,Manhattan,6,21671,301.6978170578576,299.38105135207786,1.007738518170461,659,358
Mariners Harbor,Staten Island,6,14202,356.7677558348294,299.38105135207786,1.191684491131216,701,179
Bronxdale,Bronx,6,23654,347.13774092909955,299.38105135207786,1.1595180769168283,1105,809
Carroll Gardens,Brooklyn,6,14963,263.056804650837,299.38105135207786,0.8786688518288259,190,92
Eastchester,Bronx,6,25968,381.2995589555443,299.38105135207786,1.2736262272896113,1837,1132
East Village,Manhattan,6,50767,272.9571121491464,299.38105135207786,0.9117381040530304,1008,624
Queensboro Hill,Queens,6,11931,278.10025402201524,299.38105135207786,0.92891735387409,544,285
Rosedale,Queens,6,16644,408.5525928650239,299.38105135207786,1.3646574859026672,1763,992
Ocean Parkway South,Brooklyn,6,6437,234.10348635431455,299.38105135207786,0.7819582612094056,237,89
Queensbridge/Ravenswood,Queens,6,15272,267.5225194717237,299.38105135207786,0.8935853430386683,867,471
Flatlands,Brooklyn,6,45689,348.7301184433164,299.38105135207786,1.1648369757149497,3134,2316
Columbia Street,Brooklyn,6,3545,283.97666766377506,299.38105135207786,0.9485458962124261,44,25
Times Sq/Theatre District,Manhattan,6,49088,216.83125787043514,299.38105135207786,0.7242651359903116,596,376
Fresh Meadows,Queens,6,6412,351.26123101518783,299.38105135207786,1.1732914605944713,639,303
Spuyten Duyvil/Kingsbridge,Bronx,6,24822,262.39261140235914,299.38105135207786,0.876450297095725,1030,563
Richmond Hill,Queens,6,44237,277.95014078703383,299.38105135207786,0.9284159419300025,2115,1228
Prospect Park,Brooklyn,6,1431,299.5069597069597,299.38105135207786,1.0004205622042985,73,54
Pelham Bay Park,Bronx,6,1128,319.7224199288256,299.38105135207786,1.0679447429450901,70,39
Central Park,Manhattan,6,4025,238.30054644808743,299.38105135207786,0.7959773852482114,87,47
Greenwich Village South,Manhattan,6,15604,270.0287314179055,299.38105135207786,0.9019566542317553,383,219
Schuylerville/Edgewater Park,Bronx,6,29908,337.2485426964377,299.38105135207786,1.1264859321367904,1598,1031
Oakwood,Staten Island,6,3309,435.4010168414363,299.38105135207786,1.4543372563996921,114,26
Kew Gardens Hills,Queens,6,16841,315.37002498933384,299.38105135207786,1.0534067656087314,619,293
Bloomingdale,Manhattan,6,9410,293.386388827311,299.38105135207786,0.9799764798149599,324,213
Manhattanville,Manhattan,6,15483,320.1940791647393,299.38105135207786,1.06952019080254,918,681
Financial District North,Manhattan,6,36570,266.82772311914283,299.38105135207786,0.8912645670595508,522,217
Kensington,Brooklyn,6,16510,249.25117457962415,299.38105135207786,0.8325549444560537,810,492
Morningside Heights,Manhattan,6,19154,285.26341516998957,299.38105135207786,0.9528439220908284,615,407
Yorkville East,Manhattan,6,30932,267.0506225201806,299.38105135207786,0.8920091011575877,886,491
Kingsbridge Heights,Bronx,6,21993,273.90458488228006,299.38105135207786,0.9149028759343991,857,593
Morrisania/Melrose,Bronx,6,34458,315.6522774722851,299.38105135207786,1.0543495523404784,1717,1226
Clinton West,Manhattan,6,35336,248.081951474952,299.38105135207786,0.82864947649343,1039,568
Charleston/Tottenville,Staten Island,6,2931,469.9920116194626,299.38105135207786,1.5698789535839492,143,20
East Williamsburg,Brooklyn,6,40496,312.97527598311035,299.38105135207786,1.0454077656873662,1189,782
Glendale,Queens,6,22124,351.46878311754136,299.38105135207786,1.1739847312654645,980,663
Seaport,Manhattan,6,10378,282.3283076923077,299.38105135207786,0.9430400034245461,130,73
Lower East Side,Manhattan,6,32187,272.40483324004873,299.38105135207786,0.9098933683671764,867,568
Pelham Bay,Bronx,6,11163,305.7048882427767,299.38105135207786,1.0211230365520425,484,327
Country Club,Bronx,6,3659,364.9590871138324,299.38105135207786,1.2190453786757316,159,67
Jamaica,Queens,7,70440,300.40849602470314,318.132485561911,0.9442873949012082,3486,2052
Midtown North,Manhattan,7,46504,202.43649369819462,318.132485561911,0.6363276398530479,316,164
Meatpacking/West Village West,Manhattan,7,37946,257.36831613824313,318.132485561911,0.8089972820086533,162,72
Bath Beach,Brooklyn,7,18916,277.12224663701164,318.132485561911,0.8710906908721887,821,399
Cambria Heights,Queens,7,16805,410.10261741682973,318.132485561911,1.289093808488227,922,591
Kensington,Brooklyn,7,25869,277.7773583421808,318.132485561911,0.8731499326500664,663,365
Crown Heights South,Brooklyn,7,34580,428.5017372126046,318.132485561911,1.3469285805746956,1335,956
East Concourse/Concourse Village,Bronx,7,75561,333.0404064909159,318.132485561911,1.0468607313166192,2808,1871
Woodlawn/Wakefield,Bronx,7,40671,402.2258929474856,318.132485561911,1.2643345499188556,2381,1456
Ocean Hill,Brooklyn,7,48231,439.0334788311437,318.132485561911,1.3800334727077235,2487,1718
Murray Hill-Queens,Queens,7,25564,296.0366435903557,318.132485561911,0.9305451565798827,910,454
Gravesend,Brooklyn,7,24317,273.6634964334877,318.132485561911,0.8602186474296122,873,390
Clinton West,Manhattan,7,55051,252.74542274486456,318.132485561911,0.7944659354685059,1195,649
Kew Gardens,Queens,7,29339,308.5887152777778,318.132485561911,0.9700006421309781,859,435
Forest Park/Highland Park,Queens,7,1533,412.6994680851064,318.132485561911,1.2972566047637784,113,69
Middle Village,Queens,7,34636,368.40444798395424,318.132485561911,1.1580220967791104,1377,806
Battery Park City,Manhattan,7,39602,230.96696921252126,318.132485561911,0.7260087532543839,413,151
Bronx Park,Bronx,7,2828,387.37692583303476,318.132485561911,1.2176591307511986,132,97
Upper West Side South,Manhattan,7,58689,286.1628402578797,318.132485561911,0.8995083911422501,1035,622
Yorkville East,Manhattan,7,46541,305.74705644436455,318.132485561911,0.9610683294550373,1208,750
Pelham Bay,Bronx,7,18739,340.34898048195396,318.132485561911,1.0698340972026243,706,448
Richmond Hill,Queens,7,60569,331.541403626595,318.132485561911,1.04214884890174,2322,1245
East Harlem North,Manhattan,7,85488,333.4899752357367,318.132485561911,1.0482738807597725,3047,2086
Ocean Parkway South,Brooklyn,7,13025,284.80786298170494,318.132485561911,0.89524923076829,332,150
Long Island City/Queens Plaza,Queens,7,24220,246.09999577363595,318.132485561911,0.7735770691224899,780,464
Rosedale,Queens,7,23915,425.24776397778817,318.132485561911,1.3367002216912292,2143,1278
Windsor Terrace,Brooklyn,7,18166,282.1374950612406,318.132485561911,0.8868553444421334,286,149
Bensonhurst East,Brooklyn,7,39601,273.4145942073483,318.132485561911,0.8594362619850707,1326,650
East New York/Pennsylvania Avenue,Brooklyn,7,36958,401.1120033227191,318.132485561911,1.2608332110889056,1912,1441
New Dorp/Midland Beach,Staten Island,7,6639,412.7026315789474,318.132485561911,1.2972665487147566,315,81
Pelham Bay Park,Bronx,7,2258,351.4953187695051,318.132485561911,1.1048708783973005,101,46
Greenwich Village South,Manhattan,7,20498,258.7620143021453,318.132485561911,0.8133781554722372,339,197
East New York,Brooklyn,7,152132,369.6927690279051,318.132485561911,1.1620717336518598,7229,4956
Forest Hills,Queens,7,81173,299.71107966286365,318.132485561911,0.9420951750132969,2531,1183
DUMBO/Vinegar Hill,Brooklyn,7,23977,306.35932130584195,318.132485561911,0.9629928888422874,463,233
Lincoln Square West,Manhattan,7,62180,290.6873988555031,318.132485561911,0.9137306375426194,1578,830
Arrochar/Fort Wadsworth,Staten Island,7,7245,422.83683612610054,318.132485561911,1.3291218448793507,361,95
Parkchester,Bronx,7,44623,381.1170890426653,318.132485561911,1.1979823071809403,1776,1197
Eltingville/Annadale/Prince's Bay,Staten Island,7,5977,407.74568589855323,318.132485561911,1.2816851607542068,210,44
Fresh Meadows,Queens,7,8724,332.53866853866856,318.132485561911,1.0452835960820293,321,119
Bayside,Queens,7,22854,309.3279553072626,318.132485561911,0.9723243282147149,1009,406
Steinway,Queens,7,64041,213.75620095181065,318.132485561911,0.6719093794343491,1358,603
Bay Ridge,Brooklyn,7,76101,275.38756848265103,318.132485561911,0.8656379998296607,2313,1110
Soundview/Castle Hill,Bronx,7,68356,428.0101895557054,318.132485561911,1.3453834769489812,3661,2374
Bay Terrace/Fort Totten,Queens,7,8039,368.6417680973735,318.132485561911,1.1587680756532894,510,151
Van Cortlandt Village,Bronx,7,56892,323.56086016896177,318.132485561911,1.0170632514861309,2036,1331
Fort Greene,Brooklyn,7,46139,335.36039426523297,318.132485561911,1.0541532521361114,1430,838
Garment District,Manhattan,7,27422,206.67779639225463,318.132485561911,0.6496595153657566,526,293
Sheepshead Bay,Brooklyn,7,46636,299.25164609950724,318.132485561911,0.9406510170470177,1591,754
Laurelton,Queens,7,26384,366.6142065568724,318.132485561911,1.1523947512286559,1317,795
Bushwick South,Brooklyn,7,83871,398.49787181695166,318.132485561911,1.252616095187805,3357,2379
Manhattan Beach,Brooklyn,7,12507,293.5563879162935,318.132485561911,0.9227488585385764,450,150
Far Rockaway,Queens,7,25988,469.08806988153646,318.132485561911,1.4745054063026468,1765,845
Prospect Park,Brooklyn,7,2415,331.6353092783505,318.132485561911,1.0424440267160702,81,53
Coney Island,Brooklyn,7,38039,335.89849613946353,318.132485561911,1.055844691705007,1553,780
Pelham Parkway,Bronx,7,39198,347.4141188684142,318.132485561911,1.0920422611189287,1538,939
Kips Bay,Manhattan,7,54662,246.53417754472088,318.132485561911,0.7749418520063192,3582,2448
Claremont/Bathgate,Bronx,7,49268,334.19453545156705,318.132485561911,1.0504885562418624,1620,942
Upper East Side South,Manhattan,7,64845,229.54816416717597,318.132485561911,0.7215489602130059,720,372
Inwood Hill Park,Manhattan,7,3151,226.3665573770492,318.132485561911,0.7115480739957207,135,97
Starrett City,Brooklyn,7,20041,426.97270122427716,318.132485561911,1.342122293704536,889,577
Clinton Hill,Brooklyn,7,44537,370.39648524222383,318.132485561911,1.164283756146437,1067,701
Queensbridge/Ravenswood,Queens,7,21603,276.5997707517432,318.132485561911,0.869448369169815,784,441
North Corona,Queens,7,30381,315.0466165413534,318.132485561911,0.9903000505745049,1261,684
Central Harlem North,Manhattan,7,113199,362.3739933552418,318.132485561911,1.1390663003659873,3762,2627
Bronxdale,Bronx,7,32730,370.42718355908454,318.132485561911,1.1643802515320196,1500,1120
East Flushing,Queens,7,17060,304.0509278472758,318.132485561911,0.955736812951487,792,390
Madison,Brooklyn,7,30034,274.8840384291252,318.132485561911,0.8640552314033667,1033,600
Brighton Beach,Brooklyn,7,23156,255.52789510735656,318.132485561911,0.8032122046763719,1093,453
Williamsburg (North Side),Brooklyn,7,46255,312.45609084190016,318.132485561911,0.9821571358549419,616,328
Great Kills,Staten Island,7,9835,431.59802375696415,318.132485561911,1.3566612758663779,407,78
Old Astoria,Queens,7,46662,259.0302819352593,318.132485561911,0.8142214130623578,1333,676
Highbridge,Bronx,7,51848,350.16881430623044,318.132485561911,1.10070121788328,1794,1135
Glendale,Queens,7,31449,419.41148089799134,318.132485561911,1.3183547733492018,1245,796
World Trade Center,Manhattan,7,23677,262.2943486125204,318.132485561911,0.8244814991126581,335,156
SoHo,Manhattan,7,21800,256.6768192680755,318.132485561911,0.8068236691223546,133,68
Borough Park,Brooklyn,7,40032,289.0728135627633,318.132485561911,0.9086554397366237,1522,745
Van Cortlandt Park,Bronx,7,7128,393.2943525385054,318.132485561911,1.2362596414630136,382,257
West Village,Manhattan,7,47790,245.91685508297428,318.132485561911,0.7730013948390599,398,134
Midtown East,Manhattan,7,40953,186.3339743096685,318.132485561911,0.5857118740343369,385,224
Seaport,Manhattan,7,13846,273.3523694718602,318.132485561911,0.8592406682047683,193,92
Briarwood/Jamaica Hills,Queens,7,41011,301.51799520786506,318.132485561911,0.947774933060671,1472,773
Country Club,Bronx,7,6563,433.931332495286,318.132485561911,1.363995669064861,301,149
Park Slope,Brooklyn,7,73407,246.1246103306074,318.132485561911,0.7736544411548618,1107,620
Stuy Town/Peter Cooper Village,Manhattan,7,25466,350.97281077770975,318.132485561911,1.1032284557730518,623,362
Brooklyn Navy Yard,Brooklyn,7,2125,365.1489260143198,318.132485561911,1.1477888696885659,85,52
Bloomingdale,Manhattan,7,13696,285.16166805167336,318.132485561911,0.8963613619904238,415,270
Cobble Hill,Brooklyn,7,12101,278.9915507382436,318.132485561911,0.8769665576448957,228,114
Maspeth,Queens,7,47515,348.6443549418233,318.132485561911,1.0959093169187668,1592,914
Roosevelt Island,Manhattan,7,8003,373.3490330219708,318.132485561911,1.1735646309823782,308,147
Hammels/Arverne,Queens,7,21613,553.6314225880291,318.132485561911,1.7402542893730613,1443,789
Douglaston,Queens,7,6309,358.87216909914446,318.132485561911,1.1280588603369939,396,112
Queens Village,Queens,7,38818,385.3794220688565,318.132485561911,1.2113802882725686,2127,1155
Flatbush/Ditmas Park,Brooklyn,7,95294,334.64836852619595,318.132485561911,1.051915109942681,4275,2974
Homecrest,Brooklyn,7,32975,261.38125,318.132485561911,0.8216113156074822,958,422
Springfield Gardens South,Queens,7,28424,341.1689930209372,318.132485561911,1.0724116791101583,1741,948
Marble Hill,Manhattan,7,8139,316.2540378114436,318.132485561911,0.9940953915877232,348,251
Lower East Side,Manhattan,7,38991,292.4465515844072,318.132485561911,0.9192602606045238,897,558
West Farms/Bronx River,Bronx,7,35367,415.69573942125925,318.132485561911,1.3066749178004387,1699,1219
Elmhurst,Queens,7,73781,279.03186681867504,318.132485561911,0.8770932849747384,2865,1761
Riverdale/North Riverdale/Fieldston,Bronx,7,29370,334.18286534556404,318.132485561911,1.0504518730782981,1172,668
Greenwich Village North,Manhattan,7,37444,248.1705707687232,318.132485561911,0.7800855996531901,380,160
Sutton Place/Turtle Bay North,Manhattan,7,57371,224.65093396192722,318.132485561911,0.7061552785630515,718,418
Stapleton,Staten Island,7,19588,475.1556298307917,318.132485561911,1.4935778375211632,904,337
Rego Park,Queens,7,26746,328.6202324874639,318.132485561911,1.0329666016566295,986,530
Washington Heights North,Manhattan,7,69661,287.64777494206345,318.132485561911,0.9041760524204153,2186,1443
Spuyten Duyvil/Kingsbridge,Bronx,7,41052,314.8011998705534,318.132485561911,0.9895286214311826,1577,1010
Bedford,Brooklyn,7,58850,425.20432858894395,318.132485561911,1.3365636893004313,2162,1452
Alphabet City,Manhattan,7,25196,368.3195880604513,318.132485561911,1.1577553528049669,1568,1017
West Brighton,Staten Island,7,9542,482.9219072444879,318.132485561911,1.5179899229451927,428,163
Soundview/Bruckner,Bronx,7,32197,419.38703733121525,318.132485561911,1.3182779387979207,1382,938
Bensonhurst West,Brooklyn,7,51086,286.940303253115,318.132485561911,0.9019522251753013,1817,855
College Point,Queens,7,22388,322.98212086659066,318.132485561911,1.0152440744808373,1390,636
Midwood,Brooklyn,7,39798,281.6333027007709,318.132485561911,0.8852704941569476,1221,628
Sunset Park West,Brooklyn,7,49248,277.0776376499539,318.132485561911,0.8709504694578966,1661,909
Springfield Gardens North,Queens,7,32617,358.34723086496575,318.132485561911,1.1264087986237064,1892,1124
Brooklyn Heights,Brooklyn,7,35968,292.9386421466574,318.132485561911,0.9208070707687893,294,156
Greenpoint,Brooklyn,7,82638,333.67936925098553,318.132485561911,1.0488692113966747,1766,936
East Harlem South,Manhattan,7,84822,298.9842852861852,318.132485561911,0.9398106099039062,4135,2733
Belmont,Bronx,7,30247,324.2929769039122,318.132485561911,1.0193645466011434,1091,704
Marine Park/Mill Basin,Brooklyn,7,30239,413.3076738526922,318.132485561911,1.2991684050205536,1492,944
East Village,Manhattan,7,61098,289.82961481079616,318.132485561911,0.911034326780165,1219,740
Flushing,Queens,7,46032,262.727994661328,318.132485561911,0.8258445980368112,1879,936
Longwood,Bronx,7,30120,331.58302046338576,318.132485561911,1.0422796649569357,1148,756
Washington Heights South,Manhattan,7,91550,275.6240413471157,318.132485561911,0.8663813155084948,3183,2254
Downtown Brooklyn/MetroTech,Brooklyn,7,32973,314.2844071673656,318.132485561911,0.9879041639279666,677,385
Dyker Heights,Brooklyn,7,29782,306.5251320497529,318.132485561911,0.963514089132846,836,418
Clinton East,Manhattan,7,76843,218.48909033988048,318.132485561911,0.6867864812798593,1613,900
Erasmus,Brooklyn,7,35491,400.6479406199971,318.132485561911,1.2593745021428437,1640,1293
South Beach/Dongan Hills,Staten Island,7,11766,384.44651081950116,318.132485561911,1.20844782682429,726,201
Bellerose,Queens,7,11501,330.0636661066407,318.132485561911,1.0375038107901993,558,257
Little Italy/NoLiTa,Manhattan,7,23922,270.27475749083857,318.132485561911,0.849566673499117,316,141
Red Hook,Brooklyn,7,18543,328.04821744906997,318.132485561911,1.0311685613295511,673,330
Grymes Hill/Clifton,Staten Island,7,13428,497.0956040577928,318.132485561911,1.5625427349231025,996,373
Crotona Park,Bronx,7,1471,370.8336798336798,318.132485561911,1.1656580093626205,40,25
Kingsbridge Heights,Bronx,7,35373,319.1311602750367,318.132485561911,1.0031391786706778,1121,757
Fordham South,Bronx,7,23843,331.83156680058124,318.132485561911,1.043060931719921,627,397
Ridgewood,Queens,7,59302,383.35605628938964,318.132485561911,1.2050201525703217,2285,1516
Gowanus,Brooklyn,7,13761,278.4959922091542,318.132485561911,0.8754088464661268,375,212
Elmhurst/Maspeth,Queens,7,33486,284.6975687548896,318.132485561911,0.8949025380166191,1228,787
Schuylerville/Edgewater Park,Bronx,7,46276,372.7154965546089,318.132485561911,1.1715732076096819,2098,1194
Oakwood,Staten Island,7,5350,424.9080325960419,318.132485561911,1.335632328919618,308,78
East Flatbush/Remsen Village,Brooklyn,7,62467,469.90312733305683,318.132485561911,1.4770674126632382,4232,3299
Penn Station/Madison Sq West,Manhattan,7,43092,198.0495396966565,318.132485561911,0.6225379321034933,598,280
Lincoln Square East,Manhattan,7,57322,258.7651437325403,318.132485561911,0.8133879923500696,785,483
Baisley Park,Queens,7,58973,334.784078724361,318.132485561911,1.0523416938482049,2833,1759
Bushwick North,Brooklyn,7,47062,363.1920461974286,318.132485561911,1.1416377222713672,2050,1456
Heartland Village/Todt Hill,Staten Island,7,9991,412.34059323791746,318.132485561911,1.2961285374852827,670,139
Highbridge Park,Manhattan,7,1071,319.9103908484271,318.132485561911,1.005588568810808,62,43
Canarsie,Brooklyn,7,105728,434.46554544923356,318.132485561911,1.365674884417559,6282,4385
Manhattanville,Manhattan,7,22761,302.9081779053085,318.132485561911,0.9521447562020832,849,556
Columbia Street,Brooklyn,7,5952,315.6395974318931,318.132485561911,0.9921639937976948,78,41
Glen Oaks,Queens,7,8151,328.59611231101513,318.132485561911,1.0328907836325563,700,242
Norwood,Bronx,7,52916,291.6409250899074,318.132485561911,0.9167278989908494,1991,1335
Woodhaven,Queens,7,47512,350.34107327141385,318.132485561911,1.1012426871547352,2555,1594
Crotona Park East,Bronx,7,31067,400.99149983590416,318.132485561911,1.2604544271159261,1301,869
East Tremont,Bronx,7,58756,365.1379370446544,318.132485561911,1.1477543275711646,2527,1541
Upper East Side North,Manhattan,7,72140,277.48164543448866,318.132485561911,0.8722204051069429,857,506
Yorkville West,Manhattan,7,60921,299.1726206708481,318.132485561911,0.9404026129001745,1577,905
Williamsbridge/Olinville,Bronx,7,60995,407.62876975435523,318.132485561911,1.281317653034926,3139,2161
Sunnyside,Queens,7,68309,278.2144627302002,318.132485561911,0.8745239023257735,2056,1211
Midtown South,Manhattan,7,63941,207.44812670635835,318.132485561911,0.6520809289247745,692,334
Financial District North,Manhattan,7,46995,254.28514449965462,318.132485561911,0.7993058113839456,423,237
Kew Gardens Hills,Queens,7,24428,313.1413765723599,318.132485561911,0.984311224989377,901,450
East Elmhurst,Queens,7,37826,252.8853869735922,318.132485561911,0.7949058912576182,1356,721
Hunts Point,Bronx,7,38620,362.84720980381843,318.132485561911,1.140553782688771,1422,825
Corona,Queens,7,3448,309.3733137829912,318.132485561911,0.9724669055301013,193,111
Flatlands,Brooklyn,7,71348,434.5656388172771,318.132485561911,1.3659895123558745,3765,2724
TriBeCa/Civic Center,Manhattan,7,80709,231.32039263679835,318.132485561911,0.7271196848326313,399,177
Port Richmond,Staten Island,7,10385,409.5765756921264,318.132485561911,1.287440278124064,582,152
Long Island City/Hunters Point,Queens,7,72317,265.870368287883,318.132485561911,0.8357221609050128,2075,1174
Flatiron,Manhattan,7,54607,212.72840529996043,318.132485561911,0.6686786636209834,395,197
Eastchester,Bronx,7,38816,410.82276914977626,318.132485561911,1.2913574934799517,2093,1383
Boerum Hill,Brooklyn,7,42835,301.0076474872542,318.132485561911,0.9461707343580158,659,371
Auburndale,Queens,7,10617,314.36685415050425,318.132485561911,0.9881633231992779,258,113
Westchester Village/Unionport,Bronx,7,31212,348.2319812487792,318.132485561911,1.0946130843371877,1257,845
Mott Haven/Port Morris,Bronx,7,95516,307.93813950520115,318.132485561911,0.9679556583518851,3192,2080
Woodside,Queens,7,55429,241.02201045861196,318.132485561911,0.7576152118916736,1793,1093
Mount Hope,Bronx,7,62564,348.4953112789789,318.132485561911,1.095440821340325,1796,1129
East Flatbush/Farragut,Brooklyn,7,56390,431.9564137931034,318.132485561911,1.3577878192167252,2935,2278
Jamaica Estates,Queens,7,19429,348.4553754131906,318.132485561911,1.0953152891560913,849,441
Williamsburg (South Side),Brooklyn,7,49848,360.1155982459804,318.132485561911,1.1319673865116775,1219,726
South Jamaica,Queens,7,54181,405.883448702797,318.132485561911,1.2758315076999862,2882,1887
Central Harlem,Manhattan,7,62826,321.83195132721653,318.132485561911,1.0116286953807037,1945,1391
East Williamsburg,Brooklyn,7,47011,344.31935228720835,318.132485561911,1.0823143435950717,1376,881
Co-Op City,Bronx,7,40031,380.84418318102473,318.132485561911,1.197124470040673,2033,1339
Inwood,Manhattan,7,45610,243.05795322681425,318.132485561911,0.7640148814023374,1498,936
Corona,Queens,7,48755,326.2351533563611,318.132485561911,1.025469476278534,2086,1267
Carroll Gardens,Brooklyn,7,21634,280.51959195347507,318.132485561911,0.8817697176005116,343,192
Hamilton Heights,Manhattan,7,53648,335.15562130177517,318.132485561911,1.053509580166881,2061,1433
Saint Albans,Queens,7,57217,442.1800477514076,318.132485561911,1.3899242228293471,3580,2282
Cypress Hills,Brooklyn,7,45054,336.25039673543415,318.132485561911,1.056950836509267,1954,1264
Oakland Gardens,Queens,7,10230,341.4212432106216,318.132485561911,1.073204588357508,404,137
LaGuardia Airport,Queens,7,65410,211.3658166549177,318.132485561911,0.6643955780925249,271,127
Hollis,Queens,7,16974,438.74578014398935,318.132485561911,1.3791291366206804,961,589
Chinatown,Manhattan,7,11719,319.88196227751706,318.132485561911,1.0054992080186844,514,256
Whitestone,Queens,7,14378,327.8913058982954,318.132485561911,1.030675334268827,751,314
Rossville/Woodrow,Staten Island,7,3814,376.51992305578455,318.132485561911,1.1835318307426073,108,12
Jackson Heights,Queens,7,101697,266.7900688886234,318.132485561911,0.8386130967335746,3091,1727
Lenox Hill East,Manhattan,7,65829,235.03534061846082,318.132485561911,0.7387970461530285,3329,2245
Queensboro Hill,Queens,7,21244,269.9264069264069,318.132485561911,0.8484716876669837,860,435
Bedford Park,Bronx,7,63647,334.4209398976982,318.132485561911,1.0512002234132651,2002,1181
East Chelsea,Manhattan,7,72569,207.83553195134488,318.132485561911,0.6532986770723812,1172,608
Hillcrest/Pomonok,Queens,7,29944,323.87397669757803,318.132485561911,1.018047484605434,1277,689
Financial District South,Manhattan,7,12240,250.40332390987749,318.132485561911,0.7871039119679814,247,129
Saint George/New Brighton,Staten Island,7,25019,445.22262981984187,318.132485561911,1.3994881064517952,1098,381
Times Sq/Theatre District,Manhattan,7,71503,206.40516237745098,318.132485561911,0.6488025327337499,570,352
Prospect Heights,Brooklyn,7,24915,324.21223876861467,318.132485561911,1.0191107588273016,506,360
Arden Heights,Staten Island,7,4857,416.5826890034364,318.132485561911,1.309462905894803,326,69
South Ozone Park,Queens,7,90588,289.59022880909407,318.132485561911,0.9102818541074066,3606,1982
University Heights/Morris Heights,Bronx,7,59476,381.33598955828813,318.132485561911,1.1986703869136222,1890,1160
West Concourse,Bronx,7,57909,336.5033075496132,318.132485561911,1.0577458223269913,1901,1177
Central Park,Manhattan,7,8931,242.90739894953185,318.132485561911,0.7635416374423046,191,115
City Island,Bronx,7,1497,625.5948148148149,318.132485561911,1.9664600228104319,52,14
Astoria,Queens,7,109249,240.5624259478673,318.132485561911,0.7561705794457512,2942,1715
JFK Airport,Queens,7,121791,300.0119683148119,318.132485561911,0.9430409717036813,1001,556
Stuyvesant Heights,Brooklyn,7,72394,432.3534271813916,318.132485561911,1.3590357690687718,3230,2481
Lenox Hill West,Manhattan,7,70066,256.16009689495706,318.132485561911,0.8051994326907755,1042,604
Crown Heights North,Brooklyn,7,112058,426.1676542056075,318.132485561911,1.3395917535830275,5268,3921
Brownsville,Brooklyn,7,71076,446.87752117125683,318.132485561911,1.404690000085801,3715,2844
Morningside Heights,Manhattan,7,33177,263.6131606732501,318.132485561911,0.828626979755417,965,608
Union Sq,Manhattan,7,52419,221.03385052107637,318.132485561911,0.6947855392091403,333,160
Ozone Park,Queens,7,20465,296.4116066095959,318.132485561911,0.9317237945255733,990,589
Flushing Meadows-Corona Park,Queens,7,1946,286.72202166064983,318.132485561911,0.9012660909313254,65,40
West Chelsea/Hudson Yards,Manhattan,7,61406,219.68645986547455,318.132485561911,0.6905502261972611,781,401
Van Nest/Morris Park,Bronx,7,40032,326.2628439435476,318.132485561911,1.0255565173335761,2041,1200
Charleston/Tottenville,Staten Island,7,4262,454.17763157894734,318.132485561911,1.4276367620136075,213,22
Hudson Sq,Manhattan,7,22992,243.64781144781145,318.132485561911,0.7658690089993835,211,94
Murray Hill,Manhattan,7,69285,216.30747561011773,318.132485561911,0.6799289146094534,857,486
Manhattan Valley,Manhattan,7,30562,299.36849646890244,318.132485561911,0.9410183180134336,953,632
Morrisania/Melrose,Bronx,7,61321,341.48100866562635,318.132485561911,1.07339245177202,1874,1276
Melrose South,Bronx,7,62667,303.9523817249659,318.132485561911,0.9554270485395446,2042,1376
South Williamsburg,Brooklyn,7,8256,422.63914527753195,318.132485561911,1.3285004344370333,320,218
UN/Turtle Bay South,Manhattan,7,56091,227.92296831450784,318.132485561911,0.7164404097617761,883,452
Westerleigh,Staten Island,7,8919,390.5502031340685,318.132485561911,1.2276338345147229,405,101
Midtown Center,Manhattan,7,37212,194.79836341345194,318.132485561911,0.6123183650025037,473,262
Allerton/Pelham Gardens,Bronx,7,34140,347.8840360103396,318.132485561911,1.0935193725842838,1447,923
Upper West Side North,Manhattan,7,52233,293.6698522502349,318.132485561911,0.9231055160290587,1501,849
Mariners Harbor,Staten Island,7,23394,350.5950786888097,318.132485561911,1.1020411136874648,1272,331
Prospect-Lefferts Gardens,Brooklyn,7,75706,411.2072753073449,318.132485561911,1.292566128797057,3326,2477
Sunset Park East,Brooklyn,7,30226,292.12052566127784,318.132485561911,0.9182354488109293,942,484
Rockaway Park,Queens,7,5413,490.9496489468405,318.132485561911,1.543223880703934,299,102
Two Bridges/Seward Park,Manhattan,7,36794,377.87996954829975,318.132485561911,1.1878069254098902,1896,1148
Gramercy,Manhattan,7,59696,252.2292568170891,318.132485561911,0.7928434481363374,977,582
Bloomfield/Emerson Hill,Staten Island,7,18494,355.3012591932249,318.132485561911,1.116834260310334,1063,259
Howard Beach,Queens,7,18149,372.2482696528051,318.132485561911,1.1701045524958273,1037,531
Queensboro Hill,Queens,8,20263,253.49437640589852,298.9044049441749,0.8480784231107018,765,321
Rego Park,Queens,8,36144,279.9218106995885,298.9044049441749,0.9364927584518812,1270,650
Glen Oaks,Queens,8,9507,318.4549175912959,298.9044049441749,1.0654072416589924,606,226
Manhattan Beach,Brooklyn,8,15452,256.6410138852502,298.9044049441749,0.8586056600041806,362,150
Williamsburg (South Side),Brooklyn,8,63431,393.85992319208486,298.9044049441749,1.3176785509923963,1112,617
Bedford Park,Bronx,8,79334,289.755188800411,298.9044049441749,0.9693908286648614,2209,1383
Douglaston,Queens,8,8841,335.4398066265771,298.9044049441749,1.1222310580843589,610,135
Midtown Center,Manhattan,8,56108,201.09919397974804,298.9044049441749,0.6727876560310526,362,151
Union Sq,Manhattan,8,73697,249.5229558193208,298.9044049441749,0.8347918320772928,443,197
West Chelsea/Hudson Yards,Manhattan,8,87664,226.38800391051814,298.9044049441749,0.7573926652328848,994,492
Bay Terrace/Fort Totten,Queens,8,10800,313.2450161382191,298.9044049441749,1.0479772494377342,422,141
Belmont,Bronx,8,39119,270.1878710217317,298.9044049441749,0.903927364577292,1211,697
East New York/Pennsylvania Avenue,Brooklyn,8,43945,330.5695750282061,298.9044049441749,1.1059374487637448,2071,1432
Borough Park,Brooklyn,8,60335,314.97011602015704,298.9044049441749,1.0537486594718557,1470,642
Riverdale/North Riverdale/Fieldston,Bronx,8,34497,287.6191193408346,298.9044049441749,0.9622444988542472,1360,590
Murray Hill,Manhattan,8,98536,240.14255464198652,298.9044049441749,0.8034092193684362,1201,569
Brooklyn Navy Yard,Brooklyn,8,3777,367.3519313304721,298.9044049441749,1.2289947061806628,119,66
Clinton East,Manhattan,8,102087,259.5331555878729,298.9044049441749,0.868281468238465,1541,716
Forest Hills,Queens,8,99848,257.5789017576771,298.9044049441749,0.8617434119305937,2612,1261
Cambria Heights,Queens,8,17777,324.05626862250745,298.9044049441749,1.0841468484983687,986,521
Lincoln Square East,Manhattan,8,69691,286.7928445489274,298.9044049441749,0.9594801542067954,718,304
Crotona Park East,Bronx,8,39732,357.99217644182517,298.9044049441749,1.1976811666883458,1558,964
East Williamsburg,Brooklyn,8,57232,346.93668741417133,298.9044049441749,1.160694461759328,1193,690
Times Sq/Theatre District,Manhattan,8,102646,242.2992953037395,298.9044049441749,0.8106247057449444,522,243
East Village,Manhattan,8,80011,341.91239921551534,298.9044049441749,1.1438854481899416,1178,674
Bronxdale,Bronx,8,41564,319.5446876537137,298.9044049441749,1.069053123233141,1280,846
Homecrest,Brooklyn,8,48888,249.93354142550024,298.9044049441749,0.8361654672575978,911,408
Upper West Side South,Manhattan,8,77577,310.62525036809086,298.9044049441749,1.0392126888397812,821,406
Charleston/Tottenville,Staten Island,8,5243,405.65641632170315,298.9044049441749,1.3571443231071347,176,24
Chinatown,Manhattan,8,16206,333.7676793464386,298.9044049441749,1.1166368706034124,499,236
East Flatbush/Remsen Village,Brooklyn,8,77024,387.05532759761746,298.9044049441749,1.2949134278228722,3680,2788
Fordham South,Bronx,8,31006,288.1313137986852,298.9044049441749,0.963958071653371,806,526
Canarsie,Brooklyn,8,118380,360.12766910814304,298.9044049441749,1.2048255668075636,5866,3940
Hollis,Queens,8,22906,333.3466417412205,298.9044049441749,1.115228267724854,1087,633
Greenwich Village South,Manhattan,8,27826,281.91575788626216,298.9044049441749,0.9431636109173912,288,138
Lenox Hill West,Manhattan,8,90655,287.46556813972546,298.9044049441749,0.96173078544431,1378,669
Boerum Hill,Brooklyn,8,55388,344.2162738121711,298.9044049441749,1.1515931786835287,563,265
Prospect Park,Brooklyn,8,3668,323.28832318760374,298.9044049441749,1.0815776477030603,86,53
Flushing Meadows-Corona Park,Queens,8,2667,247.85090361445782,298.9044049441749,0.8291978957645266,51,30
Alphabet City,Manhattan,8,29088,419.9047312289743,298.9044049441749,1.4048127905890115,1423,868
Old Astoria,Queens,8,53793,265.4464678769636,298.9044049441749,0.8880647574482546,1269,572
Ozone Park,Queens,8,25033,271.4547193617974,298.9044049441749,0.9081656706012606,1049,553
Bensonhurst West,Brooklyn,8,62443,272.17813134182967,298.9044049441749,0.9105858824417901,2194,947
Sutton Place/Turtle Bay North,Manhattan,8,71217,234.27734587132363,298.9044049441749,0.7837868629439523,779,379
Bloomingdale,Manhattan,8,18882,265.5695159629248,298.9044049441749,0.8884764211237505,574,392
Bath Beach,Brooklyn,8,21591,263.2975749331582,298.9044049441749,0.880875526014189,692,271
Financial District South,Manhattan,8,15505,236.44735623056053,298.9044049441749,0.7910467437732166,323,98
Upper East Side South,Manhattan,8,82845,233.2018402434107,298.9044049441749,0.7801887037662251,728,329
South Jamaica,Queens,8,62261,330.81659574468085,298.9044049441749,1.1067638692259019,2736,1633
Sunset Park West,Brooklyn,8,62143,261.01848892946816,298.9044049441749,0.8732507270283202,1668,805
Jamaica Estates,Queens,8,25398,276.35833601027946,298.9044049441749,0.9245709713173805,874,447
UN/Turtle Bay South,Manhattan,8,80181,255.5416756653751,298.9044049441749,0.8549277676690696,1085,539
Soundview/Bruckner,Bronx,8,40609,370.57229280096794,298.9044049441749,1.2397685904634899,1647,1094
Springfield Gardens South,Queens,8,29589,306.28543044088934,298.9044049441749,1.0246935989387407,2048,1112
Laurelton,Queens,8,28390,293.26181024925796,298.9044049441749,0.981122410370731,1622,897
Queensbridge/Ravenswood,Queens,8,25915,285.5581413789002,298.9044049441749,0.955349391496029,794,391
Rossville/Woodrow,Staten Island,8,5043,351.72529768121996,298.9044049441749,1.1767150027344366,135,20
Elmhurst/Maspeth,Queens,8,40125,261.0349817541211,298.9044049441749,0.8733059046181452,1221,686
Williamsbridge/Olinville,Bronx,8,75060,369.2623359294156,298.9044049441749,1.2353860626389268,2957,1897
Soundview/Castle Hill,Bronx,8,76499,383.9824610691925,298.9044049441749,1.2846329954251,3477,2127
Windsor Terrace,Brooklyn,8,22935,288.7859548072663,298.9044049441749,0.9661482066856847,315,160
Westchester Village/Unionport,Bronx,8,39708,283.96980589503954,298.9044049441749,0.9500355337622921,1613,1037
Long Island City/Queens Plaza,Queens,8,29035,245.257586920675,298.9044049441749,0.8205218219065079,584,324
Hudson Sq,Manhattan,8,34151,256.93930360124017,298.9044049441749,0.8596036035307931,247,121
Bayside,Queens,8,27672,251.9567225959051,298.9044049441749,0.8429341235133753,931,353
Kingsbridge Heights,Bronx,8,41435,284.7075077437435,298.9044049441749,0.9525035530905511,977,581
Allerton/Pelham Gardens,Bronx,8,36506,293.80639880126535,298.9044049441749,0.9829443592714476,1328,817
College Point,Queens,8,26168,344.97552433946845,298.9044049441749,1.1541332902199886,1594,643
Grymes Hill/Clifton,Staten Island,8,18873,425.96042815439506,298.9044049441749,1.4250724348941926,1086,345
Whitestone,Queens,8,18370,304.0364484942771,298.9044049441749,1.0171695146180957,999,383
Columbia Street,Brooklyn,8,8302,347.5473942366646,298.9044049441749,1.1627376127212796,64,29
Financial District North,Manhattan,8,62470,256.38253887456693,298.9044049441749,0.8577409186139306,489,226
Madison,Brooklyn,8,40722,245.37810375314422,298.9044049441749,0.8209250171437668,1074,503
Dyker Heights,Brooklyn,8,32850,271.57405692412175,298.9044049441749,0.9085649205298344,883,364
City Island,Bronx,8,1583,551.073187895848,298.9044049441749,1.8436435822977235,103,20
Ocean Hill,Brooklyn,8,58476,392.44556169557916,298.9044049441749,1.3129467321462676,2505,1788
Morningside Heights,Manhattan,8,47008,237.98018425169477,298.9044049441749,0.7961748984466833,1268,715
Maspeth,Queens,8,50301,318.09957797427654,298.9044049441749,1.064218434765746,1386,775
East Flushing,Queens,8,17991,280.85882286425056,298.9044049441749,0.9396275806531033,793,327
Norwood,Bronx,8,62066,271.54691632113355,298.9044049441749,0.9084741202520893,1925,1123
Meatpacking/West Village West,Manhattan,8,56596,269.99244039195315,298.9044049441749,0.9032735413932038,464,172
Hamilton Heights,Manhattan,8,66501,301.96347368906515,298.9044049441749,1.0102342712060786,1587,1020
Middle Village,Queens,8,40459,312.0870688573937,298.9044049441749,1.044103277486596,1396,634
Briarwood/Jamaica Hills,Queens,8,47712,257.4022294077604,298.9044049441749,0.8611523455327943,1414,709
South Beach/Dongan Hills,Staten Island,8,13995,315.508236327696,298.9044049441749,1.0555489685293267,616,202
Crotona Park,Bronx,8,2023,316.5077616424637,298.9044049441749,1.0588929316768567,55,29
Bushwick South,Brooklyn,8,98636,366.57652249008936,298.9044049441749,1.2264005361799646,3858,2694
Saint Michaels Cemetery/Woodside,Queens,8,1351,264.02001482579686,298.9044049441749,0.8832924856865416,12,9
Stapleton,Staten Island,8,27319,395.3471423234964,298.9044049441749,1.3226541187886933,1156,363
East Tremont,Bronx,8,72019,323.7965279949953,298.9044049441749,1.0832778729221784,2367,1360
Flatlands,Brooklyn,8,81175,353.1307435569274,298.9044049441749,1.181416993914426,3777,2500
Corona,Queens,8,54707,306.3865026071951,298.9044049441749,1.0250317410491745,2186,1158
Ridgewood,Queens,8,67718,335.3773795180723,298.9044049441749,1.1220222049946347,2011,1166
Flatiron,Manhattan,8,72751,246.39006874196613,298.9044049441749,0.8243105978581458,496,203
Kips Bay,Manhattan,8,59160,287.92843645858386,298.9044049441749,0.9632793351183935,1770,1069
Gramercy,Manhattan,8,77787,298.10331401903466,298.9044049441749,0.997319909269019,921,477
Midtown North,Manhattan,8,66612,224.2528562791635,298.9044049441749,0.7502494194458132,313,142
TriBeCa/Civic Center,Manhattan,8,113714,243.24746416073046,298.9044049441749,0.8137968532319245,619,257
Coney Island,Brooklyn,8,48015,296.4371263877028,298.9044049441749,0.9917455931874509,2012,917
Brooklyn Heights,Brooklyn,8,51606,326.09282190478075,298.9044049441749,1.0909602418394726,429,158
Elmhurst,Queens,8,80376,245.9351143109764,298.9044049441749,0.8227885245013656,2747,1519
Springfield Gardens North,Queens,8,34108,302.728624424101,298.9044049441749,1.0127941221898027,2016,1233
New Dorp/Midland Beach,Staten Island,8,9781,365.45571083324575,298.9044049441749,1.2226508033613634,455,118
Central Harlem North,Manhattan,8,134752,320.6047230727256,298.9044049441749,1.0725995260344308,3908,2495
Saint George/New Brighton,Staten Island,8,36980,353.3355536594093,298.9044049441749,1.1821021966049656,1464,426
Yorkville East,Manhattan,8,60731,372.92597632330927,298.9044049441749,1.2476429592697338,1343,773
Pelham Parkway,Bronx,8,49070,297.85819921705087,298.9044049441749,0.996499865141434,1555,866
Arden Heights,Staten Island,8,5532,388.8377344048986,298.9044049441749,1.3008765611116373,258,37
Washington Heights North,Manhattan,8,82053,266.92859190567003,298.9044049441749,0.893023279317423,2283,1490
Forest Park/Highland Park,Queens,8,1937,347.08784850078905,298.9044049441749,1.1612001789187856,105,57
Richmond Hill,Queens,8,73530,290.14188843221103,298.9044049441749,0.9706845520941706,2490,1255
East Harlem South,Manhattan,8,80961,311.9967480904485,298.9044049441749,1.043801104733531,2990,1820
Auburndale,Queens,8,15390,254.67375511821425,298.9044049441749,0.8520240950138508,465,168
Carroll Gardens,Brooklyn,8,29881,313.75562198518924,298.9044049441749,1.0496855074577707,394,196
Flatbush/Ditmas Park,Brooklyn,8,111107,300.2333691726629,298.9044049441749,1.0044461179109627,3888,2574
Highbridge Park,Manhattan,8,1286,273.6769352290679,298.9044049441749,0.9156002076322072,36,21
Inwood,Manhattan,8,50184,232.64917819100185,298.9044049441749,0.7783397445562996,1311,771
Saint Albans,Queens,8,67806,354.86343236693295,298.9044049441749,1.1872137930961881,3977,2348
Van Cortlandt Park,Bronx,8,7940,336.20094774590166,298.9044049441749,1.1247774946933031,291,176
Highbridge,Bronx,8,56227,310.28976134086355,298.9044049441749,1.0380902931116556,2017,1261
Hammels/Arverne,Queens,8,23119,509.0064160491596,298.9044049441749,1.7029070419494972,1270,530
Little Italy/NoLiTa,Manhattan,8,37753,297.7571393965494,298.9044049441749,0.996161764334521,373,170
Midwood,Brooklyn,8,51366,254.16814037026802,298.9044049441749,0.8503325349712992,1407,721
Rockaway Park,Queens,8,7478,450.76090331686663,298.9044049441749,1.5080436951106602,364,119
Oakwood,Staten Island,8,6674,359.11708223633264,298.9044049441749,1.2014445966542493,270,56
East Concourse/Concourse Village,Bronx,8,83867,277.8236434108527,298.9044049441749,0.9294732322955916,2826,1735
Seaport,Manhattan,8,19265,292.50647275051944,298.9044049441749,0.9785953900717843,259,104
Jamaica,Queens,8,86453,256.4132517359068,298.9044049441749,0.8578436700650027,3724,1953
Mott Haven/Port Morris,Bronx,8,98357,275.2102706237738,298.9044049441749,0.9207300597499513,2879,1770
Woodside,Queens,8,60054,234.91181038557633,298.9044049441749,0.7859094964808223,1698,916
Cypress Hills,Brooklyn,8,49820,292.6777600596434,298.9044049441749,0.9791684405397288,2114,1344
Van Cortlandt Village,Bronx,8,67409,284.2509564928093,298.9044049441749,0.9509761374908395,1836,1040
DUMBO/Vinegar Hill,Brooklyn,8,35549,333.85873157274636,298.9044049441749,1.1169414904912482,485,247
Yorkville West,Manhattan,8,69760,339.63874822023575,298.9044049441749,1.1362788323031525,1522,806
Crown Heights South,Brooklyn,8,44744,387.35139358011077,298.9044049441749,1.2959039317351468,1459,1023
Bushwick North,Brooklyn,8,55339,324.38184953733753,298.9044049441749,1.085236096128864,1877,1265
Bensonhurst East,Brooklyn,8,46757,257.77309938980693,298.9044049441749,0.8623931100578799,1498,764
Marine Park/Mill Basin,Brooklyn,8,38836,332.59650687086963,298.9044049441749,1.1127186530857156,1421,762
Lincoln Square West,Manhattan,8,80907,340.99493674098704,298.9044049441749,1.140816030478618,1369,697
JFK Airport,Queens,8,97752,313.54005965131654,298.9044049441749,1.0489643326262623,928,447
Red Hook,Brooklyn,8,21990,349.09760313974675,298.9044049441749,1.167923916025748,566,251
Midtown East,Manhattan,8,57388,197.96938374047713,298.9044049441749,0.6623167155313452,499,257
Eltingville/Annadale/Prince's Bay,Staten Island,8,7749,367.145481165979,298.9044049441749,1.228304016578642,329,35
East Chelsea,Manhattan,8,104001,224.45610929155234,298.9044049441749,0.7509294128116748,1035,467
Pelham Bay,Bronx,8,22176,278.8162077969673,298.9044049441749,0.9327939072996954,788,486
Spuyten Duyvil/Kingsbridge,Bronx,8,50276,259.92386340674886,298.9044049441749,0.8695886012629814,1448,809
Stuyvesant Heights,Brooklyn,8,85751,403.0221817003971,298.9044049441749,1.3483313562263084,3098,2246
Midtown South,Manhattan,8,91772,235.91421769547787,298.9044049441749,0.7892631014907209,592,245
West Concourse,Bronx,8,69700,286.40139631349865,298.9044049441749,0.9581705440807692,1832,1138
Williamsburg (North Side),Brooklyn,8,59171,351.3856119599716,298.9044049441749,1.1755785667514613,589,266
Claremont/Bathgate,Bronx,8,56496,285.4182823482645,298.9044049441749,0.9548814859438783,1715,915
East New York,Brooklyn,8,165564,311.47075055869027,298.9044049441749,1.0420413530435,7352,4837
Rosedale,Queens,8,23876,377.37482987410687,298.9044049441749,1.2625268267444487,1898,1040
Lower East Side,Manhattan,8,53373,342.4016554379211,298.9044049441749,1.145522279947229,920,569
Washington Heights South,Manhattan,8,104554,248.75671248903188,298.9044049441749,0.8322283257601744,2866,1847
Heartland Village/Todt Hill,Staten Island,8,10947,343.72849947733533,298.9044049441749,1.1499613046570258,482,59
Parkchester,Bronx,8,49130,304.05252424355933,298.9044049441749,1.0172232968609007,1632,1038
Steinway,Queens,8,72660,213.20376859963844,298.9044049441749,0.7132841305549096,1367,573
Greenpoint,Brooklyn,8,110098,375.08380567921034,298.9044049441749,1.2548620879282897,1913,938
Eastchester,Bronx,8,42893,358.47751570463436,298.9044049441749,1.199304894056632,2028,1217
West Village,Manhattan,8,60463,275.0009031610637,298.9044049441749,0.9200296101772888,526,202
Cobble Hill,Brooklyn,8,16377,321.0262172284644,298.9044049441749,1.0740096563261459,136,73
Corona,Queens,8,3447,295.360506180106,298.9044049441749,0.98814370512629,235,135
Kew Gardens,Queens,8,35711,257.81739278904985,298.9044049441749,0.8625412958942551,1030,525
Garment District,Manhattan,8,39355,240.49830965083726,298.9044049441749,0.8045994159763356,430,191
Fort Greene,Brooklyn,8,59203,359.2564829051708,298.9044049441749,1.2019109687335239,1268,717
South Williamsburg,Brooklyn,8,11835,457.5811227637261,298.9044049441749,1.530861088678792,365,207
Mount Hope,Bronx,8,73897,298.7344765268255,298.9044049441749,0.999431495774105,1803,1115
Howard Beach,Queens,8,22597,347.667117177997,298.9044049441749,1.1631381519550683,1245,543
Jackson Heights,Queens,8,113341,254.68676948489147,298.9044049441749,0.8520676352443123,3292,1677
Port Richmond,Staten Island,8,12833,350.33354495674945,298.9044049441749,1.1720588226934283,648,214
East Flatbush/Farragut,Brooklyn,8,65541,345.3408611162848,298.9044049441749,1.1553555431235034,2988,2132
Melrose South,Bronx,8,67100,253.45157611422837,298.9044049441749,0.847935232542205,1919,1191
Upper East Side North,Manhattan,8,94035,289.3874101146005,298.9044049441749,0.9681604062297046,899,435
Bellerose,Queens,8,12450,299.29160518117726,298.9044049441749,1.0012953982296602,833,278
South Ozone Park,Queens,8,94913,271.8989866460561,298.9044049441749,0.9096519895611357,3532,1883
Van Nest/Morris Park,Bronx,8,51804,268.74121149213687,298.9044049441749,0.8990874910067936,2020,1102
Flushing,Queens,8,52301,253.19278697560878,298.9044049441749,0.8470694402208508,1772,713
Greenwich Village North,Manhattan,8,50467,278.3470972438477,298.9044049441749,0.9312244739110934,391,146
Stuy Town/Peter Cooper Village,Manhattan,8,30700,424.33126496475904,298.9044049441749,1.419621985979128,568,268
Woodhaven,Queens,8,56614,309.3608234402627,298.9044049441749,1.0349824837745054,2856,1675
Marble Hill,Manhattan,8,12205,279.2690541781451,298.9044049441749,0.9343089280678315,273,162
Longwood,Bronx,8,34093,273.60584249360033,298.9044049441749,0.9153623632435277,1299,844
Park Slope,Brooklyn,8,102376,256.5324906886441,298.9044049441749,0.8582425900901512,1185,595
Hunts Point,Bronx,8,43804,319.20393464021816,298.9044049441749,1.0679131165692741,1469,868
SoHo,Manhattan,8,33530,271.7489803933416,298.9044049441749,0.909150135957665,170,64
Fresh Meadows,Queens,8,12944,281.84147109781065,298.9044049441749,0.9429150806608185,496,161
Upper West Side North,Manhattan,8,71545,295.4481319440447,298.9044049441749,0.9884368616087282,1312,737
Kensington,Brooklyn,8,32060,283.87997598887904,298.9044049441749,0.94973500320913,824,414
Sunset Park East,Brooklyn,8,37116,275.3200941614431,298.9044049441749,0.9210974800216257,1012,454
World Trade Center,Manhattan,8,30770,261.5695421654607,298.9044049441749,0.8750943038605031,242,102
Inwood Hill Park,Manhattan,8,3121,226.004851228978,298.9044049441749,0.7561108083073849,68,41
Manhattan Valley,Manhattan,8,41796,281.8936573595312,298.9044049441749,0.9430896724729741,1034,654
Manhattanville,Manhattan,8,30528,272.3508836647775,298.9044049441749,0.9111638341885369,819,518
Roosevelt Island,Manhattan,8,8513,384.0886669133062,298.9044049441749,1.2849883125176451,356,128
Baisley Park,Queens,8,61736,296.06337958374627,298.9044049441749,0.9904952041072822,2813,1606
Kew Gardens Hills,Queens,8,32490,259.8234723265715,298.9044049441749,0.8692527377610831,882,412
Morrisania/Melrose,Bronx,8,67124,288.4714172411689,298.9044049441749,0.9650959051441396,1979,1227
Schuylerville/Edgewater Park,Bronx,8,50531,295.8184573726433,298.9044049441749,0.9896758043023556,2244,1145
North Corona,Queens,8,33915,298.8337348671927,298.9044049441749,0.9997635696369365,1072,532
Clinton West,Manhattan,8,78437,310.9692241681944,298.9044049441749,1.0403634708102503,1429,796
Bronx Park,Bronx,8,3351,336.7503026634383,298.9044049441749,1.126615389714085,112,72
West Brighton,Staten Island,8,11447,386.49719126170305,298.9044049441749,1.2930461541170244,504,161
Long Island City/Hunters Point,Queens,8,93734,270.9874350180116,298.9044049441749,0.9066023468895439,1899,888
Westerleigh,Staten Island,8,12279,323.0392173258634,298.9044049441749,1.0807442512805925,437,93
Brighton Beach,Brooklyn,8,30890,237.4080229037778,298.9044049441749,0.7942607033446613,969,377
East Harlem North,Manhattan,8,96692,317.90000737797357,298.9044049441749,1.0635507611115547,2773,1717
Country Club,Bronx,8,7053,355.57030242224454,298.9044049441749,1.1895786630801004,239,120
Bay Ridge,Brooklyn,8,88068,250.03140861118464,298.9044049441749,0.8364928869411674,2229,920
Lenox Hill East,Manhattan,8,75407,286.5704285308864,298.9044049441749,0.9587360500237789,3007,1823
Clinton Hill,Brooklyn,8,62543,375.6879269195951,298.9044049441749,1.2568832064879094,1144,696
Erasmus,Brooklyn,8,43072,335.5783354166175,298.9044049441749,1.122694513248448,1964,1447
East Elmhurst,Queens,8,39200,249.48142756881808,298.9044049441749,0.83465289718769,1112,535
Prospect Heights,Brooklyn,8,34783,340.6262891154458,298.9044049441749,1.139582700961075,484,275
Queens Village,Queens,8,50483,313.74628430838726,298.9044049441749,1.0496542677816485,2595,1300
Sheepshead Bay,Brooklyn,8,56032,258.3119502798575,298.9044049441749,0.864195863316572,1846,725
Starrett City,Brooklyn,8,21983,359.9052988144205,298.9044049441749,1.204081615597597,865,526
Prospect-Lefferts Gardens,Brooklyn,8,97523,341.6098318349192,298.9044049441749,1.142873193517239,3683,2587
University Heights/Morris Heights,Bronx,8,67133,331.2070594350006,298.9044049441749,1.1080701855058264,2111,1183
Sunnyside,Queens,8,82638,263.60765544374857,298.9044049441749,0.8819129162481946,2429,1258
Penn Station/Madison Sq West,Manhattan,8,64776,246.784353977829,298.9044049441749,0.8256296993144676,703,334
Glendale,Queens,8,38742,355.19397748101596,298.9044049441749,1.1883196487096066,1243,721
Mariners Harbor,Staten Island,8,24933,330.02606197414326,298.9044049441749,1.104119097996501,1201,317
LaGuardia Airport,Queens,8,119959,230.3038605230386,298.9044049441749,0.770493364144471,555,281
Murray Hill-Queens,Queens,8,32065,260.6709109960944,298.9044049441749,0.8720878872453511,1253,498
Pelham Bay Park,Bronx,8,2501,293.8984627831715,298.9044049441749,0.9832523640394716,74,24
Woodlawn/Wakefield,Bronx,8,47602,363.3048269074415,298.9044049441749,1.21545491099502,2399,1386
West Farms/Bronx River,Bronx,8,42635,362.73214071317085,298.9044049441749,1.213538959992633,1432,932
Bloomfield/Emerson Hill,Staten Island,8,20587,314.01828135201646,298.9044049441749,1.0505642478258703,1056,206
Co-Op City,Bronx,8,46623,340.8192192856353,298.9044049441749,1.1402281587295062,2060,1149
Brownsville,Brooklyn,8,88439,375.65510889334513,298.9044049441749,1.2567734120997802,3896,2778
Gowanus,Brooklyn,8,19136,283.57553344330336,298.9044049441749,0.948716475075921,276,140
Bedford,Brooklyn,8,70747,413.56039084147585,298.9044049441749,1.3835874747938717,2165,1354
Astoria,Queens,8,122002,240.50654597949094,298.9044049441749,0.8046269710358043,2895,1512
Gravesend,Brooklyn,8,26736,257.4868320610687,298.9044049441749,0.8614353880437405,881,325
Two Bridges/Seward Park,Manhattan,8,44545,409.7131721433906,298.9044049441749,1.3707164075414375,2154,1169
Far Rockaway,Queens,8,30322,461.01816561557445,298.9044049441749,1.5423598916238013,2219,827
Ocean Parkway South,Brooklyn,8,19839,277.4163740904697,298.9044049441749,0.9281106919193162,374,179
Arrochar/Fort Wadsworth,Staten Island,8,11147,339.5836957527528,298.9044049441749,1.1360946514527792,636,200
Crown Heights North,Brooklyn,8,137446,396.23558208506967,298.9044049441749,1.3256264395269546,4600,3201
Downtown Brooklyn/MetroTech,Brooklyn,8,45343,352.65312266564047,298.9044049441749,1.1798190887534894,796,350
Great Kills,Staten Island,8,11120,382.33160816787426,298.9044049441749,1.2791099824684105,424,52
Battery Park City,Manhattan,8,50626,221.728222368974,298.9044049441749,0.7418031273590137,446,122
Central Park,Manhattan,8,11965,239.67782391322768,298.9044049441749,0.8018544389066172,112,58
Hillcrest/Pomonok,Queens,8,34146,267.6759577713312,298.9044049441749,0.8955236301095123,1327,626
Central Harlem,Manhattan,8,81421,285.3229952150713,298.9044049441749,0.9545626979580973,1669,1051
Oakland Gardens,Queens,8,12287,289.1644451990831,298.9044049441749,0.9674144656820601,544,185
Middle Village,Queens,9,32814,259.6789783281734,257.484201929462,1.0085239264477774,913,386
South Beach/Dongan Hills,Staten Island,9,12777,273.53531749249856,257.484201929462,1.0623382539307549,330,49
Cobble Hill,Brooklyn,9,18009,252.69000112095057,257.484201929462,0.981380602100688,124,59
Little Italy/NoLiTa,Manhattan,9,45080,214.09152747844828,257.484201929462,0.8314744200776202,369,137
Two Bridges/Seward Park,Manhattan,9,54451,327.0836901371258,257.484201929462,1.2703058583249727,1892,872
Riverdale/North Riverdale/Fieldston,Bronx,9,25779,256.9267817371938,257.484201929462,0.9978351285706416,887,362
Parkchester,Bronx,9,39149,250.5167737704918,257.484201929462,0.9729403664117655,1405,755
Queens Village,Queens,9,38006,262.2709362264864,257.484201929462,1.0185903999591235,1760,787
Greenwich Village North,Manhattan,9,55284,210.02149946892283,257.484201929462,0.8156675162791478,440,135
Van Nest/Morris Park,Bronx,9,47790,223.83585616657086,257.484201929462,0.8693187950532626,1233,561
Westchester Village/Unionport,Bronx,9,32103,242.64453824507547,257.484201929462,0.9423667022163484,1041,508
East Flatbush/Farragut,Brooklyn,9,57245,296.7634635314298,257.484201929462,1.1525501809727665,2188,1433
Flatbush/Ditmas Park,Brooklyn,9,101579,263.86728644026783,257.484201929462,1.0247901986334464,3079,1770
Washington Heights North,Manhattan,9,70419,240.89822602510094,257.484201929462,0.9355844910869335,1574,854
Rego Park,Queens,9,34445,240.08811432967423,257.484201929462,0.9324382332219611,1034,453
Pelham Bay Park,Bronx,9,1818,257.5111234705228,257.484201929462,1.0001045560887194,45,8
Jackson Heights,Queens,9,96502,233.57159171416185,257.484201929462,0.9071297965618448,2770,1166
Bedford,Brooklyn,9,84910,361.64313673535753,257.484201929462,1.404525536034362,2059,1179
Central Park,Manhattan,9,12933,215.58593506088042,257.484201929462,0.8372783007477109,107,52
Bronx Park,Bronx,9,2891,257.4767812832329,257.484201929462,0.9999711801882466,88,39
Crotona Park,Bronx,9,1388,262.85018450184504,257.484201929462,1.0208400458442612,23,12
Gravesend,Brooklyn,9,21034,250.3464074634885,257.484201929462,0.9722787090917178,698,255
Soundview/Bruckner,Bronx,9,37485,295.6914007750021,257.484201929462,1.1483865750179383,1094,606
Bensonhurst East,Brooklyn,9,41187,252.9746287128713,257.484201929462,0.9824860197915127,948,360
Upper East Side South,Manhattan,9,86162,211.59114845413907,257.484201929462,0.8217636144997533,830,281
LaGuardia Airport,Queens,9,196321,250.46298717215458,257.484201929462,0.9727314736022876,874,552
Penn Station/Madison Sq West,Manhattan,9,68761,207.97237014854917,257.484201929462,0.807709244256948,541,181
Greenwich Village South,Manhattan,9,34173,206.07142223142696,257.484201929462,0.800326469302689,315,122
Lenox Hill East,Manhattan,9,70692,250.25120627693542,257.484201929462,0.9719089730619354,1654,778
Kingsbridge Heights,Bronx,9,33891,236.26716146622235,257.484201929462,0.9175986708922356,702,364
Highbridge Park,Manhattan,9,1075,238.97156398104266,257.484201929462,0.9281018493185422,32,15
Greenpoint,Brooklyn,9,112636,281.28534584661674,257.484201929462,1.0924372980509114,1450,629
West Concourse,Bronx,9,56779,250.46759934460468,257.484201929462,0.972749386050568,1409,724
Springfield Gardens South,Queens,9,23497,280.9229067245119,257.484201929462,1.0910296811198963,1436,692
Columbia Street,Brooklyn,9,8793,288.64703848813093,257.484201929462,1.1210281497860828,116,54
Bedford Park,Bronx,9,62205,245.90428119880187,257.484201929462,0.9550266748643769,1439,746
Oakwood,Staten Island,9,4908,321.1607484584308,257.484201929462,1.2473027317862904,136,26
Auburndale,Queens,9,12580,231.60725321190438,257.484201929462,0.8995008294736209,377,130
Sunnyside,Queens,9,77701,242.72332175774824,257.484201929462,0.9426726763774131,1861,808
Westerleigh,Staten Island,9,9777,285.5094319849088,257.484201929462,1.1088425225526044,401,66
Co-Op City,Bronx,9,39750,295.4414869927432,257.484201929462,1.1474159765098118,1559,721
Battery Park City,Manhattan,9,43950,195.87854773313674,257.484201929462,0.7607400619739685,385,84
Cypress Hills,Brooklyn,9,43401,270.1203950499762,257.484201929462,1.0490756055160848,1516,911
Bloomfield/Emerson Hill,Staten Island,9,19918,295.83529411764704,257.484201929462,1.148945418401597,673,109
Pelham Parkway,Bronx,9,39284,237.5192058472863,257.484201929462,0.9224612774975408,945,451
Carroll Gardens,Brooklyn,9,29381,254.29080159494018,257.484201929462,0.9875976843993066,412,107
Windsor Terrace,Brooklyn,9,21288,252.53027409034476,257.484201929462,0.9807602648939433,272,112
Lenox Hill West,Manhattan,9,84842,249.85048835462058,257.484201929462,0.9703526914752902,1261,514
UN/Turtle Bay South,Manhattan,9,72701,233.05424689668655,257.484201929462,0.9051205672048646,828,354
TriBeCa/Civic Center,Manhattan,9,106298,199.70256930102127,257.484201929462,0.7755915423336532,604,193
Prospect-Lefferts Gardens,Brooklyn,9,95144,296.1523453045508,257.484201929462,1.1501767606918345,2754,1725
Morrisania/Melrose,Bronx,9,53519,253.05367046680018,257.484201929462,0.9827929968927741,1581,878
Claremont/Bathgate,Bronx,9,44613,249.69271721594836,257.484201929462,0.9697399504314127,1158,584
Manhattan Valley,Manhattan,9,42022,240.66396820365267,257.484201929462,0.9346746961570199,769,403
JFK Airport,Queens,9,90321,304.9688331854481,257.484201929462,1.1844176493165763,806,336
Springfield Gardens North,Queens,9,27392,273.1154308918634,257.484201929462,1.0607075263075114,1455,792
Sutton Place/Turtle Bay North,Manhattan,9,64446,213.5811221039055,257.484201929462,0.829492141667069,749,328
Bronxdale,Bronx,9,33974,257.40145720591346,257.484201929462,0.9996786415518758,1005,549
Woodlawn/Wakefield,Bronx,9,38884,311.15766710353864,257.484201929462,1.2084534304313572,2008,999
Madison,Brooklyn,9,37829,225.45316848640547,257.484201929462,0.8756000049594054,807,301
Forest Hills,Queens,9,90048,223.44104916995332,257.484201929462,0.8677854699262876,2307,975
Sheepshead Bay,Brooklyn,9,47207,235.60915782636934,257.484201929462,0.9150431601660541,1346,514
Coney Island,Brooklyn,9,38324,285.59172637555764,257.484201929462,1.109162132027796,1512,645
Boerum Hill,Brooklyn,9,60769,267.3156517362859,257.484201929462,1.0381827301758777,576,204
Gowanus,Brooklyn,9,20071,236.6446297700278,257.484201929462,0.9190646571584876,230,93
Bay Ridge,Brooklyn,9,70862,223.9596055158969,257.484201929462,0.8697994045368687,1688,556
Heartland Village/Todt Hill,Staten Island,9,10788,315.2786869464767,257.484201929462,1.2244583729173704,355,34
East Harlem South,Manhattan,9,74407,267.0187599713924,257.484201929462,1.0370296817066174,1991,1051
Port Richmond,Staten Island,9,10498,302.0062542753836,257.484201929462,1.1729117825959607,403,89
Midtown Center,Manhattan,9,67165,200.91312820668972,257.484201929462,0.7802930304117455,340,113
Spuyten Duyvil/Kingsbridge,Bronx,9,41029,227.45930911167954,257.484201929462,0.8833913203497906,991,435
Morningside Heights,Manhattan,9,46276,208.36363435734464,257.484201929462,0.8092288101404606,825,478
Hunts Point,Bronx,9,36326,270.9801616458486,257.484201929462,1.0524147097773549,1127,579
Richmond Hill,Queens,9,62890,241.54473821307633,257.484201929462,0.9380953720774204,1884,849
Lower East Side,Manhattan,9,66910,258.98738667717777,257.484201929462,1.0058379688402301,840,439
Stuy Town/Peter Cooper Village,Manhattan,9,33173,344.978748850046,257.484201929462,1.339805495890397,674,304
Brighton Beach,Brooklyn,9,29083,236.1279902217566,257.484201929462,0.9170581668790849,717,235
Manhattanville,Manhattan,9,26392,237.98140495867767,257.484201929462,0.9242563356328667,782,451
Saint Albans,Queens,9,56169,290.9262198333,257.484201929462,1.1298798825451803,3004,1589
Saint George/New Brighton,Staten Island,9,28958,281.7366252220249,257.484201929462,1.0941899468426681,1024,225
Midwood,Brooklyn,9,52060,237.00628341724232,257.484201929462,0.9204692235144211,1176,441
East Harlem North,Manhattan,9,86165,269.85596360785803,257.484201929462,1.0480486242871914,2377,1319
Times Sq/Theatre District,Manhattan,9,110630,225.7515404660439,257.484201929462,0.8767588021881385,494,183
Financial District North,Manhattan,9,60589,213.33121446421683,257.484201929462,0.8285215670150476,451,152
Arrochar/Fort Wadsworth,Staten Island,9,9583,289.9523758561644,257.484201929462,1.126097732145901,289,55
Manhattan Beach,Brooklyn,9,12827,237.39257967337878,257.484201929462,0.9219694951941659,304,118
Williamsburg (South Side),Brooklyn,9,73817,310.0642034376426,257.484201929462,1.2042067090492212,1033,497
Stuyvesant Heights,Brooklyn,9,85816,365.8308571291969,257.484201929462,1.4207895256790026,2598,1744
Yorkville West,Manhattan,9,65734,282.8751622674167,257.484201929462,1.098611721215077,1291,579
College Point,Queens,9,22302,305.9449365354762,257.484201929462,1.188208574517865,1162,383
New Dorp/Midland Beach,Staten Island,9,8153,321.31698640579344,257.484201929462,1.2479095183238404,283,56
Starrett City,Brooklyn,9,18188,296.79971691436657,257.484201929462,1.152690979447644,636,369
Garment District,Manhattan,9,44305,222.15545770567786,257.484201929462,0.8627925753927905,327,127
Soundview/Castle Hill,Bronx,9,63671,313.7623674483916,257.484201929462,1.2185693922081753,2528,1308
Chinatown,Manhattan,9,19577,249.9850754084625,257.484201929462,0.9708753917141142,530,237
Cambria Heights,Queens,9,14429,266.6715349166962,257.484201929462,1.0356811521576421,795,365
Marine Park/Mill Basin,Brooklyn,9,36854,284.7542232068679,257.484201929462,1.1059094929827054,1136,493
Roosevelt Island,Manhattan,9,8689,362.3442284325638,257.484201929462,1.407248389288863,297,102
Alphabet City,Manhattan,9,33144,338.3131385053557,257.484201929462,1.3139180422340506,1226,646
University Heights/Morris Heights,Bronx,9,57089,283.148005566701,257.484201929462,1.0996713718547657,1433,680
Clinton Hill,Brooklyn,9,71152,293.0474753254184,257.484201929462,1.138118273390998,985,551
East Flushing,Queens,9,16730,244.65033136742264,257.484201929462,0.9501566679980031,609,173
Eltingville/Annadale/Prince's Bay,Staten Island,9,5803,353.53137468262605,257.484201929462,1.3730216146599792,166,16
East New York/Pennsylvania Avenue,Brooklyn,9,35936,300.25523590333717,257.484201929462,1.1661112940264673,1592,994
East Williamsburg,Brooklyn,9,59506,281.9166894664843,257.484201929462,1.0948892683665135,1054,576
Woodside,Queens,9,52155,217.20927425634636,257.484201929462,0.8435829174321576,1258,632
Flatiron,Manhattan,9,71911,197.04343660622456,257.484201929462,0.7652641798202623,605,189
Van Cortlandt Village,Bronx,9,51985,244.88537315785325,257.484201929462,0.9510695076544532,1127,596
Steinway,Queens,9,59208,211.91913096988137,257.484201929462,0.8230374111571194,972,392
Eastchester,Bronx,9,33016,294.39140552280486,257.484201929462,1.1433377400119236,1435,702
Laurelton,Queens,9,22732,268.11356424581004,257.484201929462,1.041281609654871,1345,585
Pelham Bay,Bronx,9,16583,247.56508290027222,257.484201929462,0.9614767859353672,517,260
West Chelsea/Hudson Yards,Manhattan,9,83398,207.14881110440555,257.484201929462,0.8045107604743615,866,377
Seaport,Manhattan,9,19108,252.23018827784279,257.484201929462,0.9795948115952428,116,49
Crotona Park East,Bronx,9,30202,284.71154700475,257.484201929462,1.1057437499903273,874,481
West Village,Manhattan,9,66743,210.48632172981456,257.484201929462,0.8174727620278522,539,163
Hillcrest/Pomonok,Queens,9,28419,243.17394445046412,257.484201929462,0.9444227747886521,957,356
Hammels/Arverne,Queens,9,19759,446.0720226036891,257.484201929462,1.7324248216435851,1188,402
Howard Beach,Queens,9,17597,309.53182321085427,257.484201929462,1.2021390861706176,784,324
Bayside,Queens,9,22499,235.20355470703214,257.484201929462,0.913467905776473,650,161
Randalls Island,Manhattan,9,1533,327.578418230563,257.484201929462,1.2722272503549688,24,13
Hamilton Heights,Manhattan,9,61371,247.5231676354647,257.484201929462,0.9613139982206513,1412,799
Williamsburg (North Side),Brooklyn,9,67235,257.8209944418503,257.484201929462,1.0013080123357647,576,268
Long Island City/Queens Plaza,Queens,9,29140,221.2661562554376,257.484201929462,0.859338765630575,527,257
Country Club,Bronx,9,4739,316.9235408141288,257.484201929462,1.2308465468531937,193,91
Rockaway Park,Queens,9,6631,422.3559240950407,257.484201929462,1.6403178172878559,223,52
Williamsbridge/Olinville,Bronx,9,61347,298.6294307555912,257.484201929462,1.1597971002407401,2276,1250
Central Harlem,Manhattan,9,77274,238.53280777509278,257.484201929462,0.9263978371785272,1485,793
East Village,Manhattan,9,94388,261.40836026672105,257.484201929462,1.015240384877415,1323,674
Van Cortlandt Park,Bronx,9,6486,285.23055028463,257.484201929462,1.1077594203731735,202,108
Douglaston,Queens,9,8168,326.2873372478938,257.484201929462,1.2672130359954294,361,75
Prospect Park,Brooklyn,9,4221,266.9323254139669,257.484201929462,1.0366939929273533,86,40
Forest Park/Highland Park,Queens,9,1800,280.12225352112677,257.484201929462,1.0879201575165627,68,40
Midtown South,Manhattan,9,94672,207.9004869306097,257.484201929462,0.8074300690011428,518,184
Upper West Side North,Manhattan,9,71469,256.64520189378226,257.484201929462,0.996741547522556,1125,515
Gramercy,Manhattan,9,80029,236.13190397330064,257.484201929462,0.9170733668467518,746,334
Allerton/Pelham Gardens,Bronx,9,28738,242.27337722092446,257.484201929462,0.9409252117428759,969,430
Astoria,Queens,9,108591,217.6332990942198,257.484201929462,0.8452297168656607,2000,897
South Jamaica,Queens,9,48108,264.0462520276616,257.484201929462,1.0254852532661294,1888,968
Fresh Meadows,Queens,9,10952,258.01618518867036,257.484201929462,1.0020660811623467,419,133
Briarwood/Jamaica Hills,Queens,9,40246,235.65917716714742,257.484201929462,0.9152374219514501,1259,630
South Williamsburg,Brooklyn,9,20445,401.8502198241407,257.484201929462,1.5606791283227073,333,153
Highbridge,Bronx,9,46466,270.0899658582007,257.484201929462,1.048957426647061,1226,629
Brooklyn Heights,Brooklyn,9,59483,249.5694772831652,257.484201929462,0.9692613193858587,390,128
Kew Gardens Hills,Queens,9,27505,238.75421535275848,257.484201929462,0.927257725187215,769,367
East Tremont,Bronx,9,59672,257.8610468129211,257.484201929462,1.0014635650678183,1678,840
East Flatbush/Remsen Village,Brooklyn,9,65195,338.97661974925074,257.484201929462,1.3164948265141083,2818,2009
Ocean Hill,Brooklyn,9,50175,334.5993966079582,257.484201929462,1.2994948587161164,2070,1433
Murray Hill-Queens,Queens,9,27190,234.1130927796343,257.484201929462,0.9092328423464587,880,282
Downtown Brooklyn/MetroTech,Brooklyn,9,52977,273.5833333333333,257.484201929462,1.062524734656465,765,334
Jamaica Estates,Queens,9,21366,239.46094983021666,257.484201929462,0.9300024934959589,676,267
Bushwick South,Brooklyn,9,99612,329.5926707499099,257.484201929462,1.2800500701794593,3152,2055
Lincoln Square West,Manhattan,9,79449,284.18673667535387,257.484201929462,1.1037055265752072,1635,734
Sunset Park East,Brooklyn,9,33286,249.0916102965933,257.484201929462,0.9674054114000832,822,312
Norwood,Bronx,9,50505,236.65925940931004,257.484201929462,0.9191214747774817,1400,714
Prospect Heights,Brooklyn,9,35392,265.64953003209536,257.484201929462,1.0317119576325318,426,220
Midtown North,Manhattan,9,73010,210.58824437118608,257.484201929462,0.81786860239634,294,108
Borough Park,Brooklyn,9,74844,294.93099481682975,257.484201929462,1.1454333609858764,1523,515
Bath Beach,Brooklyn,9,18974,257.17966903073284,257.484201929462,0.9988172754038999,532,204
East New York,Brooklyn,9,134773,272.56516374714397,257.484201929462,1.0585704354079688,5933,3580
Whitestone,Queens,9,15925,292.69631585727166,257.484201929462,1.1367544636290192,703,192
West Farms/Bronx River,Bronx,9,33936,281.38250325077865,257.484201929462,1.0928146315083969,1074,623
Erasmus,Brooklyn,9,36531,283.125132407872,257.484201929462,1.0995825386034144,1532,1009
Sunset Park West,Brooklyn,9,52141,239.77752079608177,257.484201929462,0.9312319707356997,1117,429
DUMBO/Vinegar Hill,Brooklyn,9,38721,233.9545038806282,257.484201929462,0.9086169253394436,522,208
Clinton East,Manhattan,9,103504,231.84927599389894,257.484201929462,0.9004407814403084,1249,538
Upper East Side North,Manhattan,9,89108,238.56753726271916,257.484201929462,0.9265327172502603,760,305
East Concourse/Concourse Village,Bronx,9,65663,246.8461936171213,257.484201929462,0.9586848116015482,1643,871
Flushing,Queens,9,50322,240.01262714119068,257.484201929462,0.9321450611053113,1438,473
Jamaica,Queens,9,80140,228.06256373648787,257.484201929462,0.8857342004965639,3289,1573
Elmhurst,Queens,9,77260,227.05191915201792,257.484201929462,0.8818091263487262,2269,1070
Crown Heights South,Brooklyn,9,46799,325.90164758325324,257.484201929462,1.2657151201553494,1408,901
Glen Oaks,Queens,9,6990,288.2316084328468,257.484201929462,1.1194147301969544,366,81
SoHo,Manhattan,9,37172,197.5191176869089,257.484201929462,0.7671115983302906,150,36
East Chelsea,Manhattan,9,103137,200.1462206433787,257.484201929462,0.7773145658785269,820,321
West Brighton,Staten Island,9,9442,297.7615930169122,257.484201929462,1.1564266498124192,315,67
Dyker Heights,Brooklyn,9,26815,254.62650510882364,257.484201929462,0.9889014673551846,781,240
Oakland Gardens,Queens,9,10383,267.5865938430983,257.484201929462,1.0392349970908266,406,113
Mount Hope,Bronx,9,60006,253.0180886497566,257.484201929462,0.9826548066007991,1262,640
Flatlands,Brooklyn,9,71220,288.12863844377176,257.484201929462,1.1190148222091887,2996,1750
Bay Terrace/Fort Totten,Queens,9,9279,305.7742150227449,257.484201929462,1.1875455376734607,304,110
Lincoln Square East,Manhattan,9,72845,245.45560685739792,257.484201929462,0.9532841433302408,754,332
Melrose South,Bronx,9,52585,231.30663704742975,257.484201929462,0.8983333164292401,1312,731
Ridgewood,Queens,9,67092,296.88477634571643,257.484201929462,1.1530213276038126,1790,950
Ozone Park,Queens,9,20232,254.66519398740604,257.484201929462,0.989051724645894,947,436
Grymes Hill/Clifton,Staten Island,9,13758,347.488248502994,257.484201929462,1.3495517235585144,582,118
Corona,Queens,9,2854,253.83113173866477,257.484201929462,0.9858124492166008,166,70
Maspeth,Queens,9,39780,272.32094491395986,257.484201929462,1.0576219545638859,956,442
Hudson Sq,Manhattan,9,35264,197.64684431172114,257.484201929462,0.7676076544916206,239,94
Union Sq,Manhattan,9,77529,200.572975150759,257.484201929462,0.7789719666207175,467,168
Rosedale,Queens,9,18224,327.59308763491975,257.484201929462,1.2722842224109117,1325,645
Ocean Parkway South,Brooklyn,9,18512,260.63836891078273,257.484201929462,1.012249943715711,342,125
Fort Greene,Brooklyn,9,64388,277.3964056523251,257.484201929462,1.077333691052308,1106,514
Bushwick North,Brooklyn,9,57193,300.0021621428444,257.484201929462,1.1651284230052692,1520,953
Marble Hill,Manhattan,9,10005,236.8729867482161,257.484201929462,0.9199515347862298,179,83
Mott Haven/Port Morris,Bronx,9,79817,252.26135574027845,257.484201929462,0.9797158577107019,2225,1211
Bellerose,Queens,9,9940,266.9582641196013,257.484201929462,1.0367947319452815,431,136
Inwood,Manhattan,9,38608,208.94972470198323,257.484201929462,0.8115050287987189,988,533
Longwood,Bronx,9,26841,244.83526432901098,257.484201929462,0.9508748983212717,820,458
Clinton West,Manhattan,9,81387,273.5928052525152,257.484201929462,1.0625615210655375,1380,634
Mariners Harbor,Staten Island,9,20942,300.4177147051627,257.484201929462,1.1667423183790606,932,174
Queensboro Hill,Queens,9,19104,235.464807436919,257.484201929462,0.914482541734443,572,233
City Island,Bronx,9,1461,483.55389221556885,257.484201929462,1.8779944112766918,42,12
Old Astoria,Queens,9,47650,245.78053812612995,257.484201929462,0.9545460897576221,1027,438
Fordham South,Bronx,9,25562,244.77313372445883,257.484201929462,0.9506335996160052,647,353
Canarsie,Brooklyn,9,99718,313.495274044068,257.484201929462,1.2175320726277035,4989,3007
Brownsville,Brooklyn,9,72142,331.06019436872975,257.484201929462,1.285749540701623,3088,2126
Great Kills,Staten Island,9,9912,339.7389436176902,257.484201929462,1.31945548919837,308,29
Rossville/Woodrow,Staten Island,9,3918,323.84134745992935,257.484201929462,1.2577134637124103,87,12
South Ozone Park,Queens,9,80410,234.52436818506064,257.484201929462,0.9108301263830888,3149,1515
World Trade Center,Manhattan,9,30058,227.85913344182262,257.484201929462,0.8849441314626549,240,90
Charleston/Tottenville,Staten Island,9,4852,369.11009174311926,257.484201929462,1.4335251987391335,149,6
Belmont,Bronx,9,33835,226.99857411564832,257.484201929462,0.8816019484482188,761,364
Red Hook,Brooklyn,9,22788,345.8216328184807,257.484201929462,1.3430790325272801,505,180
Stapleton,Staten Island,9,20957,306.32806089664376,257.484201929462,1.1896965274031164,656,143
Kensington,Brooklyn,9,28816,257.6569952586512,257.484201929462,1.0006710832272208,745,327
Upper West Side South,Manhattan,9,75493,257.44783553581794,257.484201929462,0.9998587626216616,836,412
Washington Heights South,Manhattan,9,90373,225.9206653580384,257.484201929462,0.8774156381832293,2118,1219
Queensbridge/Ravenswood,Queens,9,23617,251.04600758798134,257.484201929462,0.9749957694754242,604,260
Park Slope,Brooklyn,9,96552,215.8028140956415,257.484201929462,0.8381206011029789,924,452
Schuylerville/Edgewater Park,Bronx,9,38697,268.0310480025432,257.484201929462,1.0409611385632525,1467,633
North Corona,Queens,9,30723,255.64424290744802,257.484201929462,0.9928540896558847,968,430
Crown Heights North,Brooklyn,9,144426,331.8668077761757,257.484201929462,1.2888822121486538,4023,2636
Far Rockaway,Queens,9,22367,395.9401548046064,257.484201929462,1.5377260112955375,1376,463
Bloomingdale,Manhattan,9,18164,231.07738296672306,257.484201929462,0.8974429546944666,334,175
Yorkville East,Manhattan,9,53803,320.5363164475429,257.484201929462,1.2448776043174643,1078,526
Long Island City/Hunters Point,Queens,9,96444,228.8766353379524,257.484201929462,0.888895837580953,1609,623
Corona,Queens,9,48857,253.80807210689974,257.484201929462,0.985722891754076,1686,861
Murray Hill,Manhattan,9,97571,217.9194299494813,257.484201929462,0.8463409728305602,965,386
Bensonhurst West,Brooklyn,9,53901,266.9913472256334,257.484201929462,1.0369232179097956,1775,646
Inwood Hill Park,Manhattan,9,2415,202.90696704213602,257.484201929462,0.7880365689298582,72,44
Financial District South,Manhattan,9,15840,202.95018296205944,257.484201929462,0.7882044080423147,234,70
East Elmhurst,Queens,9,34812,230.6629381715695,257.484201929462,0.8958333615930338,897,365
Glendale,Queens,9,33703,267.57282313949986,257.484201929462,1.039181515349053,966,474
Meatpacking/West Village West,Manhattan,9,56026,206.37357127453095,257.484201929462,0.8014999356390305,406,126
Hollis,Queens,9,17540,268.56593696813195,257.484201929462,1.0430385047145758,842,419
Central Harlem North,Manhattan,9,119741,260.0663182078284,257.484201929462,1.0100282512830583,2808,1583
Brooklyn Navy Yard,Brooklyn,9,4098,262.1694417238002,257.484201929462,1.0181962223671561,65,34
Kips Bay,Manhattan,9,55302,240.99977963860732,257.484201929462,0.9359788982495687,1107,550
Baisley Park,Queens,9,48699,254.73411462716714,257.484201929462,0.9893193940378204,2138,1146
Midtown East,Manhattan,9,62581,196.78757126567845,257.484201929462,0.7642704670463183,458,163
Arden Heights,Staten Island,9,4561,373.9193103448276,257.484201929462,1.45220292174377,179,31
Woodhaven,Queens,9,45734,269.27766999052477,257.484201929462,1.0458026860393306,2128,1103
Kew Gardens,Queens,9,32472,216.7498670836591,257.484201929462,0.8417987024424818,738,325
Flushing Meadows-Corona Park,Queens,9,3399,240.91105200945626,257.484201929462,0.9356343037910109,92,41
Elmhurst/Maspeth,Queens,9,34536,240.7843813980696,257.484201929462,0.9351423489043131,837,412
Homecrest,Brooklyn,9,47146,241.1254860678454,257.484201929462,0.9364671085098335,1003,452
Sunset Park West,Brooklyn,10,48883,247.73112258653228,244.29123769279744,1.0140810817703605,902,293
Oakland Gardens,Queens,10,9261,263.0486730536285,244.29123769279744,1.0767830870152575,537,146
Bronx Park,Bronx,10,2286,252.65611061552187,244.29123769279744,1.0342413956461405,49,20
Lenox Hill West,Manhattan,10,73126,225.2534673728169,244.29123769279744,0.9220693689230024,758,264
Hammels/Arverne,Queens,10,16248,426.0757712662966,244.29123769279744,1.744130388344497,833,252
Stuyvesant Heights,Brooklyn,10,80490,317.7418800611443,244.29123769279744,1.3006683459548105,2086,1277
Hamilton Heights,Manhattan,10,50252,235.24386431456932,244.29123769279744,0.9629648060091069,1056,487
Carroll Gardens,Brooklyn,10,25301,222.98035152046552,244.29123769279744,0.9127644266998601,169,56
Melrose South,Bronx,10,46024,235.23657254832102,244.29123769279744,0.9629349573484789,1040,474
Whitestone,Queens,10,14989,295.27129102251155,244.29123769279744,1.208685558316352,571,130
Randalls Island,Manhattan,10,1652,342.41723076923074,244.29123769279744,1.4016762696983396,19,8
Upper East Side South,Manhattan,10,86163,199.3065941138611,244.29123769279744,0.8158564997918358,605,181
Springfield Gardens South,Queens,10,19342,287.0419943378421,244.29123769279744,1.1749991405700961,1101,457
Central Harlem North,Manhattan,10,98534,249.91950547743792,244.29123769279744,1.0230391717598901,1980,1002
Old Astoria,Queens,10,41670,248.6037657819836,244.29123769279744,1.0176532246097556,676,257
Bronxdale,Bronx,10,28562,252.19586776859504,244.29123769279744,1.0323574031981364,782,300
Bushwick North,Brooklyn,10,55407,272.96630779670966,244.29123769279744,1.1173806738822611,1215,649
Belmont,Bronx,10,29117,231.08024388534585,244.29123769279744,0.9459211311374797,611,257
Yorkville East,Manhattan,10,44831,250.2247104422131,244.29123769279744,1.0242885205603534,750,286
Hudson Sq,Manhattan,10,34281,184.0650058962264,244.29123769279744,0.7534654440929761,182,58
Downtown Brooklyn/MetroTech,Brooklyn,10,52151,250.10368068369428,244.29123769279744,1.0237930883063686,656,284
Marble Hill,Manhattan,10,8744,232.8082366589327,244.29123769279744,0.9529946258313821,164,53
Bayside,Queens,10,21375,246.26136797860144,244.29123769279744,1.0080646784731653,558,134
Lenox Hill East,Manhattan,10,66587,231.72978768706656,244.29123769279744,0.9485800222538999,1124,454
Rosedale,Queens,10,16333,324.3946434132669,244.29123769279744,1.3279012643965626,1053,385
Cypress Hills,Brooklyn,10,35132,257.1898194144118,244.29123769279744,1.052800017894357,1280,644
Prospect-Lefferts Gardens,Brooklyn,10,85339,277.3456254259784,244.29123769279744,1.135307299784316,2450,1405
Starrett City,Brooklyn,10,15345,284.02811718966956,244.29123769279744,1.1626619107265823,455,246
Douglaston,Queens,10,6348,322.4634703196347,244.29123769279744,1.3199960562037878,228,41
Murray Hill-Queens,Queens,10,25410,242.23498169235103,244.29123769279744,0.9915827680932535,861,202
Coney Island,Brooklyn,10,32117,280.36330658105936,244.29123769279744,1.1476601012338539,891,277
Flatbush/Ditmas Park,Brooklyn,10,93204,255.52469230432308,244.29123769279744,1.0459838622032445,2530,1357
Jamaica Estates,Queens,10,19191,241.88769140479113,244.29123769279744,0.9901611440888893,567,192
Eastchester,Bronx,10,28620,282.0995542877518,244.29123769279744,1.1547673872875428,939,375
Washington Heights South,Manhattan,10,80669,227.11469998222492,244.29123769279744,0.9296882775133651,1555,720
Midtown East,Manhattan,10,67217,200.81839365694225,244.29123769279744,0.8220450129671724,367,133
Queensbridge/Ravenswood,Queens,10,22715,261.7598488936859,244.29123769279744,1.0715073179286754,439,166
Far Rockaway,Queens,10,20117,372.4247498574317,244.29123769279744,1.5245112897817705,913,259
Midtown South,Manhattan,10,93148,202.09217568321858,244.29123769279744,0.8272592074602149,488,162
East Flatbush/Remsen Village,Brooklyn,10,57201,303.71173588010157,244.29123769279744,1.2432363057656082,2273,1419
Cambria Heights,Queens,10,12882,259.8316847353011,244.29123769279744,1.0636144267361982,688,263
College Point,Queens,10,19505,304.5712122003447,244.29123769279744,1.2467545503345105,831,219
Flatiron,Manhattan,10,63216,179.83150276986134,244.29123769279744,0.7361357061688971,422,118
Fort Greene,Brooklyn,10,60521,241.9974843611116,244.29123769279744,0.9906105787774087,936,371
Upper East Side North,Manhattan,10,81454,209.6682984260751,244.29123769279744,0.8582718742034392,627,210
Red Hook,Brooklyn,10,18106,312.90358858434587,244.29123769279744,1.2808629222216732,419,156
East New York,Brooklyn,10,115100,261.77963525835867,244.29123769279744,1.0715883129117931,4139,2133
Central Park,Manhattan,10,14145,198.14783105022832,244.29123769279744,0.8111131325119584,87,34
Union Sq,Manhattan,10,77913,187.22589271872255,244.29123769279744,0.7664044543184311,454,109
Lincoln Square East,Manhattan,10,69862,209.95352650135663,244.29123769279744,0.8594394481122513,755,221
Kew Gardens,Queens,10,29217,228.03863620484873,244.29123769279744,0.9334703870615827,566,230
Glendale,Queens,10,27901,252.70825008173793,244.29123769279744,1.0344548272317695,688,267
Clinton West,Manhattan,10,65523,235.37504449706705,244.29123769279744,0.9635017887668049,1178,458
Upper West Side North,Manhattan,10,65242,216.89335664335664,244.29123769279744,0.8878474671944871,908,332
Corona,Queens,10,2229,250.60538321167883,244.29123769279744,1.0258467949096954,87,44
Schuylerville/Edgewater Park,Bronx,10,34081,269.48095994247535,244.29123769279744,1.1031134906334816,1038,346
Springfield Gardens North,Queens,10,22643,271.8078369195923,244.29123769279744,1.1126385026604912,1030,454
Sheepshead Bay,Brooklyn,10,39071,237.22554916317992,244.29123769279744,0.9710767827927468,1080,339
World Trade Center,Manhattan,10,32499,223.69604046964776,244.29123769279744,0.915694081303691,214,74
Van Cortlandt Park,Bronx,10,5449,279.99379232505646,244.29123769279744,1.146147503977019,215,81
Glen Oaks,Queens,10,7122,281.17883690424134,244.29123769279744,1.150998453975787,258,40
Midwood,Brooklyn,10,42647,232.68376538048022,244.29123769279744,0.9524851058026326,1025,353
Saint Michaels Cemetery/Woodside,Queens,10,3296,253.07895535985423,244.29123769279744,1.0359722999074883,9,7
Roosevelt Island,Manhattan,10,7929,374.9728876020005,244.29123769279744,1.5349420271616072,174,54
Richmond Hill,Queens,10,54346,236.41202894464806,244.29123769279744,0.9677466583633356,1324,473
Inwood,Manhattan,10,32206,204.7570585420322,244.29123769279744,0.8381678380111182,614,243
Parkchester,Bronx,10,31072,245.41008503457633,244.29123769279744,1.0045799732824878,870,372
JFK Airport,Queens,10,110052,335.6684082137916,244.29123769279744,1.374050135338474,856,398
Kingsbridge Heights,Bronx,10,27886,236.03249270760256,244.29123769279744,0.9661930363806971,527,242
West Concourse,Bronx,10,48319,250.45016314072203,244.29123769279744,1.0252114054768906,1003,404
Arden Heights,Staten Island,10,3706,363.48864592094196,244.29123769279744,1.4879315744350943,116,10
Allerton/Pelham Gardens,Bronx,10,25062,241.07571451770056,244.29123769279744,0.9868373372476811,708,235
Arrochar/Fort Wadsworth,Staten Island,10,8435,284.0287795992714,244.29123769279744,1.162664622283526,173,17
City Island,Bronx,10,1439,480.5628177196805,244.29123769279744,1.9671717342723551,36,9
SoHo,Manhattan,10,38894,179.98851080346745,244.29123769279744,0.7367784145815646,162,62
Prospect Park,Brooklyn,10,4795,249.7162105263158,244.29123769279744,1.0222069890216054,71,40
Baisley Park,Queens,10,38915,247.40789577575998,244.29123769279744,1.0127579609993291,1559,683
Woodlawn/Wakefield,Bronx,10,31705,301.10535835405835,244.29123769279744,1.2325671653139936,1136,424
Financial District North,Manhattan,10,57239,209.41011823515856,244.29123769279744,0.8572150201248611,372,129
Battery Park City,Manhattan,10,39914,196.31408811086058,244.29123769279744,0.8036067521903124,226,47
Borough Park,Brooklyn,10,77485,285.0457628002817,244.29123769279744,1.166827617283327,1353,395
Manhattanville,Manhattan,10,22388,229.2794043987068,244.29123769279744,0.9385494402669963,511,243
LaGuardia Airport,Queens,10,263361,305.06655277116135,244.29123769279744,1.248782214427152,1017,677
Brooklyn Navy Yard,Brooklyn,10,4944,235.50761730652042,244.29123769279744,0.9640444722077071,75,28
Bath Beach,Brooklyn,10,14252,252.35853658536584,244.29123769279744,1.0330232838834492,317,94
Chinatown,Manhattan,10,21137,230.33577169257424,244.29123769279744,0.942873653054341,421,162
Bedford,Brooklyn,10,91672,305.7195120601291,244.29123769279744,1.2514550867541934,1754,916
Flushing,Queens,10,51683,252.13317455591942,244.29123769279744,1.0321007701184248,1115,312
West Chelsea/Hudson Yards,Manhattan,10,79126,198.46048315321042,244.29123769279744,0.8123929659842307,618,250
Crotona Park East,Bronx,10,23009,265.76514071962947,244.29123769279744,1.087902878669091,564,249
Kips Bay,Manhattan,10,49495,220.58236030452895,244.29123769279744,0.9029483103357026,829,332
Rossville/Woodrow,Staten Island,10,3417,322.1610452749924,244.29123769279744,1.3187580869360458,73,2
Homecrest,Brooklyn,10,39116,234.4385896637609,244.29123769279744,0.9596684346025276,561,171
South Beach/Dongan Hills,Staten Island,10,12072,275.99209282337773,244.29123769279744,1.1297666483250821,249,34
East Flushing,Queens,10,14134,240.5463495257258,244.29123769279744,0.9846703950479757,490,146
TriBeCa/Civic Center,Manhattan,10,104423,195.15538977561877,244.29123769279744,0.7988636498744656,514,164
Sutton Place/Turtle Bay North,Manhattan,10,56114,210.40306665464058,244.29123769279744,0.8612796293546472,433,179
Madison,Brooklyn,10,31359,222.36122706533345,244.29123769279744,0.9102300564089755,738,230
Howard Beach,Queens,10,16029,297.96176844783713,244.29123769279744,1.2196989595776324,566,192
Maspeth,Queens,10,33927,269.32690473351613,244.29123769279744,1.1024828695337885,792,323
Central Harlem,Manhattan,10,69964,224.750573911022,244.29123769279744,0.9200107872622582,1166,526
West Brighton,Staten Island,10,9358,309.7201610270917,244.29123769279744,1.2678316420688525,181,36
Midtown North,Manhattan,10,78320,203.37462785527632,244.29123769279744,0.832508892975626,302,114
Westchester Village/Unionport,Bronx,10,28268,238.60535707848155,244.29123769279744,0.976724991579657,655,278
Great Kills,Staten Island,10,8695,336.977280880067,244.29123769279744,1.379407972478426,245,18
Bensonhurst West,Brooklyn,10,45983,258.5715172750255,244.29123769279744,1.0584559631245796,1292,411
Laurelton,Queens,10,19071,260.8340427796105,244.29123769279744,1.0677175540271162,1060,360
Gowanus,Brooklyn,10,20575,235.48524928704887,244.29123769279744,0.9639529092859961,239,102
Eltingville/Annadale/Prince's Bay,Staten Island,10,5103,348.76266397578206,244.29123769279744,1.4276511399658147,114,5
Clinton East,Manhattan,10,95486,213.1081292116804,244.29123769279744,0.8723527344835404,1058,426
Two Bridges/Seward Park,Manhattan,10,46974,264.5890390096382,244.29123769279744,1.0830885360790787,1275,507
Morrisania/Melrose,Bronx,10,40802,251.5823289121993,244.29123769279744,1.029845897414342,962,430
Bellerose,Queens,10,8283,268.04061799152754,244.29123769279744,1.0972174873033946,272,91
Brownsville,Brooklyn,10,62594,305.61790335790334,244.29123769279744,1.2510391541027182,2536,1556
Washington Heights North,Manhattan,10,59818,232.68653731088128,244.29123769279744,0.9524964526295889,1145,497
Crotona Park,Bronx,10,1072,259.86376811594204,244.29123769279744,1.0637457592430206,25,10
Sunnyside,Queens,10,70121,241.95093174868748,244.29123769279744,0.9904200168364083,1389,569
Soundview/Castle Hill,Bronx,10,53860,287.7801749604528,244.29123769279744,1.1780208642699819,1840,736
Kensington,Brooklyn,10,25382,246.19050295026693,244.29123769279744,1.0077745942728322,590,230
Sunset Park East,Brooklyn,10,30601,257.8075462901292,244.29123769279744,1.0553286672292719,715,235
Bloomfield/Emerson Hill,Staten Island,10,18852,303.6654517760975,244.29123769279744,1.243046842957031,446,44
Prospect Heights,Brooklyn,10,34923,238.17874522071602,244.29123769279744,0.9749786667347928,383,202
DUMBO/Vinegar Hill,Brooklyn,10,33746,204.85470750089723,244.29123769279744,0.8385675615533429,301,105
East Tremont,Bronx,10,47787,250.3328180022331,244.29123769279744,1.0247310561217635,1124,458
East Concourse/Concourse Village,Bronx,10,54495,252.86609498680738,244.29123769279744,1.0351009613565962,1270,540
Williamsburg (North Side),Brooklyn,10,67099,200.16991312712298,244.29123769279744,0.8193904743273758,509,176
Greenpoint,Brooklyn,10,93855,231.48324675882202,244.29123769279744,0.9475708132025521,1086,375
Hunts Point,Bronx,10,30782,270.88347555731957,244.29123769279744,1.1088546528138785,811,341
Flatlands,Brooklyn,10,61871,265.3669878646364,244.29123769279744,1.0862730500319553,2271,1281
Stuy Town/Peter Cooper Village,Manhattan,10,26271,268.053156917363,244.29123769279744,1.0972688150790197,510,203
University Heights/Morris Heights,Bronx,10,48290,281.45903209330044,244.29123769279744,1.1521454258921986,1180,483
Queens Village,Queens,10,31665,252.36567721005676,244.29123769279744,1.0330525138499365,1374,504
Forest Park/Highland Park,Queens,10,1691,258.6916221033868,244.29123769279744,1.0589476092003685,26,10
Manhattan Beach,Brooklyn,10,11221,236.775528646304,244.29123769279744,0.9692346351941422,228,64
Van Nest/Morris Park,Bronx,10,47515,228.94203612831336,244.29123769279744,0.9371684317888385,1047,395
Woodhaven,Queens,10,38642,258.0926442090733,244.29123769279744,1.0564957083464102,1420,572
Manhattan Valley,Manhattan,10,37276,220.4227272727273,244.29123769279744,0.902294856559344,627,270
East Village,Manhattan,10,83982,201.64786242559077,244.29123769279744,0.8254404223829271,979,418
Ocean Parkway South,Brooklyn,10,14849,250.66296573802873,244.29123769279744,1.0260825075242523,246,92
Bay Terrace/Fort Totten,Queens,10,9158,315.27245240761476,244.29123769279744,1.290559806340979,252,63
Rockaway Park,Queens,10,6634,389.6684450023537,244.29123769279744,1.5950979195265769,166,28
Erasmus,Brooklyn,10,32823,266.42512152561386,244.29123769279744,1.090604493398369,1322,813
Penn Station/Madison Sq West,Manhattan,10,62376,191.48789405264867,244.29123769279744,0.7838508489340483,457,163
East Harlem South,Manhattan,10,70820,240.85141536683997,244.29123769279744,0.985919174349253,1492,659
Crown Heights South,Brooklyn,10,41953,288.89510828705164,244.29123769279744,1.1825848156303695,1057,607
Longwood,Bronx,10,21194,241.95442216409958,244.29123769279744,0.9904343047635771,524,246
Elmhurst,Queens,10,76689,233.1051265068221,244.29123769279744,0.9542099369112773,1744,673
Bloomingdale,Manhattan,10,16550,218.4637493046542,244.29123769279744,0.8942758298166142,307,145
Little Italy/NoLiTa,Manhattan,10,45813,190.52108148572182,244.29123769279744,0.7798932261553606,329,113
West Farms/Bronx River,Bronx,10,27359,257.6778261522294,244.29123769279744,1.0547976611271908,659,282
South Jamaica,Queens,10,37923,259.92775675675676,244.29123769279744,1.0640076951250403,1413,644
Fresh Meadows,Queens,10,10267,269.5733452593918,244.29123769279744,1.10349166759058,368,107
Auburndale,Queens,10,11971,242.33744680851063,244.29123769279744,0.9920022064534966,295,108
Forest Hills,Queens,10,82075,230.83890889738734,244.29123769279744,0.9449332324709626,1518,534
Brooklyn Heights,Brooklyn,10,57340,224.8577574806482,244.29123769279744,0.9204495404923718,354,100
Rego Park,Queens,10,33510,242.86224955849218,244.29123769279744,0.9941504732310447,759,308
Oakwood,Staten Island,10,4438,316.157658720793,244.29123769279744,1.2941833759848949,88,10
Bushwick South,Brooklyn,10,93850,288.41650823999737,244.29123769279744,1.1806256784481506,2383,1393
Mount Hope,Bronx,10,50672,255.31109588765085,244.29123769279744,1.0451095106763968,1040,417
Steinway,Queens,10,49592,220.03164621572512,244.29123769279744,0.9006939761483407,831,254
Mott Haven/Port Morris,Bronx,10,66089,256.9801664655466,244.29123769279744,1.0519418088531927,1713,807
Saint Albans,Queens,10,46755,274.53609214458675,244.29123769279744,1.1238065463887943,2103,989
Greenwich Village North,Manhattan,10,53393,186.32601542999774,244.29123769279744,0.7627208294073466,337,118
Riverdale/North Riverdale/Fieldston,Bronx,10,22996,275.2278267058091,244.29123769279744,1.1266381443116482,504,160
South Williamsburg,Brooklyn,10,27928,313.999782395822,244.29123769279744,1.285350163851087,303,117
Gramercy,Manhattan,10,68682,203.60769650574508,244.29123769279744,0.8334629535987985,580,237
Lincoln Square West,Manhattan,10,67768,222.61668059452037,244.29123769279744,0.9112757489667583,1002,321
Woodside,Queens,10,49041,221.43339894333369,244.29123769279744,0.9064320154691423,966,444
Bensonhurst East,Brooklyn,10,33525,245.7966024433234,244.29123769279744,1.0061621725148366,661,225
Meatpacking/West Village West,Manhattan,10,46204,184.18916624953752,244.29123769279744,0.753973691357527,277,77
Clinton Hill,Brooklyn,10,66569,253.84380694933787,244.29123769279744,1.0391032005353915,934,472
Grymes Hill/Clifton,Staten Island,10,10889,348.1992293957335,244.29123769279744,1.425344734769419,406,57
Ridgewood,Queens,10,61894,269.81550933508026,244.29123769279744,1.1044829601067405,1484,653
Flushing Meadows-Corona Park,Queens,10,3296,269.02895458701613,244.29123769279744,1.1012632181483604,69,29
Yorkville West,Manhattan,10,56902,234.63027648703022,244.29123769279744,0.9604530997631764,942,355
Kew Gardens Hills,Queens,10,23996,244.30119971173005,244.29123769279744,1.0000407792724237,540,208
Dyker Heights,Brooklyn,10,24106,256.98625922023183,244.29123769279744,1.0519667493903269,631,143
Highbridge,Bronx,10,36874,262.47775169098327,244.29123769279744,1.0744460348637468,971,403
Marine Park/Mill Basin,Brooklyn,10,30770,265.56997985003136,244.29123769279744,1.0871039925877017,1013,427
West Village,Manhattan,10,57521,187.09226544462325,244.29123769279744,0.7658574544531828,386,105
Bay Ridge,Brooklyn,10,64379,226.71950104081247,244.29123769279744,0.9280705406467264,1249,388
Murray Hill,Manhattan,10,92501,211.8650864998794,244.29123769279744,0.8672643705964814,739,257
Ocean Hill,Brooklyn,10,42253,304.117658423493,244.29123769279744,1.2448979394256001,1700,1013
Pelham Bay,Bronx,10,14758,249.548137397194,244.29123769279744,1.0215189859204334,341,138
Soundview/Bruckner,Bronx,10,29048,267.2188295165394,244.29123769279744,1.093853516975398,732,358
Inwood Hill Park,Manhattan,10,2291,206.55178492728075,244.29123769279744,0.845514505055744,26,11
UN/Turtle Bay South,Manhattan,10,66383,222.35058586290654,244.29123769279744,0.9101864969161038,558,226
Williamsburg (South Side),Brooklyn,10,72930,240.15089226150766,244.29123769279744,0.9830516007434684,898,376
Queensboro Hill,Queens,10,17595,243.31386819153238,244.29123769279744,0.9959991626777293,673,186
Mariners Harbor,Staten Island,10,16205,303.87709991158266,244.29123769279744,1.2439132192441384,480,61
South Ozone Park,Queens,10,68199,223.61934895132094,244.29123769279744,0.9153801465140067,2297,899
Port Richmond,Staten Island,10,8939,302.504,244.29123769279744,1.2382924695007138,259,55
Charleston/Tottenville,Staten Island,10,4489,364.797121634169,244.29123769279744,1.4932877866577876,133,5
Canarsie,Brooklyn,10,86556,289.0812068783131,244.29123769279744,1.1833466055046975,3890,2082
Williamsbridge/Olinville,Bronx,10,53503,288.2959324107348,244.29123769279744,1.1801321043420903,1629,685
Greenwich Village South,Manhattan,10,33753,180.15627610070396,244.29123769279744,0.7374651575807035,266,75
Pelham Bay Park,Bronx,10,1776,259.9089366515837,244.29123769279744,1.0639306555007344,35,12
Westerleigh,Staten Island,10,9242,278.7810113975877,244.29123769279744,1.141183015938386,225,19
Alphabet City,Manhattan,10,30310,260.3200927512854,244.29123769279744,1.0656137125910536,1125,499
North Corona,Queens,10,26100,256.21956275176973,244.29123769279744,1.0488282967970077,736,298
Hollis,Queens,10,13830,261.4724549566249,244.29123769279744,1.0703308781194736,594,249
Elmhurst/Maspeth,Queens,10,32209,241.99109857389124,244.29123769279744,0.9905844387190068,684,264
Co-Op City,Bronx,10,36592,286.71526702514007,244.29123769279744,1.1736616905829915,1120,460
Lower East Side,Manhattan,10,65238,204.0062828687113,244.29123769279744,0.835094556789853,776,352
Upper West Side South,Manhattan,10,69672,205.80156612275252,244.29123769279744,0.8424435033627907,750,314
Corona,Queens,10,40678,248.83503910277366,244.29123769279744,1.018599936096317,1007,422
Van Cortlandt Village,Bronx,10,39225,243.29634175000652,244.29123769279744,0.9959274186328286,715,282
Brighton Beach,Brooklyn,10,25756,239.92296442687746,244.29123769279744,0.982118583919849,526,142
Jackson Heights,Queens,10,86227,236.6281486034444,244.29123769279744,0.9686313387179708,1823,688
Midtown Center,Manhattan,10,82888,203.433786870349,244.29123769279744,0.8327510589068784,323,101
East Elmhurst,Queens,10,31056,240.56316670495946,244.29123769279744,0.9847392357456303,647,195
Financial District South,Manhattan,10,17327,202.8028268136766,244.29123769279744,0.8301682398805741,148,40
East Flatbush/Farragut,Brooklyn,10,48552,274.56182062366224,244.29123769279744,1.1239118652668618,1852,1109
Garment District,Manhattan,10,48661,218.13648662821186,244.29123769279744,0.8929361883315854,301,104
New Dorp/Midland Beach,Staten Island,10,7297,306.48720864127347,244.29123769279744,1.2545976332834707,163,22
East New York/Pennsylvania Avenue,Brooklyn,10,31184,285.6865331970052,244.29123769279744,1.1694505946883915,1218,668
Times Sq/Theatre District,Manhattan,10,116372,225.27178425080666,244.29123769279744,0.922144348599567,513,152
East Williamsburg,Brooklyn,10,56447,242.7236414555769,244.29123769279744,0.9935830844690721,804,412
Boerum Hill,Brooklyn,10,61226,242.677086957242,244.29123769279744,0.9933925148081436,542,219
Norwood,Bronx,10,46572,240.31367996846117,244.29123769279744,0.9837179681027358,1029,410
Middle Village,Queens,10,27652,256.14764436296974,244.29123769279744,1.0485339006922632,658,257
Fordham South,Bronx,10,20644,244.62570026275347,244.29123769279744,1.0013691140669425,542,224
Ozone Park,Queens,10,16241,248.17908282344035,244.29123769279744,1.0159147956650496,614,269
Jamaica,Queens,10,75651,235.12869808553862,244.29123769279744,0.9624933759647124,2556,1152
Crown Heights North,Brooklyn,10,132038,293.62408795834205,244.29123769279744,1.2019427742536632,3454,2080
Claremont/Bathgate,Bronx,10,35187,247.73379892332315,244.29123769279744,1.0140920372872924,784,333
Windsor Terrace,Brooklyn,10,19240,242.43342491810208,244.29123769279744,0.9923950904164986,181,75
Hillcrest/Pomonok,Queens,10,27112,253.1752344367868,244.29123769279744,1.0363664158726857,737,250
Country Club,Bronx,10,3783,322.89165090516076,244.29123769279744,1.3217488025960447,118,63
Cobble Hill,Brooklyn,10,17075,220.17662721893493,244.29123769279744,0.9012874522164104,119,54
East Chelsea,Manhattan,10,98793,189.78193778180395,244.29123769279744,0.7768675601065137,721,254
Morningside Heights,Manhattan,10,44889,203.33548664944013,244.29123769279744,0.8323486694399567,690,329
Long Island City/Queens Plaza,Queens,10,28161,222.5810752378207,244.29123769279744,0.9111299993400589,414,197
Pelham Parkway,Bronx,10,37035,238.76556334940815,244.29123769279744,0.9773807918958684,730,284
Park Slope,Brooklyn,10,96520,209.4002807076346,244.29123769279744,0.8571747504548685,772,321
Stapleton,Staten Island,10,17161,313.8216381271704,244.29123769279744,1.2846209347950877,441,71
Long Island City/Hunters Point,Queens,10,83906,227.52407496395963,244.29123769279744,0.9313640436423555,1265,454
Gravesend,Brooklyn,10,18185,246.59918982783842,244.29123769279744,1.009447543664842,472,157
Astoria,Queens,10,95475,215.60657409669915,244.29123769279744,0.8825800554002269,1442,610
Bedford Park,Bronx,10,51807,244.13222780702102,244.29123769279744,0.9993490970561278,983,426
Spuyten Duyvil/Kingsbridge,Bronx,10,36316,235.17673949014218,244.29123769279744,0.9626900322388273,658,227
Heartland Village/Todt Hill,Staten Island,10,10055,322.29057537636623,244.29123769279744,1.3192883151284165,194,19
Columbia Street,Brooklyn,10,6960,242.50356156418084,244.29123769279744,0.9926821930024987,55,22
Briarwood/Jamaica Hills,Queens,10,32591,244.45635466133467,244.29123769279744,1.0006759021326213,849,364
East Harlem North,Manhattan,10,73557,249.1607935627081,244.29123769279744,1.0199334037352346,1838,943
Seaport,Manhattan,10,18492,240.63510468758588,244.29123769279744,0.9850337120572076,174,58
Saint George/New Brighton,Staten Island,10,24045,289.73555061559506,244.29123769279744,1.1860251450358814,590,94
Kensington,Brooklyn,11,22834,248.27774808480314,247.14274262502101,1.0045925097687542,469,183
TriBeCa/Civic Center,Manhattan,11,111868,202.35716149230367,247.14274262502101,0.8187865819686699,530,160
LaGuardia Airport,Queens,11,212750,272.6620656830081,247.14274262502101,1.1032574243812874,949,622
Central Harlem,Manhattan,11,68905,233.35670615208252,247.14274262502101,0.9442183236840765,1051,460
East Tremont,Bronx,11,44530,256.1410426887982,247.14274262502101,1.0364093234873173,1065,382
SoHo,Manhattan,11,47606,180.14658503114114,247.14274262502101,0.7289171558012114,197,63
Bronx Park,Bronx,11,2688,260.57126739375707,247.14274262502101,1.0543350964956741,75,37
Seaport,Manhattan,11,20387,257.1246828200408,247.14274262502101,1.0403893721053543,172,48
Union Sq,Manhattan,11,91408,195.62345148348984,247.14274262502101,0.7915403438744744,491,165
Yorkville East,Manhattan,11,40483,244.25174211660902,247.14274262502101,0.9883023046612444,631,224
Woodhaven,Queens,11,34663,262.5020958790884,247.14274262502101,1.0621477009234759,1229,502
Pelham Parkway,Bronx,11,35972,247.32061326869962,247.14274262502101,1.000719708140281,653,260
Fresh Meadows,Queens,11,10184,273.0985128256313,247.14274262502101,1.1050233962968998,275,79
Melrose South,Bronx,11,46069,250.2893674293405,247.14274262502101,1.012732013778344,995,432
Brooklyn Navy Yard,Brooklyn,11,6829,245.89237997357216,247.14274262502101,0.9949407268116872,83,39
Hunts Point,Bronx,11,30962,293.12722513089005,247.14274262502101,1.1860644662976785,646,246
Sunset Park West,Brooklyn,11,49134,259.89280630454067,247.14274262502101,1.0515898769435637,771,223
Columbia Street,Brooklyn,11,6262,230.79825974863036,247.14274262502101,0.9338662236131715,55,30
Downtown Brooklyn/MetroTech,Brooklyn,11,54903,263.8815382917678,247.14274262502101,1.0677292624050216,672,282
Dyker Heights,Brooklyn,11,21573,254.22872215157082,247.14274262502101,1.0286716067455035,414,92
Mount Hope,Bronx,11,45938,261.56019041293035,247.14274262502101,1.0583365209707343,858,308
Bayside,Queens,11,20372,247.8626598721023,247.14274262502101,1.0029129613090586,449,106
Ozone Park,Queens,11,16372,251.6724180734856,247.14274262502101,1.0183281750471518,506,204
South Beach/Dongan Hills,Staten Island,11,11608,285.0154552680385,247.14274262502101,1.1532422608924435,176,25
Williamsburg (South Side),Brooklyn,11,72418,231.9386105721584,247.14274262502101,0.9384803620313821,771,297
Financial District South,Manhattan,11,21522,215.42766348100372,247.14274262502101,0.8716730307062376,137,47
Cypress Hills,Brooklyn,11,33454,261.09339449541284,247.14274262502101,1.0564477504870882,1097,507
Randalls Island,Manhattan,11,2333,368.05355575065846,247.14274262502101,1.489234730671781,26,10
Rosedale,Queens,11,14842,326.7254794520548,247.14274262502101,1.3220112230759744,831,296
New Dorp/Midland Beach,Staten Island,11,7879,318.1813814593612,247.14274262502101,1.287439712288554,144,18
Bedford Park,Bronx,11,46492,248.37811904396784,247.14274262502101,1.0049986352252358,847,346
Maspeth,Queens,11,32677,280.05560876146933,247.14274262502101,1.1331735085030823,645,239
Battery Park,Manhattan,11,1337,201.65194610778443,247.14274262502101,0.8159331079923403,8,4
Bushwick South,Brooklyn,11,92188,280.9350417557235,247.14274262502101,1.136731909550644,2221,1244
Old Astoria,Queens,11,40059,252.45290368271955,247.14274262502101,1.0214862107674973,654,227
Bensonhurst West,Brooklyn,11,40533,261.21335611275816,247.14274262502101,1.0569331445394126,898,231
Murray Hill-Queens,Queens,11,22614,246.0558391687373,247.14274262502101,0.9956021227055296,661,140
West Concourse,Bronx,11,46265,264.45247938403656,247.14274262502101,1.0700394297447724,927,330
North Corona,Queens,11,24440,264.7354873586161,247.14274262502101,1.0711845492476704,635,216
Van Cortlandt Park,Bronx,11,4900,282.8167149358709,247.14274262502101,1.1443456195878527,127,55
Country Club,Bronx,11,3390,316.03137254901964,247.14274262502101,1.2787402502387875,104,35
Briarwood/Jamaica Hills,Queens,11,29285,254.31721980886186,247.14274262502101,1.0290296899178075,719,276
South Ozone Park,Queens,11,65267,224.62769024576497,247.14274262502101,0.9088985897780654,1932,597
Allerton/Pelham Gardens,Bronx,11,23763,240.01844498526964,247.14274262502101,0.9711733487939771,628,211
Manhattanville,Manhattan,11,21925,238.89582270851685,247.14274262502101,0.9666309444132986,449,201
East New York,Brooklyn,11,114131,264.772186166589,247.14274262502101,1.0713330416030722,3879,1944
Flatbush/Ditmas Park,Brooklyn,11,86762,256.35134214790634,247.14274262502101,1.0372602465485183,2326,1170
Morningside Heights,Manhattan,11,46547,211.2538602460089,247.14274262502101,0.8547848016987303,645,290
Far Rockaway,Queens,11,18715,390.46999888678613,247.14274262502101,1.5799371437713199,725,173
Corona,Queens,11,33501,253.58671834467606,247.14274262502101,1.026073902276921,799,321
Upper West Side South,Manhattan,11,68143,206.79879110899373,247.14274262502101,0.8367585020400966,622,233
Canarsie,Brooklyn,11,79482,288.8068754384846,247.14274262502101,1.1685832744709757,3568,1852
Elmhurst/Maspeth,Queens,11,27655,248.15086962876353,247.14274262502101,1.0040791284948718,614,241
Auburndale,Queens,11,12209,246.45116240173942,247.14274262502101,0.9972016972218727,238,62
Yorkville West,Manhattan,11,53132,237.03292910803492,247.14274262502101,0.9590932211498305,820,298
Financial District North,Manhattan,11,62339,227.49485325254895,247.14274262502101,0.9204998327534021,386,126
Greenpoint,Brooklyn,11,93244,230.09336468862256,247.14274262502101,0.9310140457481823,1051,383
Penn Station/Madison Sq West,Manhattan,11,65077,206.70739690159283,247.14274262502101,0.8363886987174088,466,183
Upper East Side South,Manhattan,11,92679,205.16680627930506,247.14274262502101,0.8301550921549647,596,160
Glen Oaks,Queens,11,7408,282.1226362625139,247.14274262502101,1.1415372074694758,186,42
East Harlem North,Manhattan,11,69205,259.7581449955973,247.14274262502101,1.051045004342762,1507,766
Van Nest/Morris Park,Bronx,11,50336,243.41856983918277,247.14274262502101,0.9849310857916278,870,273
Westerleigh,Staten Island,11,9803,300.0799293212764,247.14274262502101,1.2141968084273251,187,21
Soundview/Bruckner,Bronx,11,27952,268.953705732019,247.14274262502101,1.0882524927713164,636,288
Times Sq/Theatre District,Manhattan,11,122553,249.55413814299308,247.14274262502101,1.0097570962123326,503,174
Starrett City,Brooklyn,11,14795,292.16660783621603,247.14274262502101,1.1821775737089224,424,188
Manhattan Beach,Brooklyn,11,11489,238.00150442477877,247.14274262502101,0.9630123138428068,222,56
Douglaston,Queens,11,5893,329.7425379647408,247.14274262502101,1.3342189799400457,221,37
Prospect Park,Brooklyn,11,5958,249.68272481406356,247.14274262502101,1.0102773893421437,72,33
Great Kills,Staten Island,11,9151,344.5980558381372,247.14274262502101,1.3943280396502717,200,23
Rossville/Woodrow,Staten Island,11,3122,353.1864406779661,247.14274262502101,1.429078745855955,93,6
Kips Bay,Manhattan,11,51182,229.66695837228266,247.14274262502101,0.929288701472195,834,323
Kew Gardens Hills,Queens,11,21389,255.59498787388844,247.14274262502101,1.0341998521141753,474,154
Woodside,Queens,11,45766,224.98520369796967,247.14274262502101,0.9103451766711596,830,323
Meatpacking/West Village West,Manhattan,11,47378,182.3948519729856,247.14274262502101,0.7380141938852132,260,76
Elmhurst,Queens,11,72150,239.6351311440827,247.14274262502101,0.9696223672150094,1492,560
Bath Beach,Brooklyn,11,13401,248.33875009491987,247.14274262502101,1.0048393388257955,351,79
Alphabet City,Manhattan,11,26474,257.42882972993766,247.14274262502101,1.041620024912175,806,319
Queens Village,Queens,11,28602,258.382768814332,247.14274262502101,1.045479895828319,1260,352
Ridgewood,Queens,11,58827,274.4301941346551,247.14274262502101,1.1104117046683266,1282,530
Jamaica Estates,Queens,11,17718,251.77871164584653,247.14274262502101,1.0187582648455895,448,153
Springfield Gardens South,Queens,11,17979,294.10276323934943,247.14274262502101,1.190011732149379,1081,325
Pelham Bay,Bronx,11,13876,250.1928602844158,247.14274262502101,1.0123415222595575,302,93
City Island,Bronx,11,1247,440.6333333333333,247.14274262502101,1.7829102673748636,29,3
Saint George/New Brighton,Staten Island,11,22280,303.3763983128553,247.14274262502101,1.2275351284466207,472,67
Coney Island,Brooklyn,11,31008,287.4357560457082,247.14274262502101,1.1630353899641797,809,229
Long Island City/Queens Plaza,Queens,11,27897,231.67631188208452,247.14274262502101,0.9374190373601096,442,197
University Heights/Morris Heights,Bronx,11,43972,284.28446039833256,247.14274262502101,1.1502844768121112,889,296
Red Hook,Brooklyn,11,16400,260.79378321591895,247.14274262502101,1.0552354499505174,286,87
Upper East Side North,Manhattan,11,83271,215.48533336568323,247.14274262502101,0.8719063771685572,623,244
Queensboro Hill,Queens,11,16444,244.4569242162429,247.14274262502101,0.9891325216340534,411,121
Homecrest,Brooklyn,11,36073,242.26169277583682,247.14274262502101,0.9802500781639782,485,145
Murray Hill,Manhattan,11,96815,225.03398937897373,247.14274262502101,0.9105425754718927,799,303
JFK Airport,Queens,11,106061,323.07392959356196,247.14274262502101,1.307236158998802,839,309
Central Park,Manhattan,11,17409,210.16687883346836,247.14274262502101,0.8503866089741727,95,41
Prospect Heights,Brooklyn,11,34634,239.0597523670794,247.14274262502101,0.9672942439171456,354,181
Van Cortlandt Village,Bronx,11,34734,247.39552545155993,247.14274262502101,1.001022821159359,635,222
Crotona Park,Bronx,11,1161,317.67166813768756,247.14274262502101,1.2853772874879723,33,13
Belmont,Bronx,11,28686,236.66850024842074,247.14274262502101,0.9576186528265068,539,214
East Flatbush/Farragut,Brooklyn,11,44854,270.0753643554931,247.14274262502101,1.092790997975072,1595,871
College Point,Queens,11,18363,315.93924766977364,247.14274262502101,1.278367490439056,780,189
Midwood,Brooklyn,11,38839,240.5578434454574,247.14274262502101,0.9733558869274401,668,236
Williamsburg (North Side),Brooklyn,11,73786,197.19876064642935,247.14274262502101,0.7979144301462677,552,216
Bellerose,Queens,11,7799,273.4372613561554,247.14274262502101,1.106394055726046,223,56
Co-Op City,Bronx,11,34471,274.4600888888889,247.14274262502101,1.1105326661576922,997,329
Baisley Park,Queens,11,35986,248.44422706135873,247.14274262502101,1.0052661244368903,1266,471
West Brighton,Staten Island,11,9640,327.97279489904355,247.14274262502101,1.3270581665295447,194,28
Madison,Brooklyn,11,28922,229.47040247026212,247.14274262502101,0.928493388205324,551,168
Glendale,Queens,11,26503,265.94338757735505,247.14274262502101,1.0760720090448275,528,174
East Harlem South,Manhattan,11,69259,250.86981014904188,247.14274262502101,1.0150806270272552,1252,543
DUMBO/Vinegar Hill,Brooklyn,11,37009,210.3698052654482,247.14274262502101,0.8512076989638058,250,97
Bensonhurst East,Brooklyn,11,30911,251.04782108205887,247.14274262502101,1.015800902812521,513,140
East Williamsburg,Brooklyn,11,57717,238.43609838015604,247.14274262502101,0.9647707873094409,863,410
Battery Park City,Manhattan,11,44607,203.00437245129135,247.14274262502101,0.8214053558485473,177,53
Claremont/Bathgate,Bronx,11,31852,254.97135840270468,247.14274262502101,1.031676494703151,731,264
Bushwick North,Brooklyn,11,54427,273.11907331596575,247.14274262502101,1.105106589070906,1187,583
Flatlands,Brooklyn,11,56492,264.5882712828172,247.14274262502101,1.0705888769886538,2098,1100
East Flushing,Queens,11,12170,242.41239869663298,247.14274262502101,0.9808598711896421,412,114
Borough Park,Brooklyn,11,70899,284.86235066008953,247.14274262502101,1.152622762191722,935,248
World Trade Center,Manhattan,11,39116,241.28414165541594,247.14274262502101,0.9762946671733992,259,94
South Jamaica,Queens,11,35587,267.93603319977103,247.14274262502101,1.084134740732803,1132,452
Saint Albans,Queens,11,43906,276.8147215160619,247.14274262502101,1.120060085826841,1888,777
East New York/Pennsylvania Avenue,Brooklyn,11,29432,284.23958911715715,247.14274262502101,1.1501029166307406,1062,593
Highbridge Park,Manhattan,11,1076,239.6860902255639,247.14274262502101,0.9698285601257943,19,7
Kew Gardens,Queens,11,26571,239.99332975542436,247.14274262502101,0.9710717264295956,502,182
West Farms/Bronx River,Bronx,11,23257,258.2357648507233,247.14274262502101,1.0448850818271174,540,235
Upper West Side North,Manhattan,11,58475,217.75051341849698,247.14274262502101,0.8810718498373242,909,340
Jackson Heights,Queens,11,78994,245.2926226978084,247.14274262502101,0.992513962143652,1530,436
Brownsville,Brooklyn,11,59744,301.5449883768631,247.14274262502101,1.2201247957921397,2116,1236
Laurelton,Queens,11,17710,261.34817325367646,247.14274262502101,1.057478647674509,893,309
Schuylerville/Edgewater Park,Bronx,11,32908,262.66531709729264,247.14274262502101,1.0628081339043136,906,300
Cobble Hill,Brooklyn,11,17760,219.6715477609399,247.14274262502101,0.8888448247668677,108,34
Lenox Hill West,Manhattan,11,68051,230.56530208627638,247.14274262502101,0.9329236199183204,663,210
Charleston/Tottenville,Staten Island,11,5049,391.3569963069348,247.14274262502101,1.5835261523366835,131,14
Sutton Place/Turtle Bay North,Manhattan,11,55541,218.57272727272726,247.14274262502101,0.8843987282457175,409,142
East Village,Manhattan,11,81503,199.39799293811558,247.14274262502101,0.8068130620394285,768,325
Gramercy,Manhattan,11,69430,210.43379409100208,247.14274262502101,0.8514666134068285,635,258
Saint Michaels Cemetery/Woodside,Queens,11,3624,268.6233694143769,247.14274262502101,1.0869158712135338,14,8
Lincoln Square West,Manhattan,11,61436,223.82484359565362,247.14274262502101,0.9056500758157133,898,298
Washington Heights South,Manhattan,11,78270,238.07453448522992,247.14274262502101,0.9633078113341572,1416,617
Clinton West,Manhattan,11,58711,227.66685087643555,247.14274262502101,0.9211957772187735,896,319
Carroll Gardens,Brooklyn,11,24540,226.80032908268203,247.14274262502101,0.9176896180471557,212,81
Garment District,Manhattan,11,54170,240.57752398183223,247.14274262502101,0.9734355191924454,333,109
Boerum Hill,Brooklyn,11,63360,252.22925286346427,247.14274262502101,1.0205812648367376,543,222
Sunset Park East,Brooklyn,11,29661,275.89587770525594,247.14274262502101,1.1163422189736756,616,177
Prospect-Lefferts Gardens,Brooklyn,11,81371,276.9302875,247.14274262502101,1.1205276940710105,2265,1286
Lenox Hill East,Manhattan,11,67879,246.72298419061008,247.14274262502101,0.9983015546806979,1054,375
Forest Hills,Queens,11,80639,244.9956759073661,247.14274262502101,0.9913124427816495,1435,465
Cambria Heights,Queens,11,12707,257.51258416159027,247.14274262502101,1.0419589158331182,585,216
Crown Heights North,Brooklyn,11,126503,285.38392849966647,247.14274262502101,1.1547331937343883,3208,1835
Forest Park/Highland Park,Queens,11,1511,274.208,247.14274262502101,1.1095126528398367,38,17
Chinatown,Manhattan,11,24273,241.98796137608159,247.14274262502101,0.9791424939523288,446,161
Highbridge,Bronx,11,32675,263.81216898249113,247.14274262502101,1.067448577208524,911,351
Long Island City/Hunters Point,Queens,11,84107,235.34720924101902,247.14274262502101,0.9522723861574246,1172,408
Woodlawn/Wakefield,Bronx,11,28094,294.63086254829045,247.14274262502101,1.1921485511525665,983,315
West Village,Manhattan,11,57573,189.24758342218882,247.14274262502101,0.7657420218457557,391,106
Gowanus,Brooklyn,11,22503,240.3145714670135,247.14274262502101,0.9723715489862974,230,85
Eltingville/Annadale/Prince's Bay,Staten Island,11,5639,361.9284022590636,247.14274262502101,1.4644508611292781,98,8
Midtown South,Manhattan,11,99145,219.21457685239372,247.14274262502101,0.8869958086732027,532,177
Williamsbridge/Olinville,Bronx,11,48584,278.8473852721451,247.14274262502101,1.1282847406740493,1506,625
Jamaica,Queens,11,76268,251.57313635275656,247.14274262502101,1.0179264569158626,2315,870
Hollis,Queens,11,13047,265.13238512035014,247.14274262502101,1.0727904946924702,497,178
Morrisania/Melrose,Bronx,11,35766,259.05013967276665,247.14274262502101,1.0481802415934673,835,339
Flatiron,Manhattan,11,64324,184.49915826240186,247.14274262502101,0.7465287319495942,384,139
Roosevelt Island,Manhattan,11,7515,402.8435544430538,247.14274262502101,1.630003576735696,138,35
Erasmus,Brooklyn,11,30972,266.33438124242724,247.14274262502101,1.0776540650700994,1175,689
Parkchester,Bronx,11,28074,245.8921148255814,247.14274262502101,0.9949396539580483,637,243
Kingsbridge Heights,Bronx,11,25534,242.35182452642073,247.14274262502101,0.9806147732775251,473,191
Hammels/Arverne,Queens,11,15730,421.62386656959427,247.14274262502101,1.7059933141929478,699,184
Greenwich Village North,Manhattan,11,55914,189.8064388060779,247.14274262502101,0.7680032874526402,360,112
Westchester Village/Unionport,Bronx,11,26215,241.0470100375925,247.14274262502101,0.9753351746335627,590,234
Stapleton,Staten Island,11,16383,322.4965875649615,247.14274262502101,1.3049000919046674,434,68
South Williamsburg,Brooklyn,11,26808,297.042821633022,247.14274262502101,1.2019079276938842,246,73
Bedford,Brooklyn,11,88625,293.8709618481004,247.14274262502101,1.1890738070102997,1630,843
Inwood,Manhattan,11,30279,212.78386846804352,247.14274262502101,0.8609755892807716,593,258
Bay Ridge,Brooklyn,11,63347,231.6094923833475,247.14274262502101,0.937148669320865,1019,252
Manhattan Valley,Manhattan,11,33674,224.38408388387174,247.14274262502101,0.9079128988396798,561,233
Marine Park/Mill Basin,Brooklyn,11,32050,264.852742656146,247.14274262502101,1.0716589928679217,901,352
West Chelsea/Hudson Yards,Manhattan,11,94461,203.25126936041303,247.14274262502101,0.8224043611460499,601,246
East Chelsea,Manhattan,11,106469,198.34051070887307,247.14274262502101,0.8025342302274542,725,288
Crotona Park East,Bronx,11,21543,274.49015338004165,247.14274262502101,1.1106543144441579,507,192
Gravesend,Brooklyn,11,16310,251.9869690514973,247.14274262502101,1.0196009252589149,377,114
Sheepshead Bay,Brooklyn,11,37058,240.459789392648,247.14274262502101,0.9729591362409019,778,229
East Flatbush/Remsen Village,Brooklyn,11,52775,297.70929582891824,247.14274262502101,1.2046046453430344,2002,1126
Midtown North,Manhattan,11,87122,215.2404096856037,247.14274262502101,0.8709153560385088,291,90
Riverdale/North Riverdale/Fieldston,Bronx,11,22546,280.71480895319917,247.14274262502101,1.1358407937517938,402,124
Bronxdale,Bronx,11,25839,247.2839618176081,247.14274262502101,1.0005714074024068,558,235
Norwood,Bronx,11,45446,240.88482439594,247.14274262502101,0.9746789318488066,901,331
Lincoln Square East,Manhattan,11,71420,216.75125699514246,247.14274262502101,0.8770286138808848,610,203
Bay Terrace/Fort Totten,Queens,11,8681,321.0522791353383,247.14274262502101,1.299056066649131,185,32
Rockaway Park,Queens,11,7474,383.3649157029399,247.14274262502101,1.5511882389546956,183,35
Clinton Hill,Brooklyn,11,64641,251.62377521839008,247.14274262502101,1.018131354154987,853,387
Bloomfield/Emerson Hill,Staten Island,11,19181,323.26551319021684,247.14274262502101,1.3080113531016915,458,53
Flushing Meadows-Corona Park,Queens,11,3909,280.9074074074074,247.14274262502101,1.1366200942166287,49,22
Heartland Village/Todt Hill,Staten Island,11,10429,324.91220472440943,247.14274262502101,1.3146742699112337,253,24
Howard Beach,Queens,11,16900,298.3294818559307,247.14274262502101,1.2071140697365048,564,144
Ocean Hill,Brooklyn,11,40663,293.45184387752545,247.14274262502101,1.1873779531643671,1463,818
Spuyten Duyvil/Kingsbridge,Bronx,11,37165,244.99506421968312,247.14274262502101,0.9913099677436352,624,178
Fordham South,Bronx,11,19754,252.49943334020193,247.14274262502101,1.0216744811451266,431,148
East Elmhurst,Queens,11,28463,233.5006605963221,247.14274262502101,0.9448007985838472,553,158
Clinton East,Manhattan,11,91302,228.6472892510185,247.14274262502101,0.9251628707460576,923,354
Midtown East,Manhattan,11,77363,215.21370104189933,247.14274262502101,0.8708072863318255,385,136
Eastchester,Bronx,11,26959,277.2571600844136,247.14274262502101,1.12185030051675,845,328
Inwood Hill Park,Manhattan,11,2668,211.391006097561,247.14274262502101,0.8553397273667688,35,16
Whitestone,Queens,11,14475,305.13890057495445,247.14274262502101,1.234666643794305,364,84
Queensbridge/Ravenswood,Queens,11,23171,282.80330963040996,247.14274262502101,1.144291378442357,377,132
Hudson Sq,Manhattan,11,36943,188.04924667085942,247.14274262502101,0.7608932581774347,185,63
Arrochar/Fort Wadsworth,Staten Island,11,8042,302.27146319683635,247.14274262502101,1.2230642906454257,165,22
Corona,Queens,11,2232,263.6997732426304,247.14274262502101,1.06699379654749,60,18
Hillcrest/Pomonok,Queens,11,27021,263.4798508586924,247.14274262502101,1.066103936778184,734,252
Sunnyside,Queens,11,72554,255.52581355176642,247.14274262502101,1.033919955883409,1206,431
Port Richmond,Staten Island,11,8459,321.0696577578909,247.14274262502101,1.2991263848076495,222,35
Bloomingdale,Manhattan,11,15089,221.53038188577221,247.14274262502101,0.8963661223987089,301,157
Grymes Hill/Clifton,Staten Island,11,9784,353.73684759916495,247.14274262502101,1.431305826915883,274,38
Two Bridges/Seward Park,Manhattan,11,43605,267.0345537008463,247.14274262502101,1.0804871341336786,1153,421
Soundview/Castle Hill,Bronx,11,49949,282.4982889966187,247.14274262502101,1.1430571903349036,1497,563
Rego Park,Queens,11,33823,254.3180259833995,247.14274262502101,1.029032951897217,611,222
East Concourse/Concourse Village,Bronx,11,51123,267.1184893752996,247.14274262502101,1.0808267584073343,1240,481
Springfield Gardens North,Queens,11,21673,274.6430183356841,247.14274262502101,1.1112728434530164,882,341
UN/Turtle Bay South,Manhattan,11,63130,233.9950225590469,247.14274262502101,0.9468011080304204,602,238
Lower East Side,Manhattan,11,69005,203.1400840914751,247.14274262502101,0.8219544783465107,705,301
Central Harlem North,Manhattan,11,89595,259.4964672740078,247.14274262502101,1.0499861922618967,1890,809
Hamilton Heights,Manhattan,11,45446,245.4982658700857,247.14274262502101,0.9933460447291774,837,378
Longwood,Bronx,11,19639,259.2376716604245,247.14274262502101,1.048939041895131,438,216
Crown Heights South,Brooklyn,11,39045,285.4458276903844,247.14274262502101,1.1549836530036368,1010,568
Arden Heights,Staten Island,11,3658,378.85242663656885,247.14274262502101,1.5329296042141332,82,6
Little Italy/NoLiTa,Manhattan,11,54191,196.63529193008554,247.14274262502101,0.7956344978676221,355,110
Brighton Beach,Brooklyn,11,25098,247.45319597663854,247.14274262502101,1.0012561702128902,470,119
Mariners Harbor,Staten Island,11,16572,315.99839812704084,247.14274262502101,1.2786068276602867,428,59
Windsor Terrace,Brooklyn,11,18433,237.6142487189377,247.14274262502101,0.9614453825150735,172,76
Pelham Bay Park,Bronx,11,2057,279.2343444227006,247.14274262502101,1.1298504720665448,45,12
Stuyvesant Heights,Brooklyn,11,77276,305.3494248043284,247.14274262502101,1.2355184763309917,1856,1109
Washington Heights North,Manhattan,11,55972,238.90924648182198,247.14274262502101,0.9666852602842101,996,379
Greenwich Village South,Manhattan,11,35959,178.49790021837728,247.14274262502101,0.7222461736989154,279,96
Richmond Hill,Queens,11,49080,246.05823343323343,247.14274262502101,0.9956118104854365,1319,420
Astoria,Queens,11,90456,220.4726871704155,247.14274262502101,0.892086430815932,1344,519
Midtown Center,Manhattan,11,104808,224.2190907858291,247.14274262502101,0.9072452963995266,388,122
Brooklyn Heights,Brooklyn,11,58556,232.57078477078477,247.14274262502101,0.9410382935001023,363,111
Ocean Parkway South,Brooklyn,11,13067,256.65480509455807,247.14274262502101,1.0384881318727182,198,68
Oakland Gardens,Queens,11,9549,275.5785874559248,247.14274262502101,1.1150583849999927,432,80
Middle Village,Queens,11,26247,263.64554026897514,247.14274262502101,1.0667743566680132,546,184
Stuy Town/Peter Cooper Village,Manhattan,11,23531,270.52742088471155,247.14274262502101,1.094620129287677,413,186
Marble Hill,Manhattan,11,8677,239.65345029239765,247.14274262502101,0.9696964909708615,224,78
Steinway,Queens,11,48863,221.44440999565944,247.14274262502101,0.896018259098336,672,227
Flushing,Queens,11,53912,273.8524559002433,247.14274262502101,1.1080740344285478,1052,255
Oakwood,Staten Island,11,4221,338.82358771060456,247.14274262502101,1.3709631288857504,87,9
Fort Greene,Brooklyn,11,61396,246.5404710073224,247.14274262502101,0.9975630616893638,854,389
Mott Haven/Port Morris,Bronx,11,62735,267.16132587729965,247.14274262502101,1.0810000853743538,1439,623
Park Slope,Brooklyn,11,99250,213.93158392771747,247.14274262502101,0.8656195268185828,792,348
Far Rockaway,Queens,12,18722,412.08278347657335,261.19039557448235,1.5777103234221403,754,181
Bushwick North,Brooklyn,12,57585,280.5107027179271,261.19039557448235,1.0739702051484326,1181,567
Williamsburg (North Side),Brooklyn,12,81338,208.0695219591877,261.19039557448235,0.7966201111704109,650,228
Gowanus,Brooklyn,12,22429,252.58314606741573,261.19039557448235,0.9670460719348613,230,96
Financial District North,Manhattan,12,62490,247.82398050365558,261.19039557448235,0.9488250131042236,351,120
Pelham Parkway,Bronx,12,37137,264.9062585331222,261.19039557448235,1.0142266447066972,740,269
Elmhurst/Maspeth,Queens,12,25987,254.3723578504017,261.19039557448235,0.9738962923614226,572,190
Madison,Brooklyn,12,29830,243.02215265253344,261.19039557448235,0.930440616386417,535,183
South Beach/Dongan Hills,Staten Island,12,11033,303.1247443762781,261.19039557448235,1.1605508836171488,191,24
Mariners Harbor,Staten Island,12,16568,324.4491305956345,261.19039557448235,1.242193955417143,402,40
Parkchester,Bronx,12,28029,260.4827762370457,261.19039557448235,0.9972907911262194,641,261
Midtown South,Manhattan,12,98652,238.2210328754692,261.19039557448235,0.9120589306184381,597,214
Sunset Park East,Brooklyn,12,28957,297.5935947574252,261.19039557448235,1.139374187564879,529,141
Financial District South,Manhattan,12,24925,237.36888473874387,261.19039557448235,0.9087963752137838,162,55
Gravesend,Brooklyn,12,15997,256.6907625383828,261.19039557448235,0.9827725938153172,344,100
Ridgewood,Queens,12,60135,287.7268321613149,261.19039557448235,1.1015980565765684,1318,576
Murray Hill,Manhattan,12,99499,241.88911892790486,261.19039557448235,0.9261026554819339,783,319
Glendale,Queens,12,26244,273.3219093300325,261.19039557448235,1.0464470132175694,604,233
Springfield Gardens South,Queens,12,17336,298.8020894128633,261.19039557448235,1.1440010600529735,990,351
Laurelton,Queens,12,18110,277.34440530112397,261.19039557448235,1.0618476406496924,893,348
Oakland Gardens,Queens,12,10301,279.65719940623455,261.19039557448235,1.0707024612874256,399,77
East Flatbush/Farragut,Brooklyn,12,45335,289.54277186840807,261.19039557448235,1.1085506081935568,1682,984
Long Island City/Hunters Point,Queens,12,87728,242.64599471325135,261.19039557448235,0.9290004488088354,1161,395
Bloomfield/Emerson Hill,Staten Island,12,19694,341.9247691190204,261.19039557448235,1.309101616722792,509,46
Washington Heights South,Manhattan,12,78989,259.04804463501574,261.19039557448235,0.9917977422762634,1259,519
Bensonhurst East,Brooklyn,12,30248,260.6815811606392,261.19039557448235,0.9980519405672479,619,175
South Williamsburg,Brooklyn,12,25905,316.0027389756231,261.19039557448235,1.209855891831636,259,87
Jamaica Estates,Queens,12,18600,262.259009009009,261.19039557448235,1.0040913197905927,448,143
Riverdale/North Riverdale/Fieldston,Bronx,12,22917,290.539155956775,261.19039557448235,1.1123653889253498,394,96
Inwood Hill Park,Manhattan,12,2701,226.03929640718562,261.19039557448235,0.8654196334823772,30,10
Spuyten Duyvil/Kingsbridge,Bronx,12,39629,255.88088344564298,261.19039557448235,0.9796718707165276,691,199
College Point,Queens,12,17417,313.2059115023611,261.19039557448235,1.1991478890847875,691,181
Melrose South,Bronx,12,47989,276.32710399186374,261.19039557448235,1.057952775729324,1084,438
Hillcrest/Pomonok,Queens,12,28331,271.4931931138803,261.19039557448235,1.039445545142413,880,275
Heartland Village/Todt Hill,Staten Island,12,11911,333.9090281969475,261.19039557448235,1.2784123530366502,290,20
Clinton West,Manhattan,12,58310,243.68189244620572,261.19039557448235,0.9329665124562981,896,361
East Flushing,Queens,12,12052,255.4299049701455,261.19039557448235,0.9779452433858956,535,141
Jackson Heights,Queens,12,77072,252.1875289110926,261.19039557448235,0.9655314023182662,1523,411
Ocean Hill,Brooklyn,12,40417,310.5554213228632,261.19039557448235,1.1890001569154318,1510,881
Central Harlem,Manhattan,12,72980,271.7348806845015,261.19039557448235,1.0403708761450694,1116,471
Saint Michaels Cemetery/Woodside,Queens,12,1505,261.8308921438082,261.19039557448235,1.0024522209858333,15,9
Jamaica,Queens,12,81265,273.20897942889934,261.19039557448235,1.0460146470086789,2549,1002
Grymes Hill/Clifton,Staten Island,12,9558,357.0791747677684,261.19039557448235,1.3671221485092544,300,53
Hamilton Heights,Manhattan,12,45237,274.837307752933,261.19039557448235,1.0522489050504118,884,380
Meatpacking/West Village West,Manhattan,12,51675,192.4614814959172,261.19039557448235,0.7368627819281124,290,96
Boerum Hill,Brooklyn,12,62788,275.32806955287435,261.19039557448235,1.0541278477996732,617,262
Roosevelt Island,Manhattan,12,7847,381.76221283337736,261.19039557448235,1.461624237727808,140,30
Port Richmond,Staten Island,12,9201,326.32157079646015,261.19039557448235,1.2493628262200196,208,26
Bay Ridge,Brooklyn,12,63344,245.2617277621123,261.19039557448235,0.9390151089693198,1027,271
Corona,Queens,12,2036,266.58744394618833,261.19039557448235,1.0206632727050904,51,19
Times Sq/Theatre District,Manhattan,12,112301,267.30199205380654,261.19039557448235,1.0233990092395315,471,162
Bushwick South,Brooklyn,12,93078,290.5307282105079,261.19039557448235,1.112333122247823,2211,1284
Sheepshead Bay,Brooklyn,12,38068,248.3676509852085,261.19039557448235,0.9509065233387679,854,274
Hudson Sq,Manhattan,12,40123,200.45102138485177,261.19039557448235,0.7674517316916049,247,65
Briarwood/Jamaica Hills,Queens,12,28347,273.0170301440736,261.19039557448235,1.0452797452355735,701,290
Bronx Park,Bronx,12,3854,287.7351934719663,261.19039557448235,1.101630068897056,45,22
Williamsburg (South Side),Brooklyn,12,73768,240.7487461287582,261.19039557448235,0.9217365960154729,773,307
West Chelsea/Hudson Yards,Manhattan,12,103834,216.3333980318705,261.19039557448235,0.8282593912232113,690,292
Forest Park/Highland Park,Queens,12,1703,287.3179122182681,261.19039557448235,1.100032455582139,54,24
Kew Gardens Hills,Queens,12,21849,271.73430446316377,261.19039557448235,1.040368670009823,568,193
Springfield Gardens North,Queens,12,21167,281.9958209242002,261.19039557448235,1.0796561653959624,874,351
East Village,Manhattan,12,86275,209.98097628486312,261.19039557448235,0.8039383524153509,948,397
Bedford,Brooklyn,12,87278,319.39065782905965,261.19039557448235,1.2228269616368057,1634,848
Red Hook,Brooklyn,12,17508,251.5506387921022,261.19039557448235,0.9630929890772678,318,106
Lincoln Square East,Manhattan,12,72261,234.73780873081623,261.19039557448235,0.8987229726212396,618,203
Ocean Parkway South,Brooklyn,12,12788,268.9377170824124,261.19039557448235,1.029661586487091,210,73
Soundview/Bruckner,Bronx,12,28377,280.7634555803732,261.19039557448235,1.074937901000687,658,244
Flatiron,Manhattan,12,63957,195.08794061317843,261.19039557448235,0.7469185081790122,368,151
Upper West Side South,Manhattan,12,69771,230.01296185718655,261.19039557448235,0.8806333071753204,785,281
East Elmhurst,Queens,12,26710,229.21421775697377,261.19039557448235,0.8775752157839583,578,138
North Corona,Queens,12,24075,273.2005076142132,261.19039557448235,1.0459822116097144,559,155
Maspeth,Queens,12,30813,298.1302509994102,261.19039557448235,1.1414288429085588,663,227
West Farms/Bronx River,Bronx,12,22898,270.80301408953096,261.19039557448235,1.036803108682101,499,195
South Ozone Park,Queens,12,67696,223.78715425691487,261.19039557448235,0.8567970264170706,1983,660
Windsor Terrace,Brooklyn,12,18053,254.42233964809714,261.19039557448235,0.9740876539066491,227,99
Upper West Side North,Manhattan,12,57584,240.6205338153977,261.19039557448235,0.9212457191856472,1015,412
Woodlawn/Wakefield,Bronx,12,27788,301.5629350135541,261.19039557448235,1.1545713017137298,932,345
Hammels/Arverne,Queens,12,16534,435.6329900791159,261.19039557448235,1.6678752261198235,701,195
Randalls Island,Manhattan,12,2481,371.7551103843009,261.19039557448235,1.4233107981119826,26,10
Auburndale,Queens,12,11286,251.61615433156044,261.19039557448235,0.9633438234898968,205,49
Two Bridges/Seward Park,Manhattan,12,44766,285.32271496507315,261.19039557448235,1.0923935940964151,1080,399
Central Park,Manhattan,12,21423,238.20883251115808,261.19039557448235,0.9120122200022829,126,60
Starrett City,Brooklyn,12,16163,317.44469438909954,261.19039557448235,1.2153765979445268,502,251
Long Island City/Queens Plaza,Queens,12,27994,233.55786736020806,261.19039557448235,0.894205419944722,446,190
Battery Park,Manhattan,12,1982,225.49443319838056,261.19039557448235,0.8633335567428146,6,0
Old Astoria,Queens,12,40103,248.77617346809535,261.19039557448235,0.9524706026074113,598,212
Dyker Heights,Brooklyn,12,20485,260.2722993062438,261.19039557448235,0.9964849539500897,414,104
East Harlem North,Manhattan,12,69761,287.14425584614264,261.19039557448235,1.0993675905064402,1551,728
Gramercy,Manhattan,12,70123,222.29464440966788,261.19039557448235,0.8510827663503318,562,242
Crown Heights North,Brooklyn,12,125959,311.0307109157627,261.19039557448235,1.1908198623906432,3274,1852
Eastchester,Bronx,12,26173,286.4456053132404,261.19039557448235,1.0966927198192329,878,332
Soundview/Castle Hill,Bronx,12,51277,285.5855576739752,261.19039557448235,1.0933999201840336,1394,451
Murray Hill-Queens,Queens,12,22754,251.78971078475539,261.19039557448235,0.9640083060135103,615,149
Cambria Heights,Queens,12,12404,264.6001142763856,261.19039557448235,1.0130545332434742,614,224
Allerton/Pelham Gardens,Bronx,12,23449,247.49032593169719,261.19039557448235,0.9475475749686271,561,192
Greenwich Village North,Manhattan,12,59529,201.63466137485372,261.19039557448235,0.7719834449936908,418,134
Baisley Park,Queens,12,35573,250.8885289142464,261.19039557448235,0.9605580188445397,1419,532
Douglaston,Queens,12,6332,346.6177280829687,261.19039557448235,1.3270691953300613,216,21
Washington Heights North,Manhattan,12,55956,256.16769098900295,261.19039557448235,0.9807699491612926,1022,403
Hollis,Queens,12,12518,276.92189553219447,261.19039557448235,1.0602300093122148,487,166
Fresh Meadows,Queens,12,10796,270.7470905478286,261.19039557448235,1.0365889984290062,256,57
Westerleigh,Staten Island,12,10208,319.5193860261138,261.19039557448235,1.2233198135916834,248,14
Stuyvesant Heights,Brooklyn,12,76715,318.62306227183745,261.19039557448235,1.2198881263265184,1857,1137
Central Harlem North,Manhattan,12,90369,292.79290087611486,261.19039557448235,1.1209941323919033,1890,828
Mount Hope,Bronx,12,46614,276.4646261477919,261.19039557448235,1.0584792964523608,956,375
TriBeCa/Civic Center,Manhattan,12,115577,216.7836291982004,261.19039557448235,0.8299831573875055,593,185
Brooklyn Heights,Brooklyn,12,59650,254.77055021122817,261.19039557448235,0.9754208214695879,365,141
Borough Park,Brooklyn,12,71050,311.31153572950706,261.19039557448235,1.1918950352090258,1066,266
Middle Village,Queens,12,24584,274.9881212621159,261.19039557448235,1.0528263133768214,514,161
Brownsville,Brooklyn,12,61636,321.5525337052534,261.19039557448235,1.2311039730155693,2239,1297
Brooklyn Navy Yard,Brooklyn,12,7911,272.5019021049962,261.19039557448235,1.0433075133013006,97,44
Rosedale,Queens,12,14895,343.56638254347087,261.19039557448235,1.315386738428128,811,261
Whitestone,Queens,12,14952,312.2347908745247,261.19039557448235,1.1954298326619988,455,79
Longwood,Bronx,12,20296,274.6809119670567,261.19039557448235,1.0516501242815697,471,223
Arrochar/Fort Wadsworth,Staten Island,12,7165,311.0307911617962,261.19039557448235,1.1908201696225889,168,28
Bellerose,Queens,12,8190,285.4992490613267,261.19039557448235,1.0930694768977915,284,76
Mott Haven/Port Morris,Bronx,12,63154,285.61817829957425,261.19039557448235,1.0935248123169443,1458,637
Clinton East,Manhattan,12,84939,242.7240108401084,261.19039557448235,0.9292991432791488,874,314
Greenpoint,Brooklyn,12,93174,230.87935390528838,261.19039557448235,0.8839503971709008,1062,401
Prospect Heights,Brooklyn,12,36473,264.4001495472043,261.19039557448235,1.0122889433421247,396,186
Van Cortlandt Park,Bronx,12,4867,291.65699373695196,261.19039557448235,1.1166451702615596,116,41
Homecrest,Brooklyn,12,39057,259.83416208898495,261.19039557448235,0.9948074909779343,569,154
Morningside Heights,Manhattan,12,50863,239.57931255123873,261.19039557448235,0.9172592737351213,732,335
Rego Park,Queens,12,35831,269.8700531265093,261.19039557448235,1.0332311512945804,647,247
Clinton Hill,Brooklyn,12,64920,279.79056148275055,261.19039557448235,1.0712130546276695,848,450
Highbridge,Bronx,12,31695,275.69072463768117,261.19039557448235,1.055516318015085,758,257
Marine Park/Mill Basin,Brooklyn,12,34812,275.07491116677346,261.19039557448235,1.0531585993495374,991,382
Corona,Queens,12,31198,260.4231690903719,261.19039557448235,0.9970625777321446,698,239
Saint Albans,Queens,12,42390,290.7478762353729,261.19039557448235,1.113164500539461,1816,693
Cobble Hill,Brooklyn,12,18257,233.91781428018362,261.19039557448235,0.8955835216133683,131,51
Steinway,Queens,12,48935,219.96750671348894,261.19039557448235,0.8421730294855422,665,213
Kensington,Brooklyn,12,23106,266.7944839077436,261.19039557448235,1.0214559510158678,446,169
Stapleton,Staten Island,12,16937,330.7484181065953,261.19039557448235,1.2663115631764394,358,48
Lenox Hill East,Manhattan,12,67857,273.67088721398926,261.19039557448235,1.0477831185639745,1014,395
Cypress Hills,Brooklyn,12,32231,264.5461981603488,261.19039557448235,1.0128481086698669,1036,478
Crown Heights South,Brooklyn,12,38955,311.5320459290188,261.19039557448235,1.1927392860055637,941,541
Crotona Park East,Bronx,12,22297,287.0196239879237,261.19039557448235,1.0988904218956081,506,183
West Concourse,Bronx,12,48268,287.1408432950272,261.19039557448235,1.0993545251289483,1000,364
Downtown Brooklyn/MetroTech,Brooklyn,12,56321,294.4975957225392,261.19039557448235,1.1275207691875437,747,322
Canarsie,Brooklyn,12,80061,299.787747005417,261.19039557448235,1.1477747730579473,3409,1796
Manhattan Beach,Brooklyn,12,11728,244.94153524440185,261.19039557448235,0.9377892119871349,244,77
New Dorp/Midland Beach,Staten Island,12,8405,339.70328867235077,261.19039557448235,1.3005964018132485,144,17
SoHo,Manhattan,12,57104,192.92488337294253,261.19039557448235,0.7386369738006967,252,59
East New York/Pennsylvania Avenue,Brooklyn,12,28644,295.0444254895689,261.19039557448235,1.1296143751405,1099,627
Midtown Center,Manhattan,12,115383,243.56917183573776,261.19039557448235,0.932534947542818,457,158
Alphabet City,Manhattan,12,25734,271.39293781952205,261.19039557448235,1.0390617052460884,776,366
Stuy Town/Peter Cooper Village,Manhattan,12,23214,284.600061454721,261.19039557448235,1.0896268250168604,409,158
Bronxdale,Bronx,12,25652,257.456487089576,261.19039557448235,0.9857042657457075,597,230
Van Nest/Morris Park,Bronx,12,53735,288.07204113383676,261.19039557448235,1.1029197321755604,844,280
Battery Park City,Manhattan,12,44412,215.81155956202053,261.19039557448235,0.8262614675679322,204,59
Highbridge Park,Manhattan,12,1034,265.33626588465296,261.19039557448235,1.0158729814741152,14,8
Forest Hills,Queens,12,83428,261.9577806200134,261.19039557448235,1.002938029340027,1431,485
Queens Village,Queens,12,27917,263.92297307159015,261.19039557448235,1.0104620137011453,1173,402
Bloomingdale,Manhattan,12,14982,250.68442286652078,261.19039557448235,0.9597765733887192,264,125
Coney Island,Brooklyn,12,31624,296.235525375268,261.19039557448235,1.1341746495835143,848,246
DUMBO/Vinegar Hill,Brooklyn,12,41313,235.2085789448044,261.19039557448235,0.9005253750907206,292,114
Midtown East,Manhattan,12,80306,229.94116754350466,261.19039557448235,0.8803584336926106,453,177
Upper East Side North,Manhattan,12,87104,235.3402873609871,261.19039557448235,0.9010296371861664,690,265
East Chelsea,Manhattan,12,106250,207.51154768616286,261.19039557448235,0.794483837086528,854,335
Carroll Gardens,Brooklyn,12,24556,235.23694812135165,261.19039557448235,0.9006339900207789,213,70
Flatbush/Ditmas Park,Brooklyn,12,87707,275.4066695287934,261.19039557448235,1.0544287776089265,2326,1242
Ozone Park,Queens,12,16879,252.61100078233136,261.19039557448235,0.9671527171844094,485,178
Kingsbridge Heights,Bronx,12,25595,254.34182252288102,261.19039557448235,0.9737793840522426,454,180
Oakwood,Staten Island,12,4497,352.2935483870968,261.19039557448235,1.3487997811413974,69,8
Flushing,Queens,12,57807,295.2229796903849,261.19039557448235,1.1302979921641017,1190,277
East Williamsburg,Brooklyn,12,60269,245.99478887399465,261.19039557448235,0.9418217248491649,873,419
Lincoln Square West,Manhattan,12,59389,243.72413381530487,261.19039557448235,0.9331282388054092,931,322
Charleston/Tottenville,Staten Island,12,5171,403.50039936102235,261.19039557448235,1.544851595609143,131,9
Fort Greene,Brooklyn,12,64636,274.8228990411732,261.19039557448235,1.0521937395006675,1000,490
Co-Op City,Bronx,12,37151,273.2051719864504,261.19039557448235,1.0460000697404734,1135,391
Williamsbridge/Olinville,Bronx,12,48010,290.0886918900577,261.19039557448235,1.1106407310728796,1468,579
West Brighton,Staten Island,12,9383,339.66502624671915,261.19039557448235,1.3004499093453785,188,20
East Flatbush/Remsen Village,Brooklyn,12,52044,315.25162324962844,261.19039557448235,1.2069801516102445,2081,1259
Midtown North,Manhattan,12,88406,232.18353033160096,261.19039557448235,0.888943599250342,319,118
Prospect Park,Brooklyn,12,7358,275.6130749283472,261.19039557448235,1.0552190264199512,98,50
Fordham South,Bronx,12,20003,264.7680407124682,261.19039557448235,1.0136974605445077,437,166
Garment District,Manhattan,12,54760,260.8660687704674,261.19039557448235,0.9987582743871511,407,131
Bensonhurst West,Brooklyn,12,41077,268.6269652333482,261.19039557448235,1.0284718342820733,872,219
Eltingville/Annadale/Prince's Bay,Staten Island,12,5585,369.24651504035216,261.19039557448235,1.4137063280148676,102,6
Pelham Bay Park,Bronx,12,2437,287.023897816234,261.19039557448235,1.0989067847802423,68,16
Prospect-Lefferts Gardens,Brooklyn,12,82462,302.6420725235121,261.19039557448235,1.158702914239468,2317,1243
Country Club,Bronx,12,3392,326.7737447065941,261.19039557448235,1.2510940304212284,83,23
East Harlem South,Manhattan,12,68516,279.3856373429084,261.19039557448235,1.0696627520640873,1289,546
Yorkville West,Manhattan,12,51817,258.18355569466723,261.19039557448235,0.9884879385660348,842,325
Inwood,Manhattan,12,31034,226.01342835461415,261.19039557448235,0.8653205944173511,550,200
Manhattan Valley,Manhattan,12,33875,253.21796226415094,261.19039557448235,0.9694765449058866,612,279
Union Sq,Manhattan,12,99423,209.12433336712968,261.19039557448235,0.8006585881811061,542,194
Rossville/Woodrow,Staten Island,12,3215,353.5035279025016,261.19039557448235,1.3534323386010372,70,5
Brighton Beach,Brooklyn,12,26433,258.47978353304984,261.19039557448235,0.9896220837850083,529,138
Sunset Park West,Brooklyn,12,50408,278.8962362571222,261.19039557448235,1.0677890189786508,801,263
Penn Station/Madison Sq West,Manhattan,12,63480,217.97228607918262,261.19039557448235,0.8345340784823175,516,213
Bath Beach,Brooklyn,12,12627,257.6075212292762,261.19039557448235,0.9862825187835651,244,47
Greenwich Village South,Manhattan,12,41194,188.32490410222582,261.19039557448235,0.721025379543568,284,97
UN/Turtle Bay South,Manhattan,12,63538,250.18844309462915,261.19039557448235,0.9578776529831633,574,250
Bayside,Queens,12,20486,258.78244691407025,261.19039557448235,0.9907808682814854,490,107
City Island,Bronx,12,1379,436.30891238670694,261.19039557448235,1.6704630789622084,33,9
Hunts Point,Bronx,12,33084,321.815588478881,261.19039557448235,1.2321111110194345,762,288
West Village,Manhattan,12,63082,197.56231837777423,261.19039557448235,0.7563919720066291,379,129
East Tremont,Bronx,12,44292,271.1631271231484,261.19039557448235,1.0381818463375396,1040,375
Elmhurst,Queens,12,71518,245.68848681403088,261.19039557448235,0.9406490092166085,1386,465
Kew Gardens,Queens,12,27171,256.9753368263473,261.19039557448235,0.9838621219633129,535,214
Sunnyside,Queens,12,72977,267.7485821783274,261.19039557448235,1.0251088352212205,1178,418
Glen Oaks,Queens,12,7951,304.3530097087379,261.19039557448235,1.1652534506076317,240,60
Great Kills,Staten Island,12,8778,366.5366112486735,261.19039557448235,1.4033311234223775,204,11
Claremont/Bathgate,Bronx,12,32513,273.879711231952,261.19039557448235,1.0485826273571806,688,261
Park Slope,Brooklyn,12,101718,230.46642765634155,261.19039557448235,0.8823694575347454,901,433
Saint George/New Brighton,Staten Island,12,23401,315.6812470107396,261.19039557448235,1.2086250197539072,506,66
LaGuardia Airport,Queens,12,224467,266.8760204355049,261.19039557448235,1.0217681237800387,842,494
East Concourse/Concourse Village,Bronx,12,51574,288.79033728350043,261.19039557448235,1.1056698185563547,1170,458
Lenox Hill West,Manhattan,12,68688,246.90758793599292,261.19039557448235,0.9453164898844204,737,291
Little Italy/NoLiTa,Manhattan,12,62238,216.6774287706553,261.19039557448235,0.8295765558074147,397,132
JFK Airport,Queens,12,113696,297.33418198796613,261.19039557448235,1.1383809934281326,990,416
Sutton Place/Turtle Bay North,Manhattan,12,56314,229.0010282498106,261.19039557448235,0.8767589931709703,478,179
University Heights/Morris Heights,Bronx,12,42409,291.6045572541102,261.19039557448235,1.1164444106481504,1041,341
Bay Terrace/Fort Totten,Queens,12,8749,326.6732117812062,261.19039557448235,1.2507091275798863,200,37
Seaport,Manhattan,12,20769,275.71513700972014,261.19039557448235,1.0556097838256684,127,37
Westchester Village/Unionport,Bronx,12,26835,255.96979700246632,261.19039557448235,0.9800122873563806,625,232
Howard Beach,Queens,12,17314,305.9011484823626,261.19039557448235,1.1711806929559563,555,154
Marble Hill,Manhattan,12,10005,252.02866693679093,261.19039557448235,0.9649231794395027,193,67
Manhattanville,Manhattan,12,23079,265.3657599576084,261.19039557448235,1.0159859032103475,411,185
Woodside,Queens,12,43958,227.87619025661127,261.19039557448235,0.8724524106462749,848,327
Rockaway Park,Queens,12,7638,405.4515254237288,261.19039557448235,1.5523217250463877,165,25
Queensbridge/Ravenswood,Queens,12,20738,284.1485537494475,261.19039557448235,1.0878981714640357,357,100
Flushing Meadows-Corona Park,Queens,12,5201,308.1497584541063,261.19039557448235,1.179789776635308,67,25
Queensboro Hill,Queens,12,16120,253.84398460664943,261.19039557448235,0.9718733495093698,378,133
Schuylerville/Edgewater Park,Bronx,12,32940,274.5889923583826,261.19039557448235,1.0512981985973502,852,270
Belmont,Bronx,12,30491,254.1318754806567,261.19039557448235,0.9729755756206097,512,195
Midwood,Brooklyn,12,40629,260.3352628677392,261.19039557448235,0.9967260177968553,701,261
Astoria,Queens,12,91895,222.56488919743904,261.19039557448235,0.852117432219943,1366,505
Upper East Side South,Manhattan,12,100298,220.4039973886406,261.19039557448235,0.8438441884659158,627,207
Arden Heights,Staten Island,12,3529,378.3738951090159,261.19039557448235,1.4486516407955625,78,9
Norwood,Bronx,12,45493,252.99284180386542,261.19039557448235,0.9686146431510753,929,341
Morrisania/Melrose,Bronx,12,35179,279.186148697803,261.19039557448235,1.0688989849099901,880,371
Crotona Park,Bronx,12,1030,275.2094861660079,261.19039557448235,1.0536738365156608,26,10
Columbia Street,Brooklyn,12,5760,241.18668774148227,261.19039557448235,0.923413310091275,65,18
Erasmus,Brooklyn,12,31623,284.51350048216005,261.19039557448235,1.089295415539224,1329,738
Yorkville East,Manhattan,12,38670,270.1215105867481,261.19039557448235,1.034193887537947,583,236
Lower East Side,Manhattan,12,70770,217.09914852277274,261.19039557448235,0.8311911624670122,768,333
Van Cortlandt Village,Bronx,12,35319,258.38656725044797,261.19039557448235,0.9892651936229606,590,229
Richmond Hill,Queens,12,48287,257.82045430533543,261.19039557448235,0.9870977596180947,1347,440
Flatlands,Brooklyn,12,55500,274.8944303009213,261.19039557448235,1.0524676058485887,1978,984
East New York,Brooklyn,12,119409,277.2219944129783,261.19039557448235,1.0613789752997418,3904,1920
Chinatown,Manhattan,12,26152,264.09032308170237,261.19039557448235,1.0111027340834708,441,166
Pelham Bay,Bronx,12,13978,259.10993165624546,261.19039557448235,0.9920346844543768,317,122
Kips Bay,Manhattan,12,53239,249.125709372313,261.19039557448235,0.9538088444039707,921,392
South Jamaica,Queens,12,33284,280.39928002215316,261.19039557448235,1.073543609463209,1135,437
Woodhaven,Queens,12,35040,264.9013015817428,261.19039557448235,1.0142076664002075,1159,406
Bedford Park,Bronx,12,47883,261.73544195953144,261.19039557448235,1.002086778052655,960,405
World Trade Center,Manhattan,12,42427,263.6210236785458,261.19039557448235,1.0093059627966692,256,92
Upper East Side North,Manhattan,13,86074,242.30920713112832,270.8302792377398,0.8946902385254526,835,366
Borough Park,Brooklyn,13,70302,316.5069017964759,270.8302792377398,1.1686540466867088,1095,278
Oakland Gardens,Queens,13,10521,295.7584100824043,270.8302792377398,1.092043367214425,430,109
Rossville/Woodrow,Staten Island,13,3367,362.50646153846156,270.8302792377398,1.338500490265517,105,5
Lenox Hill East,Manhattan,13,65672,270.1781349586956,270.8302792377398,0.9975920555084178,1133,468
Saint Albans,Queens,13,47627,315.3189394905813,270.8302792377398,1.1642676748628558,2431,1059
Middle Village,Queens,13,25494,281.09607298691,270.8302792377398,1.0379048966683622,559,202
North Corona,Queens,13,25735,285.04794007490636,270.8302792377398,1.0524965704617026,633,193
West Concourse,Bronx,13,52617,310.8354316201589,270.8302792377398,1.1477129975828952,1156,466
Soundview/Castle Hill,Bronx,13,56970,304.43048984383336,270.8302792377398,1.1240637151084525,1764,724
Queensbridge/Ravenswood,Queens,13,20518,282.9338122368095,270.8302792377398,1.0446904719558519,404,137
Jamaica Estates,Queens,13,20247,279.3638325637422,270.8302792377398,1.0315088599030375,614,218
Co-Op City,Bronx,13,42497,280.38151573815156,270.8302792377398,1.0352665016898925,1292,478
Cypress Hills,Brooklyn,13,34936,274.95201094232,270.8302792377398,1.0152188732965197,1296,626
Lower East Side,Manhattan,13,72829,231.70182307937964,270.8302792377398,0.8555240711323402,870,380
SoHo,Manhattan,13,63802,205.7846146573594,270.8302792377398,0.7598286839881663,290,97
Lincoln Square West,Manhattan,13,57214,244.6632450448534,270.8302792377398,0.9033821688382322,875,329
Sunnyside,Queens,13,72643,257.91441541494294,270.8302792377398,0.9523101188716825,1380,537
Schuylerville/Edgewater Park,Bronx,13,36146,285.37650856020207,270.8302792377398,1.0537097600881375,1175,384
JFK Airport,Queens,13,113062,276.81203427224636,270.8302792377398,1.022086729191959,1222,502
Bedford Park,Bronx,13,52417,279.40426893102244,270.8302792377398,1.0316581650966592,1054,419
Columbia Street,Brooklyn,13,5782,247.35729275970618,270.8302792377398,0.9133295341122897,62,27
Bay Terrace/Fort Totten,Queens,13,9233,334.80309392265195,270.8302792377398,1.2362099794194565,275,69
Heartland Village/Todt Hill,Staten Island,13,13667,343.19690050160966,270.8302792377398,1.2672028455147186,357,35
Park Slope,Brooklyn,13,104173,239.50564574751635,270.8302792377398,0.8843385105299615,1125,511
Glen Oaks,Queens,13,8166,307.16783831282953,270.8302792377398,1.1341709618930458,222,48
Homecrest,Brooklyn,13,38757,263.36540320263316,270.8302792377398,0.972437069975644,602,204
Fordham South,Bronx,13,22050,283.6768926501702,270.8302792377398,1.0474341844220212,497,199
Oakwood,Staten Island,13,4784,365.79180081562566,270.8302792377398,1.350631110543319,91,13
New Dorp/Midland Beach,Staten Island,13,9382,353.30452764475405,270.8302792377398,1.304523735821344,164,20
East Flatbush/Remsen Village,Brooklyn,13,54197,337.7556042064294,270.8302792377398,1.2471116787866299,2406,1530
Fresh Meadows,Queens,13,11718,284.12844909609896,270.8302792377398,1.049101488562458,325,81
Central Harlem North,Manhattan,13,93093,314.07496263323844,270.8302792377398,1.159674477747511,1982,950
Clinton Hill,Brooklyn,13,65186,298.44776443239056,270.8302792377398,1.1019734029458637,1044,596
Kew Gardens Hills,Queens,13,23566,272.3658798744572,270.8302792377398,1.0056699739816368,610,199
Melrose South,Bronx,13,51601,300.61017348763187,270.8302792377398,1.1099577725714738,1254,581
Saint Michaels Cemetery/Woodside,Queens,13,3888,266.40587174864794,270.8302792377398,0.983663541973429,17,8
Seaport,Manhattan,13,20487,278.7125030948255,270.8302792377398,1.029103923975083,131,49
Port Richmond,Staten Island,13,9722,332.41716130375926,270.8302792377398,1.227400282713431,244,34
Midtown South,Manhattan,13,97393,242.80995635740985,270.8302792377398,0.8965391795954499,685,260
Cambria Heights,Queens,13,13111,286.72170067499417,270.8302792377398,1.0586766792914784,660,258
South Jamaica,Queens,13,37307,302.80842409849043,270.8302792377398,1.1180744817409418,1427,666
College Point,Queens,13,17760,311.83661102218156,270.8302792377398,1.1514097016768412,581,164
Marine Park/Mill Basin,Brooklyn,13,36766,289.5410570894291,270.8302792377398,1.0690867280584408,1092,468
Williamsburg (South Side),Brooklyn,13,74752,246.31613783415057,270.8302792377398,0.9094852264208233,905,392
Times Sq/Theatre District,Manhattan,13,104131,262.29064039408865,270.8302792377398,0.9684686702399518,447,140
Stapleton,Staten Island,13,18812,341.28856368563686,270.8302792377398,1.2601565993514614,426,63
Marble Hill,Manhattan,13,10988,267.14008283479063,270.8302792377398,0.9863745057851903,160,54
Upper West Side North,Manhattan,13,55304,252.66552711817425,270.8302792377398,0.9329293896875535,1029,400
Manhattan Valley,Manhattan,13,33543,269.41069906223356,270.8302792377398,0.9947584140905453,652,318
Stuyvesant Heights,Brooklyn,13,77717,332.0687404744226,270.8302792377398,1.226113791297784,2090,1313
Richmond Hill,Queens,13,50950,268.2924368068738,270.8302792377398,0.9906293992015635,1435,527
Central Harlem,Manhattan,13,75321,295.28353519349037,270.8302792377398,1.0902899632366625,1415,633
Upper West Side South,Manhattan,13,69000,241.47745467388745,270.8302792377398,0.8916191178975011,903,364
Union Sq,Manhattan,13,108280,216.92637037312878,270.8302792377398,0.8009679382367244,643,258
Battery Park City,Manhattan,13,44938,222.8087976935898,270.8302792377398,0.8226879148103088,190,57
Van Cortlandt Village,Bronx,13,37978,268.45368113768444,270.8302792377398,0.9912247695983465,749,302
Midtown East,Manhattan,13,82335,227.50897819844468,270.8302792377398,0.8400426231467758,505,183
Norwood,Bronx,13,44988,254.28312723832693,270.8302792377398,0.9389021344068864,944,375
Brooklyn Heights,Brooklyn,13,58213,269.1052101598986,270.8302792377398,0.9936304423467848,438,156
Douglaston,Queens,13,7169,358.0678111587983,270.8302792377398,1.322111442511492,283,52
Prospect Heights,Brooklyn,13,37145,280.8803878432331,270.8302792377398,1.0371085117726855,585,336
Crown Heights North,Brooklyn,13,129804,331.39287861163376,270.8302792377398,1.2236182732017606,3743,2246
Canarsie,Brooklyn,13,86163,314.125556796145,270.8302792377398,1.1598612890710047,3958,2165
Laurelton,Queens,13,18972,297.35140743894004,270.8302792377398,1.0979252699360087,1021,455
Glendale,Queens,13,28613,285.26087725504067,270.8302792377398,1.053282808916035,671,276
Ocean Parkway South,Brooklyn,13,12238,273.11470272944666,270.8302792377398,1.0084348895483048,211,85
Ocean Hill,Brooklyn,13,42527,328.1626118834508,270.8302792377398,1.2116910000132726,1684,1014
Financial District South,Manhattan,13,26762,243.3015417170496,270.8302792377398,0.8983542844685953,179,77
Cobble Hill,Brooklyn,13,18531,242.25014974135584,270.8302792377398,0.8944721780119136,122,53
Gramercy,Manhattan,13,69904,230.83935101874962,270.8302792377398,0.8523395229974069,648,259
East Chelsea,Manhattan,13,119712,223.81083048996283,270.8302792377398,0.8263877699343122,1092,421
Eltingville/Annadale/Prince's Bay,Staten Island,13,6045,377.03616086515717,270.8302792377398,1.3921492158348658,155,15
Fort Greene,Brooklyn,13,67801,299.4600241599928,270.8302792377398,1.105711019472536,1186,597
Crotona Park East,Bronx,13,24282,306.39518727767313,270.8302792377398,1.131318064361311,687,302
Midtown Center,Manhattan,13,125429,246.86229688345898,270.8302792377398,0.9115018364204349,572,172
Garment District,Manhattan,13,55602,267.57905333675,270.8302792377398,0.9879953382238483,448,164
Brooklyn Navy Yard,Brooklyn,13,8471,290.28956706884316,270.8302792377398,1.0718504883791877,120,54
Lincoln Square East,Manhattan,13,70346,241.30581627054033,270.8302792377398,0.8909853689539554,703,234
South Beach/Dongan Hills,Staten Island,13,11439,297.9384780470357,270.8302792377398,1.1000929397022843,180,25
Brighton Beach,Brooklyn,13,27167,268.10691988485553,270.8302792377398,0.9899444059189053,610,170
Inwood Hill Park,Manhattan,13,3003,243.98382749326146,270.8302792377398,0.9008735218970402,44,13
Williamsburg (North Side),Brooklyn,13,87890,219.33378011478845,270.8302792377398,0.809856935982602,869,382
Dyker Heights,Brooklyn,13,20935,263.0477158343012,270.8302792377398,0.9712640572341362,429,110
Gowanus,Brooklyn,13,22320,260.71137184115526,270.8302792377398,0.9626374590571464,324,140
Sunset Park East,Brooklyn,13,29155,300.8714330620656,270.8302792377398,1.110922434186006,598,181
Flushing,Queens,13,61897,301.9174982269211,270.8302792377398,1.1147848721962599,1304,322
Two Bridges/Seward Park,Manhattan,13,44317,299.49216971369435,270.8302792377398,1.105829712086198,1118,430
Bushwick North,Brooklyn,13,60311,288.7035868872261,270.8302792377398,1.0659944955187113,1379,740
Soundview/Bruckner,Bronx,13,28366,290.1683079355952,270.8302792377398,1.0714027572998222,840,355
Financial District North,Manhattan,13,62249,250.808278582957,270.8302792377398,0.9260717793034985,433,179
TriBeCa/Civic Center,Manhattan,13,115268,223.78870184950375,270.8302792377398,0.8263060632635465,619,191
East Williamsburg,Brooklyn,13,62520,253.6395395832323,270.8302792377398,0.9365257839600087,952,478
Long Island City/Hunters Point,Queens,13,90094,242.82778249977633,270.8302792377398,0.8966049999402677,1338,471
Bensonhurst East,Brooklyn,13,30944,262.80431928580805,270.8302792377398,0.9703653521514617,588,190
Madison,Brooklyn,13,30612,251.7724836212031,270.8302792377398,0.9296319611301387,596,207
Midtown North,Manhattan,13,92484,233.74323107665955,270.8302792377398,0.8630616625826962,349,131
Bayside,Queens,13,22049,267.0145489815713,270.8302792377398,0.9859109909464039,618,142
Charleston/Tottenville,Staten Island,13,5426,395.5800938967136,270.8302792377398,1.4606198945335287,127,13
Allerton/Pelham Gardens,Bronx,13,24865,256.1845959801448,270.8302792377398,0.9459230212411416,712,268
East Harlem South,Manhattan,13,68732,289.8338936657642,270.8302792377398,1.070167982994777,1581,735
Van Cortlandt Park,Bronx,13,5246,301.3275462962963,270.8302792377398,1.112606563580675,163,68
Murray Hill-Queens,Queens,13,23818,252.36920770877944,270.8302792377398,0.9318352749149039,675,193
Steinway,Queens,13,51480,223.18326310632042,270.8302792377398,0.8240705719259923,780,245
Rego Park,Queens,13,37272,283.32371105971976,270.8302792377398,1.0461301146132669,721,241
Central Park,Manhattan,13,24176,251.61259271605968,270.8302792377398,0.9290415880537107,113,53
Red Hook,Brooklyn,13,19872,264.9460806755176,270.8302792377398,0.9782734833830861,318,109
Highbridge,Bronx,13,34454,293.6401524102079,270.8302792377398,1.0842220199184052,861,360
Ozone Park,Queens,13,19957,259.435612244898,270.8302792377398,0.9579269089670754,628,243
Roosevelt Island,Manhattan,13,7720,375.41589846359386,270.8302792377398,1.3861666410425508,190,53
Randalls Island,Manhattan,13,2669,391.1001137656428,270.8302792377398,1.4440782428995982,23,14
Belmont,Bronx,13,34004,276.68663168564785,270.8302792377398,1.0216236990353922,670,262
World Trade Center,Manhattan,13,44734,270.8129220867516,270.8302792377398,0.9999359113351837,271,94
Westchester Village/Unionport,Bronx,13,27992,264.985293052235,270.8302792377398,0.9784182691759739,797,358
Jamaica,Queens,13,87004,291.5529705557814,270.8302792377398,1.0765154153972971,3123,1459
Elmhurst/Maspeth,Queens,13,26832,260.532967032967,270.8302792377398,0.9619787261832212,614,215
Greenpoint,Brooklyn,13,95700,232.93125539121837,270.8302792377398,0.8600635647048426,1252,486
Briarwood/Jamaica Hills,Queens,13,30140,280.2453547865895,270.8302792377398,1.0347637478916638,758,275
Yorkville East,Manhattan,13,36892,277.29865799553585,270.8302792377398,1.0238835139704523,629,240
Clinton West,Manhattan,13,55977,250.37538222149848,270.8302792377398,0.924473374713447,932,397
Corona,Queens,13,2149,276.05876821814763,270.8302792377398,1.0193054077820383,57,23
Manhattanville,Manhattan,13,22743,280.77810505645556,270.8302792377398,1.0367308479934896,501,241
Pelham Parkway,Bronx,13,37067,264.90081810744476,270.8302792377398,0.9781063581702029,814,306
East Flushing,Queens,13,12701,255.54825758792356,270.8302792377398,0.943573437605175,419,134
Forest Park/Highland Park,Queens,13,1957,297.1367609254499,270.8302792377398,1.0971327200258056,48,20
Maspeth,Queens,13,29797,278.2534481005795,270.8302792377398,1.0274089325747935,663,241
Riverdale/North Riverdale/Fieldston,Bronx,13,23534,293.72400017369404,270.8302792377398,1.0845316151517082,435,130
Crown Heights South,Brooklyn,13,39477,330.42062369848577,270.8302792377398,1.2200283684249222,1103,646
Marine Park/Floyd Bennett Field,Brooklyn,13,1112,355.859872611465,270.8302792377398,1.3139589620962753,22,7
Clinton East,Manhattan,13,82516,244.55048133510093,270.8302792377398,0.9029658058301157,970,366
Eastchester,Bronx,13,27641,294.75947559233896,270.8302792377398,1.0883549521196398,983,366
Arrochar/Fort Wadsworth,Staten Island,13,7442,309.82507932128567,270.8302792377398,1.143982423949412,183,24
Longwood,Bronx,13,21446,293.2052021754552,270.8302792377398,1.0826160317106726,570,288
Washington Heights South,Manhattan,13,78399,270.8828223326543,270.8302792377398,1.000194007461287,1503,631
Yorkville West,Manhattan,13,51611,265.73444416028957,270.8302792377398,0.9811843967676266,898,392
Rockaway Park,Queens,13,7812,405.08919631093545,270.8302792377398,1.495730822458521,192,50
Bloomingdale,Manhattan,13,15157,268.82140928725704,270.8302792377398,0.9925825503849246,276,143
Bellerose,Queens,13,8706,291.65247559684815,270.8302792377398,1.0768828227689795,377,84
Sheepshead Bay,Brooklyn,13,40818,253.17391628739836,270.8302792377398,0.9348065400957537,1148,418
East Elmhurst,Queens,13,28274,226.5697682734945,270.8302792377398,0.8365747320099589,685,174
Mariners Harbor,Staten Island,13,17425,333.5551075268817,270.8302792377398,1.231601977687587,452,67
Auburndale,Queens,13,11651,258.81615598885793,270.8302792377398,0.9556396600753211,315,85
Greenwich Village North,Manhattan,13,61074,212.8418370723314,270.8302792377398,0.7858864144414773,506,211
Murray Hill,Manhattan,13,97908,244.25062250996015,270.8302792377398,0.901858622298109,810,344
Manhattan Beach,Brooklyn,13,12904,258.22510753544685,270.8302792377398,0.9534573027145614,345,116
East New York,Brooklyn,13,127821,286.85975315288215,270.8302792377398,1.0591864172656684,4754,2569
East Village,Manhattan,13,88864,220.06163121374132,270.8302792377398,0.8125444164999261,1010,427
Flushing Meadows-Corona Park,Queens,13,5980,310.2980188045668,270.8302792377398,1.1457286817334835,64,27
Carroll Gardens,Brooklyn,13,24615,241.9550055321067,270.8302792377398,0.8933824024887341,186,88
Sutton Place/Turtle Bay North,Manhattan,13,55118,230.21602473270642,270.8302792377398,0.8500379846029645,451,185
Washington Heights North,Manhattan,13,56145,266.9711853662954,270.8302792377398,0.9857508773306075,995,409
Midwood,Brooklyn,13,40455,272.1634847266881,270.8302792377398,1.0049226603934416,849,335
Westerleigh,Staten Island,13,10286,330.45269071555293,270.8302792377398,1.2201467710538951,228,39
Springfield Gardens South,Queens,13,19058,314.9390250357275,270.8302792377398,1.1628648979801417,1229,485
Ridgewood,Queens,13,63160,296.3686110308981,270.8302792377398,1.094296442277565,1469,612
Mount Hope,Bronx,13,49875,295.7202605836584,270.8302792377398,1.091902505938303,1281,576
Springfield Gardens North,Queens,13,22807,294.375,270.8302792377398,1.0869353339239896,1091,484
UN/Turtle Bay South,Manhattan,13,63377,253.59212149368022,270.8302792377398,0.9363506998088365,602,287
Parkchester,Bronx,13,30327,272.3915438089801,270.8302792377398,1.0057647341930693,751,315
Prospect Park,Brooklyn,13,8116,297.8049233052944,270.8302792377398,1.0995998089411405,118,54
Little Italy/NoLiTa,Manhattan,13,71046,237.62180233383492,270.8302792377398,0.8773827025642363,467,183
Hunts Point,Bronx,13,34123,332.38468140519103,270.8302792377398,1.2272803555817247,936,376
Kips Bay,Manhattan,13,51585,254.8054462458681,270.8302792377398,0.9408307186442592,967,408
Great Kills,Staten Island,13,9114,363.6607726095281,270.8302792377398,1.3427626099750096,189,14
Hudson Sq,Manhattan,13,40124,210.6544056472961,270.8302792377398,0.7778096534855314,214,54
Bedford,Brooklyn,13,87849,333.9030562965689,270.8302792377398,1.2328867260941037,1764,979
Bloomfield/Emerson Hill,Staten Island,13,19808,350.7054379111842,270.8302792377398,1.2949269885858241,547,64
Hillcrest/Pomonok,Queens,13,29826,276.6556212615552,270.8302792377398,1.0215091977167805,920,345
Morningside Heights,Manhattan,13,50645,252.06277307892734,270.8302792377398,0.9307038112147794,761,352
Country Club,Bronx,13,3462,325.20422744864544,270.8302792377398,1.200767611228489,129,33
Meatpacking/West Village West,Manhattan,13,54390,199.93551132159243,270.8302792377398,0.7382317512071291,363,98
Hamilton Heights,Manhattan,13,45331,288.9758239788488,270.8302792377398,1.0669996899614778,994,450
Hammels/Arverne,Queens,13,17794,447.25392049071235,270.8302792377398,1.651417713519782,864,265
Lenox Hill West,Manhattan,13,66987,251.0289195603864,270.8302792377398,0.9268864628686094,720,279
Williamsbridge/Olinville,Bronx,13,52162,300.27946206467664,270.8302792377398,1.108736670470608,1702,701
Jackson Heights,Queens,13,82880,257.2768562691131,270.8302792377398,0.9499560277869477,1744,538
Grymes Hill/Clifton,Staten Island,13,10558,370.46366983142804,270.8302792377398,1.3678812829721607,325,55
Flatlands,Brooklyn,13,57984,292.64771775544386,270.8302792377398,1.0805576044861378,2429,1366
Mott Haven/Port Morris,Bronx,13,66716,306.7907680148344,270.8302792377398,1.132778686631002,1749,831
East Harlem North,Manhattan,13,73867,310.82731452885866,270.8302792377398,1.147683026446274,1833,928
Woodhaven,Queens,13,37420,278.5624032376348,270.8302792377398,1.0285497028680002,1249,510
Bronx Park,Bronx,13,5219,316.08999419392296,270.8302792377398,1.1671146781798847,56,30
Crotona Park,Bronx,13,1124,298.8959854014599,270.8302792377398,1.1036283913405542,20,10
Gravesend,Brooklyn,13,17167,260.7761229314421,270.8302792377398,0.962876542701963,398,102
Bath Beach,Brooklyn,13,13583,266.3819027611044,270.8302792377398,0.9835750400983396,307,77
Hollis,Queens,13,13503,294.8102536997886,270.8302792377398,1.0885424426306438,599,237
Howard Beach,Queens,13,18306,311.8202607158639,270.8302792377398,1.1513493306342693,686,226
Queensboro Hill,Queens,13,15756,249.0199290551435,270.8302792377398,0.9194685681232462,446,130
Flatbush/Ditmas Park,Brooklyn,13,89708,289.6780410885866,270.8302792377398,1.0695925208359067,2707,1491
West Chelsea/Hudson Yards,Manhattan,13,114178,227.61254277348573,270.8302792377398,0.8404250197360069,763,326
Corona,Queens,13,33649,269.1537134033728,270.8302792377398,0.993809533265314,1005,348
Erasmus,Brooklyn,13,33928,310.58646594127293,270.8302792377398,1.1467937293253478,1384,851
Windsor Terrace,Brooklyn,13,17146,256.37821723730815,270.8302792377398,0.94663793856024,184,83
Bay Ridge,Brooklyn,13,64152,246.05448232323232,270.8302792377398,0.9085191028704778,1169,312
West Village,Manhattan,13,70166,206.5588901634643,270.8302792377398,0.7626875796341188,383,138
Long Island City/Queens Plaza,Queens,13,27285,231.66990471246893,270.8302792377398,0.855406217371673,429,194
Penn Station/Madison Sq West,Manhattan,13,65786,230.32182014166924,270.8302792377398,0.8504286182103313,545,250
Van Nest/Morris Park,Bronx,13,51302,265.8689255020001,270.8302792377398,0.9816809488595456,1070,426
Far Rockaway,Queens,13,20247,437.2544638302214,270.8302792377398,1.6144962264222733,873,256
West Farms/Bronx River,Bronx,13,25317,284.62802552884034,270.8302792377398,1.0509460992690136,706,323
Inwood,Manhattan,13,32169,241.07385860629822,270.8302792377398,0.8901289002278773,672,244
Boerum Hill,Brooklyn,13,61233,289.97247236496423,270.8302792377398,1.0706796639618759,647,304
Baisley Park,Queens,13,38152,260.2560793912627,270.8302792377398,0.9609563602849781,1720,725
Coney Island,Brooklyn,13,33633,295.2115630129491,270.8302792377398,1.0900242168040857,930,310
Rosedale,Queens,13,16257,368.35637834474176,270.8302792377398,1.3601004266638583,1010,381
LaGuardia Airport,Queens,13,220989,270.5499262888118,270.8302792377398,0.9989648389769524,735,418
Stuy Town/Peter Cooper Village,Manhattan,13,21382,294.41241674595625,270.8302792377398,1.0870734896208398,392,169
Sunset Park West,Brooklyn,13,53376,283.82296315908917,270.8302792377398,1.0479735277677138,920,297
Astoria,Queens,13,95283,225.6495977755609,270.8302792377398,0.8331771410887242,1648,646
Spuyten Duyvil/Kingsbridge,Bronx,13,42454,267.00765032531757,270.8302792377398,0.9858855186976098,721,192
Queens Village,Queens,13,30254,280.9236029633603,270.8302792377398,1.037268077092519,1413,471
Forest Hills,Queens,13,86650,271.96537759258393,270.8302792377398,1.0041911796496275,1668,602
Prospect-Lefferts Gardens,Brooklyn,13,83324,325.13706196503034,270.8302792377398,1.2005196128000852,2742,1670
University Heights/Morris Heights,Bronx,13,45583,310.3924349881797,270.8302792377398,1.1460772992657573,1154,432
Whitestone,Queens,13,17442,320.22412483197945,270.8302792377398,1.1823793326701142,577,113
South Ozone Park,Queens,13,77290,225.3657477069622,270.8302792377398,0.8321290674782048,2563,920
Kew Gardens,Queens,13,27009,263.8269259648596,270.8302792377398,0.9741411732373819,587,238
Elmhurst,Queens,13,79328,255.32673406346532,270.8302792377398,0.9427554953681336,1659,599
Upper East Side South,Manhattan,13,103977,224.84497740365032,270.8302792377398,0.8302062015978549,722,238
Greenwich Village South,Manhattan,13,46912,200.44305862653758,270.8302792377398,0.7401057931583234,329,126
Alphabet City,Manhattan,13,25236,277.0541707002259,270.8302792377398,1.0229807814694998,784,332
Woodside,Queens,13,47164,232.38990678238508,270.8302792377398,0.8580647165318948,912,327
Bensonhurst West,Brooklyn,13,42959,273.7971494078994,270.8302792377398,1.0109547210840308,1029,291
East Tremont,Bronx,13,47031,291.387953423946,270.8302792377398,1.0759061145011792,1279,519
East New York/Pennsylvania Avenue,Brooklyn,13,31442,313.098356429262,270.8302792377398,1.1560685064848992,1263,742
Woodlawn/Wakefield,Bronx,13,29548,311.6222938895941,270.8302792377398,1.1506183679559934,1157,405
Kensington,Brooklyn,13,23364,270.35714594781706,270.8302792377398,0.9982530266141054,455,165
Starrett City,Brooklyn,13,15814,320.3497104184291,270.8302792377398,1.1828430385260589,663,348
Pelham Bay Park,Bronx,13,2973,290.87280108254396,270.8302792377398,1.0740039920987212,95,22
City Island,Bronx,13,1620,427.13290734824284,270.8302792377398,1.5771239041307408,36,7
Saint George/New Brighton,Staten Island,13,25728,321.2205992361904,270.8302792377398,1.186058664268544,603,101
East Flatbush/Farragut,Brooklyn,13,47076,312.1538064516129,270.8302792377398,1.1525808980080792,2102,1282
East Concourse/Concourse Village,Bronx,13,54167,308.70113821748015,270.8302792377398,1.1398324407681781,1324,578
Flatiron,Manhattan,13,62725,204.88964203866885,270.8302792377398,0.7565241324394639,472,192
Downtown Brooklyn/MetroTech,Brooklyn,13,54596,321.58249962946496,270.8302792377398,1.1873949269430615,725,329
Bushwick South,Brooklyn,13,94384,301.6971204469754,270.8302792377398,1.1139711604482014,2425,1413
Claremont/Bathgate,Bronx,13,35383,294.41361166714324,270.8302792377398,1.0870779016872836,903,361
Bronxdale,Bronx,13,27117,267.21822272215974,270.8302792377398,0.9866630255459387,684,309
West Brighton,Staten Island,13,10234,349.4069328565753,270.8302792377398,1.2901324543178552,220,33
Brownsville,Brooklyn,13,68892,349.01342765736945,270.8302792377398,1.2886794956593428,2798,1656
Arden Heights,Staten Island,13,3536,401.0970930232558,270.8302792377398,1.4809905825602514,154,11
South Williamsburg,Brooklyn,13,24651,328.91343674538535,270.8302792377398,1.2144633076889424,258,102
Kingsbridge Heights,Bronx,13,26813,267.28316036663887,270.8302792377398,0.986902798014002,630,256
Battery Park,Manhattan,13,2607,241.46789696270665,270.8302792377398,0.8915838274890294,17,8
Chinatown,Manhattan,13,26784,281.3516491839285,270.8302792377398,1.0388485732681052,473,188
Pelham Bay,Bronx,13,14525,265.4735814861285,270.8302792377398,0.98022120064755,384,123
DUMBO/Vinegar Hill,Brooklyn,13,44537,257.25590853630985,270.8302792377398,0.9498786814397733,378,154
Old Astoria,Queens,13,41098,249.4054539637223,270.8302792377398,0.9208920607610113,750,271
Morrisania/Melrose,Bronx,13,39152,296.458775213142,270.8302792377398,1.0946293599354342,1063,491
Midtown East,Manhattan,14,84354,224.86466970743624,279.8430981170961,0.8035383799722837,546,242
Hudson Sq,Manhattan,14,40797,225.60819932499504,279.8430981170961,0.8061953317519117,253,95
DUMBO/Vinegar Hill,Brooklyn,14,48069,267.10249597255057,279.8430981170961,0.9544723374266876,520,249
Rockaway Park,Queens,14,8739,401.06535025858017,279.8430981170961,1.433179352848504,240,52
Upper East Side North,Manhattan,14,87827,244.23766099356027,279.8430981170961,0.8727664274620157,945,437
Washington Heights South,Manhattan,14,87581,290.0610529965902,279.8430981170961,1.03651315665187,1795,802
East Chelsea,Manhattan,14,112652,229.18086418086418,279.8430981170961,0.8189620030756197,1173,539
City Island,Bronx,14,2022,443.0613590263692,279.8430981170961,1.583249192163306,59,15
Highbridge,Bronx,14,37236,306.0920974128112,279.8430981170961,1.0937989876195968,1046,477
Union Sq,Manhattan,14,114825,223.51555965559655,279.8430981170961,0.7987174283000179,858,396
Bayside,Queens,14,24489,280.66195085629187,279.8430981170961,1.002926113756978,788,219
Prospect Heights,Brooklyn,14,39183,282.41385343762863,279.8430981170961,1.0091864167379139,605,388
East New York,Brooklyn,14,146100,285.27435881512764,279.8430981170961,1.0194082353096268,5917,3364
Belmont,Bronx,14,38632,308.08449964551113,279.8430981170961,1.1009186995085292,843,395
Mariners Harbor,Staten Island,14,21143,354.57795583536034,279.8430981170961,1.2670598568308895,631,116
Forest Hills,Queens,14,91298,275.5449277610353,279.8430981170961,0.9846407848362861,2073,814
East Williamsburg,Brooklyn,14,66131,263.85062057412625,279.8430981170961,0.9428519850924534,1215,641
East Harlem North,Manhattan,14,81424,320.3839333391285,279.8430981170961,1.1448698770661434,2127,1130
Randalls Island,Manhattan,14,2989,412.5027529249828,279.8430981170961,1.474050122016507,30,12
West Concourse,Bronx,14,57880,322.48131011810545,279.8430981170961,1.1523647082522224,1389,625
Jamaica Estates,Queens,14,22101,295.3878215415654,279.8430981170961,1.0555479964632355,633,253
Richmond Hill,Queens,14,56835,270.5752384347981,279.8430981170961,0.9668819429721295,1795,769
Manhattanville,Manhattan,14,25615,292.8549073709105,279.8430981170961,1.0464968024631067,638,346
Auburndale,Queens,14,13752,284.7847467608952,279.8430981170961,1.0176586404204664,447,139
Battery Park,Manhattan,14,2820,260.06332266097473,279.8430981170961,0.9293183373497216,18,13
Long Island City/Hunters Point,Queens,14,94719,234.69518875852313,279.8430981170961,0.8386670614271091,1629,647
College Point,Queens,14,20232,309.5438202247191,279.8430981170961,1.1061334808950523,829,255
East Flatbush/Remsen Village,Brooklyn,14,63017,353.42610032673457,279.8430981170961,1.2629437806568622,3034,1999
Claremont/Bathgate,Bronx,14,41455,317.27358719968873,279.8430981170961,1.1337552697723867,1222,546
West Brighton,Staten Island,14,11640,375.7426752703174,279.8430981170961,1.3426905212187639,267,50
Melrose South,Bronx,14,57401,310.0782840693674,279.8430981170961,1.1080433505621776,1605,843
Queensboro Hill,Queens,14,18643,260.01441941451736,279.8430981170961,0.9291435849731705,566,184
Allerton/Pelham Gardens,Bronx,14,30734,274.5993895835384,279.8430981170961,0.9812619694077162,968,407
Baisley Park,Queens,14,41623,259.3371331554693,279.8430981170961,0.926723349263928,2086,989
Homecrest,Brooklyn,14,40278,269.5061384348874,279.8430981170961,0.9630615878977894,736,264
Bushwick North,Brooklyn,14,65895,292.6085937858904,279.8430981170961,1.045616617864389,1636,948
Inwood,Manhattan,14,36285,261.44157221818995,279.8430981170961,0.9342434170336182,801,328
Upper West Side North,Manhattan,14,55852,252.82416041378306,279.8430981170961,0.9034496906119609,1045,458
Midtown North,Manhattan,14,92202,235.46257575590923,279.8430981170961,0.8414092659072245,413,149
Murray Hill,Manhattan,14,99801,243.56689997558394,279.8430981170961,0.870369509251456,1071,536
Spuyten Duyvil/Kingsbridge,Bronx,14,45177,278.0399695640498,279.8430981170961,0.9935566445441087,870,328
Van Nest/Morris Park,Bronx,14,58353,274.7898212020643,279.8430981170961,0.9819424636554112,1465,633
Morrisania/Melrose,Bronx,14,45624,302.8462100577958,279.8430981170961,1.082200033145268,1480,751
Financial District South,Manhattan,14,28951,248.03317618299283,279.8430981170961,0.8863294390744886,243,115
Ocean Parkway South,Brooklyn,14,12155,277.6234747239977,279.8430981170961,0.9920683289742253,284,106
Central Harlem,Manhattan,14,80137,299.9192372123487,279.8430981170961,1.0717406976635604,1691,863
World Trade Center,Manhattan,14,47185,271.1868238021638,279.8430981170961,0.9690674010787639,295,105
East Concourse/Concourse Village,Bronx,14,58824,316.3132428718653,279.8430981170961,1.1303235455873522,1626,773
Bellerose,Queens,14,11505,312.6820630574936,279.8430981170961,1.1173477750973746,612,150
Midtown Center,Manhattan,14,133095,248.15495168713994,279.8430981170961,0.8867645954352009,664,257
Lower East Side,Manhattan,14,73889,241.45159349749116,279.8430981170961,0.8628106075228607,957,503
Woodlawn/Wakefield,Bronx,14,32795,337.48395433986644,279.8430981170961,1.2059756220918174,1482,641
Penn Station/Madison Sq West,Manhattan,14,61705,232.47881036010898,279.8430981170961,0.8307469861659114,637,309
Hillcrest/Pomonok,Queens,14,31762,288.89717722687203,279.8430981170961,1.0323541269043106,1097,413
Yorkville East,Manhattan,14,35056,266.75234091897374,279.8430981170961,0.9532210825058666,619,258
Prospect-Lefferts Gardens,Brooklyn,14,90192,335.0129245060752,279.8430981170961,1.197145567499021,3240,2082
Far Rockaway,Queens,14,23995,471.1523510439654,279.8430981170961,1.6836304136642273,1136,366
Mott Haven/Port Morris,Bronx,14,73337,314.70976354978114,279.8430981170961,1.1245936228811175,2243,1169
Ocean Hill,Brooklyn,14,47028,327.5165026056746,279.8430981170961,1.1703576211432247,2167,1364
Steinway,Queens,14,56182,227.13869672748126,279.8430981170961,0.8116644586047234,926,325
Pelham Bay,Bronx,14,16585,266.2020306420234,279.8430981170961,0.9512545867064236,477,184
Marble Hill,Manhattan,14,11435,286.7225885870043,279.8430981170961,1.0245833844614942,219,95
Astoria,Queens,14,101613,226.15072216490753,279.8430981170961,0.8081339996824871,2018,873
Gravesend,Brooklyn,14,19945,266.2735868239122,279.8430981170961,0.9515102877845287,474,154
Long Island City/Queens Plaza,Queens,14,28681,227.41232009618446,279.8430981170961,0.8126422328308675,571,263
Marine Park/Mill Basin,Brooklyn,14,40994,295.5218364786064,279.8430981170961,1.0560268895927882,1344,608
Crown Heights South,Brooklyn,14,43462,335.65101513988697,279.8430981170961,1.1994257403462525,1429,891
Pelham Parkway,Bronx,14,40731,276.43058210251957,279.8430981170961,0.9878056095092665,988,423
Inwood Hill Park,Manhattan,14,3449,251.64836448598132,279.8430981170961,0.8992480650020638,84,33
Upper East Side South,Manhattan,14,108055,226.57839490635865,279.8430981170961,0.809662258711667,889,380
TriBeCa/Civic Center,Manhattan,14,117018,228.32005616380536,279.8430981170961,0.8158859650284043,693,262
Manhattan Valley,Manhattan,14,34124,265.6970354732241,279.8430981170961,0.9494500213189008,756,402
Williamsburg (North Side),Brooklyn,14,94370,232.03324344776868,279.8430981170961,0.8291547835518813,1042,502
Ridgewood,Queens,14,67130,298.66993513123913,279.8430981170961,1.067276402887254,1814,895
Flatiron,Manhattan,14,62460,209.5955858487504,279.8430981170961,0.7489753624763271,563,256
Hollis,Queens,14,16017,311.33717542748576,279.8430981170961,1.1125419119581483,666,307
Financial District North,Manhattan,14,61814,251.13103945944172,279.8430981170961,0.8973994397187519,526,236
Saint George/New Brighton,Staten Island,14,29250,342.2474639431371,279.8430981170961,1.222997694943789,815,187
Marine Park/Floyd Bennett Field,Brooklyn,14,1562,356.97731691510046,279.8430981170961,1.275633808076727,41,19
Cambria Heights,Queens,14,15740,307.7875064333505,279.8430981170961,1.0998574147594717,889,399
Meatpacking/West Village West,Manhattan,14,57169,212.2347585672525,279.8430981170961,0.7584062640646084,399,137
JFK Airport,Queens,14,143417,297.3718137682931,279.8430981170961,1.062637655776175,1057,431
Cobble Hill,Brooklyn,14,19549,242.44172000825935,279.8430981170961,0.8663487562834704,187,80
Yorkville West,Manhattan,14,51456,262.2283998030527,279.8430981170961,0.9370550911115457,966,452
Bushwick South,Brooklyn,14,100526,308.8221356572025,279.8430981170961,1.1035545908942896,2826,1708
Great Kills,Staten Island,14,10111,384.41884553499597,279.8430981170961,1.3736942169434594,274,26
Murray Hill-Queens,Queens,14,26395,257.8702594810379,279.8430981170961,0.9214815774128402,837,244
Bay Terrace/Fort Totten,Queens,14,10259,341.59628311585607,279.8430981170961,1.2206707451935095,366,94
Port Richmond,Staten Island,14,11111,360.0836892321672,279.8430981170961,1.2867342151904553,339,69
Crotona Park,Bronx,14,1648,309.1221001221001,279.8430981170961,1.1046264932099654,41,19
Brighton Beach,Brooklyn,14,28929,275.6971344393392,279.8430981170961,0.985184684897885,748,246
Stuy Town/Peter Cooper Village,Manhattan,14,19547,304.12918983526475,279.8430981170961,1.086784672845519,415,184
Jackson Heights,Queens,14,89633,263.23217546153325,279.8430981170961,0.9406420141596193,1992,708
Kew Gardens Hills,Queens,14,26541,280.91932286106453,279.8430981170961,1.0038458148555736,817,316
Times Sq/Theatre District,Manhattan,14,101352,259.6932706560806,279.8430981170961,0.9279959820463962,499,198
Morningside Heights,Manhattan,14,52359,250.13369998838064,279.8430981170961,0.89383551594228,877,451
Columbia Street,Brooklyn,14,6036,249.93657718120807,279.8430981170961,0.8931311111936944,74,29
Madison,Brooklyn,14,33196,260.10974237308756,279.8430981170961,0.9294842149876735,734,283
Brooklyn Navy Yard,Brooklyn,14,10065,299.482438635003,279.8430981170961,1.0701798280895574,200,96
Sunnyside,Queens,14,76803,257.1378280293998,279.8430981170961,0.9188642841632794,1756,778
Charleston/Tottenville,Staten Island,14,6657,410.6758208039276,279.8430981170961,1.4675217061529477,159,13
Westerleigh,Staten Island,14,11746,349.57244818987016,279.8430981170961,1.2491730206745957,276,42
Greenwich Village North,Manhattan,14,62485,223.31376161616163,279.8430981170961,0.7979963169315664,547,247
Carroll Gardens,Brooklyn,14,26674,238.91835344860203,279.8430981170961,0.8537582490193497,246,109
South Ozone Park,Queens,14,88188,219.89417058796656,279.8430981170961,0.7857766443678922,3215,1256
Crown Heights North,Brooklyn,14,141789,327.3391826187239,279.8430981170961,1.1697239804061696,4566,2880
Crotona Park East,Bronx,14,28285,324.72553495007134,279.8430981170961,1.1603842908221196,858,411
Saint Albans,Queens,14,54645,336.35583840619813,279.8430981170961,1.2019443776507046,3211,1632
Bronxdale,Bronx,14,30446,283.54383638834565,279.8430981170961,1.013224332835613,849,405
Sheepshead Bay,Brooklyn,14,44309,259.631924347727,279.8430981170961,0.927776765246817,1266,482
Hamilton Heights,Manhattan,14,47660,301.99730624019,279.8430981170961,1.0791665339333252,1170,585
Whitestone,Queens,14,18346,324.30111913556425,279.8430981170961,1.1588676701966234,751,189
Battery Park City,Manhattan,14,46796,226.57595498322692,279.8430981170961,0.8096535398147274,318,98
Longwood,Bronx,14,24507,292.6339495244761,279.8430981170961,1.0457072248465027,777,423
Riverdale/North Riverdale/Fieldston,Bronx,14,26516,300.5757622126162,279.8430981170961,1.074086744447222,602,206
Sutton Place/Turtle Bay North,Manhattan,14,53135,224.09203833184097,279.8430981170961,0.8007774350685364,472,225
Howard Beach,Queens,14,21086,302.6563979909113,279.8430981170961,1.0815217528226095,769,268
Alphabet City,Manhattan,14,26200,291.9909024040881,279.8430981170961,1.043409340336523,1041,520
Greenpoint,Brooklyn,14,99257,232.64226463310754,279.8430981170961,0.8313310787309892,1405,665
Clinton Hill,Brooklyn,14,66486,296.4139809419762,279.8430981170961,1.059214906268463,1175,672
Coney Island,Brooklyn,14,37897,298.9087841456883,279.8430981170961,1.0681299133581434,1203,439
Lincoln Square West,Manhattan,14,56616,241.27013759495486,279.8430981170961,0.8621621873768673,1083,465
Bronx Park,Bronx,14,6227,346.5434852893631,279.8430981170961,1.238349230769155,99,50
East New York/Pennsylvania Avenue,Brooklyn,14,37873,313.7889751594226,279.8430981170961,1.121303249108979,1598,974
Central Park,Manhattan,14,25294,256.57194015597645,279.8430981170961,0.9168421228978026,183,102
Boerum Hill,Brooklyn,14,63151,289.1827864133564,279.8430981170961,1.0333747316231907,789,399
Lincoln Square East,Manhattan,14,69913,239.85299879554788,279.8430981170961,0.8570981396696268,857,378
Downtown Brooklyn/MetroTech,Brooklyn,14,55063,322.82110750865814,279.8430981170961,1.1535789507789775,907,450
Stapleton,Staten Island,14,20655,353.3107195301028,279.8430981170961,1.2625314753421766,597,93
Kew Gardens,Queens,14,29375,263.6222734466387,279.8430981170961,0.9420360023899177,790,332
Fresh Meadows,Queens,14,14376,311.6252808988764,279.8430981170961,1.11357143697888,468,153
Dyker Heights,Brooklyn,14,25260,269.23527294541094,279.8430981170961,0.9620936687627492,540,146
Rossville/Woodrow,Staten Island,14,3685,372.7,279.8430981170961,1.3318177311060548,130,10
Park Slope,Brooklyn,14,111926,239.29284690741625,279.8430981170961,0.8550964755517673,1400,718
Soundview/Castle Hill,Bronx,14,64756,306.7895539577303,279.8430981170961,1.0962913004535093,2213,998
Roosevelt Island,Manhattan,14,7775,357.7480574213091,279.8430981170961,1.2783879960892046,195,65
West Chelsea/Hudson Yards,Manhattan,14,119768,239.34869162810264,279.8430981170961,0.8552960328074657,840,402
Williamsbridge/Olinville,Bronx,14,62265,332.03795644077405,279.8430981170961,1.1865147244111693,2406,1124
Fort Greene,Brooklyn,14,72006,299.78850390827824,279.8430981170961,1.0712735312229724,1315,707
Windsor Terrace,Brooklyn,14,18932,251.05602225908288,279.8430981170961,0.8971313709299785,254,136
Hunts Point,Bronx,14,37226,341.11622171025886,279.8430981170961,1.2189552788881861,1236,593
Upper West Side South,Manhattan,14,68927,235.36241896838112,279.8430981170961,0.8410513625385083,870,387
West Farms/Bronx River,Bronx,14,29512,292.65357888611237,279.8430981170961,1.0457773690157472,863,420
Bensonhurst East,Brooklyn,14,35118,269.36352364475204,279.8430981170961,0.9625519637866536,757,268
Flushing Meadows-Corona Park,Queens,14,7394,305.09165080228445,279.8430981170961,1.0902239606946587,99,41
Red Hook,Brooklyn,14,23531,272.20844452096065,279.8430981170961,0.9727180922184444,429,173
Westchester Village/Unionport,Bronx,14,30523,269.19519052659433,279.8430981170961,0.9619504370050739,954,453
Brownsville,Brooklyn,14,78222,354.55086707444815,279.8430981170961,1.266963057013083,3421,2189
Gramercy,Manhattan,14,70499,234.67928897070456,279.8430981170961,0.8386102446325354,723,361
North Corona,Queens,14,28063,298.8327283182978,279.8430981170961,1.0678581331073451,831,332
UN/Turtle Bay South,Manhattan,14,56023,243.2582847415885,279.8430981170961,0.8692666940093723,553,264
Grymes Hill/Clifton,Staten Island,14,11955,379.66982649174776,279.8430981170961,1.3567239251077785,319,71
Old Astoria,Queens,14,42446,251.95762005666532,279.8430981170961,0.9003531684431163,810,348
Little Italy/NoLiTa,Manhattan,14,77526,256.2834098087897,279.8430981170961,0.915811079612733,563,227
Jamaica,Queens,14,98500,309.1477234332286,279.8430981170961,1.1047180563440961,3929,1963
Co-Op City,Bronx,14,50655,296.24667901455854,279.8430981170961,1.0586170643758332,1657,693
Oakland Gardens,Queens,14,12299,307.99933971607794,279.8430981170961,1.1006143863773274,403,106
Washington Heights North,Manhattan,14,59415,291.07132648199826,279.8430981170961,1.0401232992360736,1316,534
East Tremont,Bronx,14,53310,314.13523104658884,279.8430981170961,1.1225405706277014,1620,720
Woodhaven,Queens,14,40052,274.2375179575069,279.8430981170961,0.9799688461237532,1309,558
Chinatown,Manhattan,14,29146,292.89409842902825,279.8430981170961,1.0466368490048348,604,264
Soundview/Bruckner,Bronx,14,31609,291.1134524989608,279.8430981170961,1.040273833650701,1063,504
South Williamsburg,Brooklyn,14,25224,349.4926963601533,279.8430981170961,1.2488880330145338,318,114
Elmhurst/Maspeth,Queens,14,28580,269.3027979933583,279.8430981170961,0.9623349648618907,728,314
Williamsburg (South Side),Brooklyn,14,76759,257.33996193476406,279.8430981170961,0.9195865957254521,1012,504
East Elmhurst,Queens,14,30274,237.8388665046119,279.8430981170961,0.8499007769171132,717,205
Woodside,Queens,14,51488,232.4318208511138,279.8430981170961,0.8305790723981202,1072,453
Kensington,Brooklyn,14,24383,270.91477555077023,279.8430981170961,0.9680952554256317,591,232
Central Harlem North,Manhattan,14,97671,319.1997971497469,279.8430981170961,1.1406384481070269,2518,1306
Sunset Park West,Brooklyn,14,61442,287.42987569582425,279.8430981170961,1.0271108261371291,1202,450
Starrett City,Brooklyn,14,17168,320.60755745084106,279.8430981170961,1.1456689823977282,750,408
Hammels/Arverne,Queens,14,19099,449.75940409683426,279.8430981170961,1.6071841940108857,999,284
Midwood,Brooklyn,14,43459,277.35927599701824,279.8430981170961,0.9911242330549153,967,424
Glendale,Queens,14,31215,296.277357636869,279.8430981170961,1.0587266923156213,830,341
Brooklyn Heights,Brooklyn,14,59244,269.4310097630914,279.8430981170961,0.9627931207735276,535,223
Springfield Gardens North,Queens,14,26901,309.2724613769312,279.8430981170961,1.105163798778131,1583,806
Eltingville/Annadale/Prince's Bay,Staten Island,14,7094,392.1857962697274,279.8430981170961,1.4014488794203646,190,18
Bloomingdale,Manhattan,14,14980,264.41715795893475,279.8430981170961,0.944876467342044,328,156
Manhattan Beach,Brooklyn,14,14428,263.3609517144857,279.8430981170961,0.9411021872130871,379,139
Midtown South,Manhattan,14,96411,246.06799252620578,279.8430981170961,0.8793069908883098,806,329
Borough Park,Brooklyn,14,75337,328.42435463818293,279.8430981170961,1.1736017677332844,1316,390
Lenox Hill East,Manhattan,14,67983,270.24579844497606,279.8430981170961,0.9657047119021525,1338,639
Middle Village,Queens,14,27801,284.83762699564585,279.8430981170961,1.0178476042902438,686,282
Stuyvesant Heights,Brooklyn,14,83150,327.5090158961291,279.8430981170961,1.1703308679032989,2399,1541
Van Cortlandt Park,Bronx,14,5984,330.3694224616939,279.8430981170961,1.1805523333773837,188,77
Ozone Park,Queens,14,22463,271.0489989698571,279.8430981170961,0.9685748935513885,752,344
East Flatbush/Farragut,Brooklyn,14,54628,321.65483263829947,279.8430981170961,1.1494113480108339,2583,1636
Glen Oaks,Queens,14,9944,312.7181463214139,279.8430981170961,1.1174767161509973,352,106
LaGuardia Airport,Queens,14,268989,324.6551973382713,279.8430981170961,1.160132944220137,921,591
Erasmus,Brooklyn,14,36763,316.93070122453463,279.8430981170961,1.132529990401692,1686,1087
Bay Ridge,Brooklyn,14,72639,255.53897280124846,279.8430981170961,0.913150885337619,1437,477
Rosedale,Queens,14,17581,384.17903829542183,279.8430981170961,1.3728372823212098,1345,586
Highbridge Park,Manhattan,14,1313,304.99462778204145,279.8430981170961,1.089877255627084,24,9
Arrochar/Fort Wadsworth,Staten Island,14,8861,335.80618106617646,279.8430981170961,1.1999802150763192,225,45
Heartland Village/Todt Hill,Staten Island,14,17243,366.34819695276195,279.8430981170961,1.3091200012353676,458,58
Bensonhurst West,Brooklyn,14,46733,273.2637711864407,279.8430981170961,0.9764892292326525,1180,353
Seaport,Manhattan,14,21275,282.89197031681095,279.8430981170961,1.0108949344122795,190,77
Rego Park,Queens,14,39256,294.05890852793186,279.8430981170961,1.050799217513263,987,371
Kips Bay,Manhattan,14,52682,257.3113837133048,279.8430981170961,0.9194844734231636,1115,562
SoHo,Manhattan,14,69321,221.81177408830567,279.8430981170961,0.7926290681483662,402,148
Flatlands,Brooklyn,14,65017,298.39679707018826,279.8430981170961,1.0663003628745158,2712,1624
Lenox Hill West,Manhattan,14,66293,247.76425147323747,279.8430981170961,0.8853684551818544,876,407
Bedford Park,Bronx,14,56475,301.6618780972145,279.8430981170961,1.0779679046112787,1347,645
Bath Beach,Brooklyn,14,15355,267.14324359989445,279.8430981170961,0.9546179462611311,329,88
Greenwich Village South,Manhattan,14,48159,213.14742009609358,279.8430981170961,0.7616675970579245,384,159
Forest Park/Highland Park,Queens,14,2123,308.82110743019405,279.8430981170961,1.1035509165960298,56,26
East Flushing,Queens,14,12629,263.5596836049856,279.8430981170961,0.941812341909905,458,147
Sunset Park East,Brooklyn,14,31279,300.48050600064875,279.8430981170961,1.0737463529470976,674,232
Clinton West,Manhattan,14,54629,255.09237267725143,279.8430981170961,0.9115549906130325,1013,453
New Dorp/Midland Beach,Staten Island,14,10426,380.5735251239187,279.8430981170961,1.359953229808346,229,48
Laurelton,Queens,14,23312,324.28484324324324,279.8430981170961,1.1588095094185642,1436,697
Clinton East,Manhattan,14,79662,244.2300421919284,279.8430981170961,0.8727392022001345,1103,519
Eastchester,Bronx,14,34803,324.18619313416434,279.8430981170961,1.1584569900613149,1299,539
West Village,Manhattan,14,72268,216.2766375181018,279.8430981170961,0.7728496395776899,488,227
Bedford,Brooklyn,14,93137,336.21131875040646,279.8430981170961,1.2014279466335953,2111,1301
Oakwood,Staten Island,14,5571,399.0821566110398,279.8430981170961,1.426092547203183,99,9
Saint Michaels Cemetery/Woodside,Queens,14,2827,273.16525123849965,279.8430981170961,0.9761371749972473,18,8
Corona,Queens,14,2186,288.42375231053603,279.8430981170961,1.030662375635398,58,20
Country Club,Bronx,14,3942,314.45244215938305,279.8430981170961,1.123674102649497,170,58
East Village,Manhattan,14,88911,228.61203371348086,279.8430981170961,0.8169293266536867,1212,575
Bloomfield/Emerson Hill,Staten Island,14,24990,381.34728694735986,279.8430981170961,1.362718214289462,876,169
Schuylerville/Edgewater Park,Bronx,14,40914,279.2838723991717,279.8430981170961,0.9980016454874638,1320,506
Van Cortlandt Village,Bronx,14,43894,289.0854874446086,279.8430981170961,1.0330270404726765,955,423
Canarsie,Brooklyn,14,100137,326.18248182522046,279.8430981170961,1.1655905899409904,5289,3091
Kingsbridge Heights,Bronx,14,30577,294.22712088638997,279.8430981170961,1.0514003127683897,641,292
Flatbush/Ditmas Park,Brooklyn,14,99147,291.73610501495403,279.8430981170961,1.0424988394492456,3319,1966
Fordham South,Bronx,14,25038,310.4344288706299,279.8430981170961,1.1093160094330194,606,271
University Heights/Morris Heights,Bronx,14,49805,335.1149420622197,279.8430981170961,1.197510120195982,1451,597
Maspeth,Queens,14,33496,280.6121241250864,279.8430981170961,1.0027480613714064,859,391
Parkchester,Bronx,14,33892,277.82330770841435,279.8430981170961,0.9927824183541716,1089,511
Prospect Park,Brooklyn,14,9250,296.96962464742893,279.8430981170961,1.0612004607066154,154,92
Queensbridge/Ravenswood,Queens,14,21366,273.2193780811528,279.8430981170961,0.9763305935343394,510,203
Gowanus,Brooklyn,14,24427,258.97828773895844,279.8430981170961,0.9254410399308577,391,182
Elmhurst,Queens,14,87512,269.4683277221787,279.8430981170961,0.9629264739251271,2029,822
East Harlem South,Manhattan,14,76045,296.65870275190065,279.8430981170961,1.0600894027687198,1815,869
Mount Hope,Bronx,14,53609,308.887814167468,279.8430981170961,1.103789288518449,1308,551
Corona,Queens,14,37342,284.50290240329844,279.8430981170961,1.0166514890578167,1306,565
Pelham Bay Park,Bronx,14,3424,313.25036689169355,279.8430981170961,1.1193785696319682,100,28
Garment District,Manhattan,14,56780,266.08295558382457,279.8430981170961,0.950829080202958,529,250
Two Bridges/Seward Park,Manhattan,14,44849,314.3415831504649,279.8430981170961,1.123277955631171,1279,577
South Jamaica,Queens,14,42015,299.44338125691206,279.8430981170961,1.0700402592441802,1925,965
Briarwood/Jamaica Hills,Queens,14,34483,293.4206165646866,279.8430981170961,1.048518325229194,1055,451
South Beach/Dongan Hills,Staten Island,14,13635,319.1041791044776,279.8430981170961,1.1402967636205676,297,47
Queens Village,Queens,14,36470,298.4837647058824,279.8430981170961,1.0666111357192964,1768,700
Springfield Gardens South,Queens,14,23535,328.9924708514391,279.8430981170961,1.1756318918173827,1669,743
Flushing,Queens,14,66487,322.38003879817313,279.8430981170961,1.15200282217887,1599,462
Norwood,Bronx,14,51403,274.48840317635035,279.8430981170961,0.980865367140464,1275,582
Arden Heights,Staten Island,14,3854,389.058605144524,279.8430981170961,1.3902740777324025,70,9
Cypress Hills,Brooklyn,14,38117,268.83317850033177,279.8430981170961,0.960656812010574,1553,837
Douglaston,Queens,14,8337,359.3690578027618,279.8430981170961,1.2841805290920174,377,63
East Tremont,Bronx,15,54162,300.47171531149434,278.64606524035463,1.0783275014212503,1917,872
East Chelsea,Manhattan,15,111394,237.23816845284668,278.64606524035463,0.8513960828702523,1260,580
Kensington,Brooklyn,15,22776,262.9452577411055,278.64606524035463,0.9436532237205433,577,291
East Flatbush/Farragut,Brooklyn,15,53705,296.3183359880071,278.64606524035463,1.063421928217105,2716,1718
North Corona,Queens,15,26838,296.4318607263197,278.64606524035463,1.0638293437613175,771,282
Midtown South,Manhattan,15,96227,247.11220676112248,278.64606524035463,0.8868318544098885,1010,462
Glendale,Queens,15,31739,276.7186569528033,278.64606524035463,0.9930829517155078,839,370
Ridgewood,Queens,15,66931,279.50677229747,278.64606524035463,1.0030888900454162,1853,873
South Ozone Park,Queens,15,80338,201.78081609166645,278.64606524035463,0.7241473728244261,3331,1342
Sunset Park East,Brooklyn,15,31038,290.96877642620177,278.64606524035463,1.0442235248332605,875,296
Far Rockaway,Queens,15,24810,447.1730071355759,278.64606524035463,1.6048064656856118,1324,395
Inwood Hill Park,Manhattan,15,4027,269.4254572788775,278.64606524035463,0.9669092475663577,111,65
City Island,Bronx,15,2252,425.22367826479893,278.64606524035463,1.5260351080070316,74,22
Cambria Heights,Queens,15,14958,276.2798784604997,278.64606524035463,0.9915082713340526,896,352
Cobble Hill,Brooklyn,15,20913,249.45393182585218,278.64606524035463,0.8952357953114397,232,117
Lower East Side,Manhattan,15,75934,251.95483193277312,278.64606524035463,0.9042109807487926,1201,655
Upper East Side North,Manhattan,15,100637,255.5899235845083,278.64606524035463,0.9172565324546803,1129,582
College Point,Queens,15,20884,307.41352148069393,278.64606524035463,1.1032401308646689,1014,393
Soundview/Castle Hill,Bronx,15,65093,282.2903778477496,278.64606524035463,1.0130786437061348,2448,1129
Battery Park City,Manhattan,15,48133,238.95703470031546,278.64606524035463,0.8575647192225586,271,95
Chinatown,Manhattan,15,29865,305.6915195780077,278.64606524035463,1.0970602413291723,594,263
Rossville/Woodrow,Staten Island,15,3781,370.99246906939214,278.64606524035463,1.3314111173591534,123,12
Van Cortlandt Village,Bronx,15,43415,289.3819086176981,278.64606524035463,1.0385286021106488,1021,491
Central Harlem North,Manhattan,15,100286,316.65936972085916,278.64606524035463,1.1364214651576543,2910,1544
Clinton Hill,Brooklyn,15,69874,293.17290912499817,278.64606524035463,1.052133676720369,1404,848
Red Hook,Brooklyn,15,27679,282.43374545454543,278.64606524035463,1.0135931588013762,544,226
Flatiron,Manhattan,15,63256,214.52411411027248,278.64606524035463,0.7698802921377275,561,280
Madison,Brooklyn,15,33555,252.80807959361567,278.64606524035463,0.9072731006466873,878,355
Old Astoria,Queens,15,42590,249.32629608567908,278.64606524035463,0.8947777384569027,1023,467
Murray Hill,Manhattan,15,100850,247.3632464001611,278.64606524035463,0.8877327809627974,1203,627
Boerum Hill,Brooklyn,15,65821,290.90017486271745,278.64606524035463,1.043977328772946,898,446
Long Island City/Hunters Point,Queens,15,98350,235.39773739442026,278.64606524035463,0.8447911769052644,1834,859
Yorkville East,Manhattan,15,38811,277.3639364014983,278.64606524035463,0.995398719024615,783,383
East New York/Pennsylvania Avenue,Brooklyn,15,38968,287.48516132370827,278.64606524035463,1.0317215894497889,1921,1226
South Beach/Dongan Hills,Staten Island,15,13983,317.5961762140157,278.64606524035463,1.139783459493905,542,122
Jackson Heights,Queens,15,87577,263.40060455600764,278.64606524035463,0.9452873642009029,2332,855
Springfield Gardens North,Queens,15,24976,277.9734552485298,278.64606524035463,0.9975861493280206,1480,664
Washington Heights South,Manhattan,15,89820,304.93268073136426,278.64606524035463,1.094336934089973,2094,943
Grymes Hill/Clifton,Staten Island,15,11262,359.01549207486346,278.64606524035463,1.2884283571891952,345,59
New Dorp/Midland Beach,Staten Island,15,9796,369.17211508714036,278.64606524035463,1.3248782636449568,208,34
Brownsville,Brooklyn,15,82801,325.65172841306884,278.64606524035463,1.1686930807085614,3776,2486
Bay Terrace/Fort Totten,Queens,15,10455,339.6750895536838,278.64606524035463,1.2190198675896848,387,116
Crown Heights North,Brooklyn,15,150269,318.3186774887568,278.64606524035463,1.1423763591069602,5185,3349
Central Harlem,Manhattan,15,82225,305.1444488024906,278.64606524035463,1.0950969235444936,1798,946
Williamsburg (South Side),Brooklyn,15,79172,257.5277449071777,278.64606524035463,0.9242109508527935,1094,609
Kingsbridge Heights,Bronx,15,31645,303.27281111853193,278.64606524035463,1.0883800238016452,807,361
Rosedale,Queens,15,17405,362.05568713534745,278.64606524035463,1.299338954680897,1274,473
Carroll Gardens,Brooklyn,15,28895,236.5632151828077,278.64606524035463,0.8489738226834566,312,163
Greenpoint,Brooklyn,15,101417,228.18015088578483,278.64606524035463,0.8188888319272016,1769,836
Woodlawn/Wakefield,Bronx,15,31618,311.2229587609153,278.64606524035463,1.116911371034292,1428,544
Bloomingdale,Manhattan,15,14620,266.95653979238756,278.64606524035463,0.9580488407834364,312,187
Fort Greene,Brooklyn,15,77281,306.1706104878685,278.64606524035463,1.0987795941915481,1545,913
Bay Ridge,Brooklyn,15,71653,242.204618697139,278.64606524035463,0.8692195904084203,1579,525
DUMBO/Vinegar Hill,Brooklyn,15,50168,278.66299382963376,278.64606524035463,1.0000607530175045,527,257
University Heights/Morris Heights,Bronx,15,50131,345.49136149292667,278.64606524035463,1.2398931999808165,1592,657
Midtown East,Manhattan,15,86767,224.3812613669698,278.64606524035463,0.8052554453744858,749,377
Gravesend,Brooklyn,15,19699,255.30869765773153,278.64606524035463,0.9162472738938813,559,200
Brighton Beach,Brooklyn,15,29659,257.49366269165245,278.64606524035463,0.9240886372091545,855,330
Bushwick South,Brooklyn,15,104056,289.8959901570417,278.64606524035463,1.0403735287163776,3071,1949
Gowanus,Brooklyn,15,26462,253.27687568924213,278.64606524035463,0.9089555076644289,437,221
Bayside,Queens,15,25033,276.44902745764085,278.64606524035463,0.9921153102204452,888,271
Corona,Queens,15,2166,290.48425925925926,278.64606524035463,1.0424846983168172,73,33
Lenox Hill West,Manhattan,15,67458,250.42256560902865,278.64606524035463,0.8987120108551293,1028,550
Fordham South,Bronx,15,24867,312.8668633076084,278.64606524035463,1.1228109861796742,668,315
SoHo,Manhattan,15,73399,242.50703261821366,278.64606524035463,0.870304888063041,429,195
East New York,Brooklyn,15,147462,264.17354351548056,278.64606524035463,0.9480612736720673,7105,4140
Sutton Place/Turtle Bay North,Manhattan,15,51740,224.8928529492348,278.64606524035463,0.807091436066921,578,342
West Village,Manhattan,15,75073,223.37048745529316,278.64606524035463,0.8016279980936324,543,261
World Trade Center,Manhattan,15,49421,276.00615271026885,278.64606524035463,0.990525929272288,393,192
Highbridge Park,Manhattan,15,1197,319.78925272879934,278.64606524035463,1.1476539331461775,24,14
Battery Park,Manhattan,15,3024,274.210753401925,278.64606524035463,0.9840826324441229,16,7
Roosevelt Island,Manhattan,15,7777,350.24514690451207,278.64606524035463,1.2569534997825915,247,75
Morrisania/Melrose,Bronx,15,45928,294.77794082218185,278.64606524035463,1.057893785680814,1556,878
Columbia Street,Brooklyn,15,6057,250.50208090561011,278.64606524035463,0.8989973739249895,107,52
Springfield Gardens South,Queens,15,21681,315.47213830924386,278.64606524035463,1.132160750366684,1909,915
Hammels/Arverne,Queens,15,20697,422.9080224335528,278.64606524035463,1.517724723902922,1093,349
Bath Beach,Brooklyn,15,13627,251.71403197158082,278.64606524035463,0.903346802168038,379,123
East Village,Manhattan,15,90465,235.69357234600994,278.64606524035463,0.8458528640722247,1513,777
Mariners Harbor,Staten Island,15,19587,332.584707030247,278.64606524035463,1.1935740299916524,602,113
Pelham Bay,Bronx,15,16091,257.34792943825846,278.64606524035463,0.9235656323238413,461,192
Pelham Bay Park,Bronx,15,4062,319.7281242297264,278.64606524035463,1.147434556285355,142,42
Crotona Park East,Bronx,15,27992,310.6917719701321,278.64606524035463,1.1150050574090664,992,483
Starrett City,Brooklyn,15,16126,301.00657276995304,278.64606524035463,1.0802469882727779,793,448
Norwood,Bronx,15,54030,276.6842017025874,278.64606524035463,0.992959299331663,1585,711
Financial District South,Manhattan,15,31369,256.3946137719723,278.64606524035463,0.9201443901632392,261,116
Mount Hope,Bronx,15,53312,310.4742375056621,278.64606524035463,1.1142243736255637,1496,666
Gramercy,Manhattan,15,74321,243.85494850283064,278.64606524035463,0.8751422644080266,899,505
Borough Park,Brooklyn,15,74773,319.98389227368307,278.64606524035463,1.1483524520530057,1670,564
Briarwood/Jamaica Hills,Queens,15,32604,283.5970513692279,278.64606524035463,1.0177680101981799,1141,585
Van Cortlandt Park,Bronx,15,6148,318.3621506782154,278.64606524035463,1.1425323749093763,212,81
Bloomfield/Emerson Hill,Staten Island,15,25887,380.53305736712616,278.64606524035463,1.3656502094830796,873,164
Greenwich Village North,Manhattan,15,66882,232.9084334081697,278.64606524035463,0.8358576074177378,618,302
Long Island City/Queens Plaza,Queens,15,29597,226.54424718333902,278.64606524035463,0.8130179300681185,699,351
Upper West Side South,Manhattan,15,69638,237.99010304476917,278.64606524035463,0.8540946122439719,850,394
Longwood,Bronx,15,25712,280.24980441245503,278.64606524035463,1.005755470369614,841,509
Times Sq/Theatre District,Manhattan,15,102564,263.2991738847444,278.64606524035463,0.9449233516275484,633,275
South Jamaica,Queens,15,36861,267.1608718214842,278.64606524035463,0.9587821439037241,1675,822
LaGuardia Airport,Queens,15,262288,341.34742449661223,278.64606524035463,1.2250215132310325,999,651
Westerleigh,Staten Island,15,12012,345.3453473684211,278.64606524035463,1.239369187110297,302,53
Upper East Side South,Manhattan,15,112631,229.70822927017036,278.64606524035463,0.8243727722192257,1036,483
Queens Village,Queens,15,32005,276.6792767295598,278.64606524035463,0.9929416246768159,1868,708
Pelham Parkway,Bronx,15,42023,276.73775050340396,278.64606524035463,0.9931514743073634,1302,546
Oakland Gardens,Queens,15,11105,300.30778334091946,278.64606524035463,1.077739185306205,532,131
West Brighton,Staten Island,15,11975,348.39733535711275,278.64606524035463,1.2503221068511843,317,66
Bensonhurst East,Brooklyn,15,33431,258.4934869135207,278.64606524035463,0.927676788439662,762,240
Jamaica Estates,Queens,15,21330,279.62154996922783,278.64606524035463,1.0035008020946994,708,291
TriBeCa/Civic Center,Manhattan,15,120471,233.55470358775176,278.64606524035463,0.8381769302440788,948,404
Astoria,Queens,15,103361,226.0325143101904,278.64606524035463,0.8111814323134949,1924,866
Prospect Park,Brooklyn,15,10413,294.3557571662967,278.64606524035463,1.056378660550585,184,130
Canarsie,Brooklyn,15,95028,290.36606699030153,278.64606524035463,1.0420605320223613,5276,3099
Lenox Hill East,Manhattan,15,72889,289.96390746934225,278.64606524035463,1.0406172691483193,1871,1049
Bushwick North,Brooklyn,15,70063,277.3226988575124,278.64606524035463,0.9952507264665637,1890,1120
Bellerose,Queens,15,10725,307.75816931914494,278.64606524035463,1.1044769968442898,488,161
Yorkville West,Manhattan,15,53840,265.519627749577,278.64606524035463,0.9528920766225246,1078,526
Hollis,Queens,15,14267,273.793347487615,278.64606524035463,0.9825846535871455,714,337
Greenwich Village South,Manhattan,15,51710,228.97514972388583,278.64606524035463,0.8217419094950305,489,239
Van Nest/Morris Park,Bronx,15,59657,270.2698984271495,278.64606524035463,0.9699397628099287,1696,782
Financial District North,Manhattan,15,62822,247.79807443365695,278.64606524035463,0.8892932840085547,596,261
Bronxdale,Bronx,15,32112,275.5615370161593,278.64606524035463,0.9889303004457118,1025,535
Allerton/Pelham Gardens,Bronx,15,31625,267.6162272321997,278.64606524035463,0.9604163152325844,1070,465
Sheepshead Bay,Brooklyn,15,43419,247.94064117742647,278.64606524035463,0.889804924980935,1190,463
West Farms/Bronx River,Bronx,15,28583,275.30218463706836,278.64606524035463,0.9879995412804343,869,395
Kips Bay,Manhattan,15,58453,281.0771989068565,278.64606524035463,1.008724808887593,1655,969
Seaport,Manhattan,15,21602,269.9440303754746,278.64606524035463,0.968770293392179,233,98
East Flushing,Queens,15,12786,258.6138028834791,278.64606524035463,0.9281085762341696,504,143
Saint Michaels Cemetery/Woodside,Queens,15,2411,250.77427385892116,278.64606524035463,0.899974215112667,33,19
Two Bridges/Seward Park,Manhattan,15,45051,319.7019824431423,278.64606524035463,1.1473407391106478,1636,795
Mott Haven/Port Morris,Bronx,15,76206,317.9415554411396,278.64606524035463,1.1410229502680738,2506,1380
Coney Island,Brooklyn,15,36902,278.25183160196826,278.64606524035463,0.9985851813911447,1280,514
Great Kills,Staten Island,15,9381,369.6771203793512,278.64606524035463,1.3266906175778042,377,47
Flatlands,Brooklyn,15,61614,275.22894168466524,278.64606524035463,0.987736688286835,3052,1879
Little Italy/NoLiTa,Manhattan,15,81697,275.09302612276093,278.64606524035463,0.9872489169566098,699,338
Sunset Park West,Brooklyn,15,68186,286.2326801442336,278.64606524035463,1.0272267074625112,1426,669
Murray Hill-Queens,Queens,15,24856,252.01175707451551,278.64606524035463,0.9044152726762358,796,248
Marine Park/Floyd Bennett Field,Brooklyn,15,1744,345.6981023576768,278.64606524035463,1.2406351478872828,49,27
Morningside Heights,Manhattan,15,55358,257.53050853654076,278.64606524035463,0.924220868916272,1143,637
Manhattanville,Manhattan,15,25884,301.57610519333565,278.64606524035463,1.0822909160163523,663,355
Lincoln Square East,Manhattan,15,72309,244.09563607807942,278.64606524035463,0.8760060396601234,974,488
Midwood,Brooklyn,15,41020,273.12369080985394,278.64606524035463,0.9801814017156955,1009,502
Belmont,Bronx,15,40419,305.67723917813686,278.64606524035463,1.0970089920863073,1051,497
Williamsbridge/Olinville,Bronx,15,58477,298.5217009857047,278.64606524035463,1.0713293249922826,2402,1067
Manhattan Valley,Manhattan,15,33415,269.38129452781567,278.64606524035463,0.9667507570776306,838,437
Sunnyside,Queens,15,79251,256.45175627968405,278.64606524035463,0.9203494621697736,2114,995
Midtown Center,Manhattan,15,140617,253.36269310583353,278.64606524035463,0.9092634876695203,859,385
Ocean Parkway South,Brooklyn,15,11992,270.8009399127224,278.64606524035463,0.9718455549664224,265,99
Garment District,Manhattan,15,58029,271.98005508095497,278.64606524035463,0.9760771423287471,654,328
Eltingville/Annadale/Prince's Bay,Staten Island,15,6996,369.03206616366805,278.64606524035463,1.324375658580889,186,11
Queensboro Hill,Queens,15,17442,254.83806488991888,278.64606524035463,0.914558275459948,594,220
Brooklyn Navy Yard,Brooklyn,15,11594,320.2194974003466,278.64606524035463,1.1491979875047995,302,170
Soundview/Bruckner,Bronx,15,31874,273.4720416535185,278.64606524035463,0.9814315569739945,1116,552
Hudson Sq,Manhattan,15,41594,245.91795046801872,278.64606524035463,0.8825459288502593,334,140
Bensonhurst West,Brooklyn,15,46114,260.19132675342826,278.64606524035463,0.9337699655977282,1214,378
Flushing Meadows-Corona Park,Queens,15,9574,332.7654593175853,278.64606524035463,1.1942227105577403,130,72
West Chelsea/Hudson Yards,Manhattan,15,135552,260.2825584420411,278.64606524035463,0.9340973762451175,1142,589
Clinton East,Manhattan,15,77228,248.83563739974673,278.64606524035463,0.893016871367288,1179,623
Charleston/Tottenville,Staten Island,15,6704,413.75404383975814,278.64606524035463,1.4848730897486817,286,28
Forest Park/Highland Park,Queens,15,2264,297.3669765382913,278.64606524035463,1.0671852706112621,74,38
JFK Airport,Queens,15,188134,366.95316933461805,278.64606524035463,1.316914950936384,1458,720
Hunts Point,Bronx,15,38690,341.1358236502119,278.64606524035463,1.2242621239096085,1270,617
East Elmhurst,Queens,15,29186,239.4268002072181,278.64606524035463,0.8592506052460968,726,235
Union Sq,Manhattan,15,119872,229.26087834766946,278.64606524035463,0.8227673272540688,959,487
Glen Oaks,Queens,15,10090,313.18347040308663,278.64606524035463,1.1239472200439677,488,152
Melrose South,Bronx,15,62782,313.9931233469584,278.64606524035463,1.1268528880036905,1932,1073
Midtown North,Manhattan,15,93286,237.35017874023447,278.64606524035463,0.8517980633801553,562,270
Ocean Hill,Brooklyn,15,48145,311.5936188427888,278.64606524035463,1.118241589286446,2105,1372
Saint Albans,Queens,15,51456,292.2936059581289,278.64606524035463,1.048978049289884,2899,1366
Park Slope,Brooklyn,15,119323,239.79749883814273,278.64606524035463,0.8605809618423935,1745,947
Penn Station/Madison Sq West,Manhattan,15,62173,235.76922200149804,278.64606524035463,0.846124354198679,694,365
Flushing,Queens,15,68963,325.81032330087106,278.64606524035463,1.1692622431967,1886,621
Oakwood,Staten Island,15,5097,379.0570510245078,278.64606524035463,1.3603531444003727,115,21
Schuylerville/Edgewater Park,Bronx,15,39750,268.0341222630047,278.64606524035463,0.9619160494220642,1421,548
Corona,Queens,15,35256,280.2208927092555,278.64606524035463,1.0056517125678501,1381,650
Laurelton,Queens,15,23223,285.8607682646919,278.64606524035463,1.0258919967813434,1238,532
Richmond Hill,Queens,15,54071,260.36559741738046,278.64606524035463,0.934395385030089,1821,834
Kew Gardens Hills,Queens,15,25408,285.6803698265942,278.64606524035463,1.025244586103062,963,421
Upper West Side North,Manhattan,15,63452,267.6013058331471,278.64606524035463,0.9603627655833555,1161,602
Crotona Park,Bronx,15,1579,300.93418530351437,278.64606524035463,1.07998720543186,32,18
Forest Hills,Queens,15,94360,275.69406221555926,278.64606524035463,0.9894059045038047,2359,1059
Homecrest,Brooklyn,15,39122,264.4501278112009,278.64606524035463,0.9490538744306022,821,313
West Concourse,Bronx,15,63178,341.6238555442523,278.64606524035463,1.2260135640156062,1560,764
Co-Op City,Bronx,15,52621,284.8862649865193,278.64606524035463,1.0223947168993108,2018,893
Highbridge,Bronx,15,38521,319.38521288837745,278.64606524035463,1.146203922215381,1271,598
Country Club,Bronx,15,3993,297.5676020408163,278.64606524035463,1.0679052718154851,169,60
Maspeth,Queens,15,31642,265.7085387183972,278.64606524035463,0.9535700369183475,892,419
Spuyten Duyvil/Kingsbridge,Bronx,15,46284,282.9987392674709,278.64606524035463,1.0156207984611652,1069,380
Queensbridge/Ravenswood,Queens,15,21334,268.92913869717313,278.64606524035463,0.9651280683443354,544,257
Lincoln Square West,Manhattan,15,58751,244.54081228586676,278.64606524035463,0.8776036800481308,1276,626
Prospect-Lefferts Gardens,Brooklyn,15,97612,315.9960417527904,278.64606524035463,1.1340409256460104,3893,2602
Jamaica,Queens,15,104342,301.00117522396687,278.64606524035463,1.080227617656575,4430,2256
Woodside,Queens,15,51882,229.15177170312106,278.64606524035463,0.8223757672854961,1159,505
Ozone Park,Queens,15,20863,240.95514423076924,278.64606524035463,0.8647354988591928,774,331
Crown Heights South,Brooklyn,15,44798,329.2814404930607,278.64606524035463,1.1817193263038865,1511,974
Heartland Village/Todt Hill,Staten Island,15,18098,375.74004251510405,278.64606524035463,1.3484491237692449,527,83
Arrochar/Fort Wadsworth,Staten Island,15,8359,321.97512077294687,278.64606524035463,1.1554985371683517,249,54
Cypress Hills,Brooklyn,15,37661,253.5764989293362,278.64606524035463,0.9100307901732116,1600,830
Port Richmond,Staten Island,15,11058,343.2865204332393,278.64606524035463,1.2319805059408502,313,61
Washington Heights North,Manhattan,15,59468,297.83494552489566,278.64606524035463,1.0688647093149837,1490,604
Elmhurst/Maspeth,Queens,15,27540,265.1261435995023,278.64606524035463,0.9514799477638763,695,291
Stuy Town/Peter Cooper Village,Manhattan,15,18933,306.06171318369314,278.64606524035463,1.0983887854999508,435,212
Bronx Park,Bronx,15,8076,340.65749844430616,278.64606524035463,1.2225455189918497,112,65
Arden Heights,Staten Island,15,3897,376.4411841760545,278.64606524035463,1.3509653683835217,125,13
Williamsburg (North Side),Brooklyn,15,100742,232.15332920594344,278.64606524035463,0.8331477030034231,1368,712
Woodhaven,Queens,15,38188,259.0735747202107,278.64606524035463,0.9297585971534853,1444,643
Douglaston,Queens,15,8641,362.20821563088515,278.64606524035463,1.2998863462093084,425,104
Howard Beach,Queens,15,21589,287.74921761875845,278.64606524035463,1.0326692299442721,988,426
Meatpacking/West Village West,Manhattan,15,60712,219.35528125258884,278.64606524035463,0.7872182981065147,354,167
Baisley Park,Queens,15,38424,238.93988727225062,278.64606524035463,0.8575031808403458,2236,1016
East Concourse/Concourse Village,Bronx,15,61492,329.24080798168137,278.64606524035463,1.1815735050759992,1853,930
Auburndale,Queens,15,13420,275.2509241795549,278.64606524035463,0.987815578670127,460,129
Marine Park/Mill Basin,Brooklyn,15,40538,281.86362620720473,278.64606524035463,1.0115471250745087,1599,863
Claremont/Bathgate,Bronx,15,42952,311.2722204001312,278.64606524035463,1.117088160321352,1449,705
Stapleton,Staten Island,15,21775,326.43159405528036,278.64606524035463,1.1714918485344727,593,126
Rockaway Park,Queens,15,9240,404.05822784810124,278.64606524035463,1.4500769192616036,307,63
Downtown Brooklyn/MetroTech,Brooklyn,15,58505,331.5274524347541,278.64606524035463,1.1897797736665867,1181,613
South Williamsburg,Brooklyn,15,25274,380.2355375188987,278.64606524035463,1.3645824755892928,305,141
Riverdale/North Riverdale/Fieldston,Bronx,15,30616,302.0104369653532,278.64606524035463,1.083849638087819,714,232
Bedford Park,Bronx,15,54573,302.71352257446534,278.64606524035463,1.0863728591083839,1467,749
Flatbush/Ditmas Park,Brooklyn,15,95594,284.27280795359695,278.64606524035463,1.0201931533050317,3584,2236
Marble Hill,Manhattan,15,12167,293.77847474414,278.64606524035463,1.0543069197504455,260,130
Windsor Terrace,Brooklyn,15,18491,244.0840294840295,278.64606524035463,0.8759643861236203,285,154
Steinway,Queens,15,56702,227.51668351870578,278.64606524035463,0.8165077921428905,1067,409
Clinton West,Manhattan,15,52994,260.78649450023914,278.64606524035463,0.935905892930122,1022,534
Parkchester,Bronx,15,30631,256.52411660196094,278.64606524035463,0.9206091475962105,975,460
Breezy Point/Fort Tilden/Riis Beach,Queens,15,1121,537.3970315398886,278.64606524035463,1.928600825840984,26,4
Central Park,Manhattan,15,28278,266.1747724687144,278.64606524035463,0.955243248237212,213,129
Erasmus,Brooklyn,15,36563,302.2652348476515,278.64606524035463,1.0847640521567152,1904,1251
Fresh Meadows,Queens,15,13563,300.8564735628765,278.64606524035463,1.0797083149312143,486,157
East Harlem North,Manhattan,15,82378,320.88151908023485,278.64606524035463,1.151573839032856,2439,1461
East Williamsburg,Brooklyn,15,68214,259.1948615085101,278.64606524035463,0.9301938690034388,1373,835
Saint George/New Brighton,Staten Island,15,28891,325.3214373013933,278.64606524035463,1.1675077378924315,846,206
Kew Gardens,Queens,15,30373,260.58288007429024,278.64606524035463,0.9351751651311371,838,361
Manhattan Beach,Brooklyn,15,13749,259.53640687888765,278.64606524035463,0.9314196009012962,441,175
East Flatbush/Remsen Village,Brooklyn,15,66531,324.21368736202254,278.64606524035463,1.1635322647831476,3396,2291
Middle Village,Queens,15,28420,279.41529745042493,278.64606524035463,1.0027606067554078,829,336
Hamilton Heights,Manhattan,15,48056,301.72503038685613,278.64606524035463,1.0828253760791275,1192,604
East Harlem South,Manhattan,15,81211,307.3495219646316,278.64606524035463,1.1030104505495815,2235,1260
Elmhurst,Queens,15,92664,268.1676765044411,278.64606524035463,0.9623953464877565,2301,971
Prospect Heights,Brooklyn,15,40908,282.87457852378725,278.64606524035463,1.0151752126116877,710,435
Dyker Heights,Brooklyn,15,25025,252.21050718785332,278.64606524035463,0.9051285435173883,653,208
Randalls Island,Manhattan,15,3765,429.264634475317,278.64606524035463,1.5405372191602338,53,25
Bedford,Brooklyn,15,94589,331.82795881902496,278.64606524035463,1.1908582255873474,2290,1356
Alphabet City,Manhattan,15,25206,291.26021514008187,278.64606524035463,1.0452694348611975,1042,545
Inwood,Manhattan,15,37548,271.37976956055735,278.64606524035463,0.9739228484223184,827,374
Brooklyn Heights,Brooklyn,15,63522,288.569440693851,278.64606524035463,1.0356128318012912,648,328
Eastchester,Bronx,15,34953,301.67183276784175,278.64606524035463,1.0826344614183787,1328,607
Hillcrest/Pomonok,Queens,15,33024,287.723526534605,278.64606524035463,1.0325770302423627,1214,525
Whitestone,Queens,15,18740,317.93364903406336,278.64606524035463,1.1409945758962001,876,245
Westchester Village/Unionport,Bronx,15,31765,255.64882572640374,278.64606524035463,0.9174679194048051,1201,595
Rego Park,Queens,15,39193,288.03351624288325,278.64606524035463,1.0336895157461894,969,412
Stuyvesant Heights,Brooklyn,15,86908,300.1592445926544,278.64606524035463,1.0772061121112293,2693,1786
UN/Turtle Bay South,Manhattan,15,58182,243.20577566964286,278.64606524035463,0.8728125245904992,730,396
Brooklyn Navy Yard,Brooklyn,16,13906,313.04525768731054,273.43824817756473,1.1448480955891214,349,198
Downtown Brooklyn/MetroTech,Brooklyn,16,64941,330.0202361139195,273.43824817756473,1.206927846830015,1404,836
Crotona Park,Bronx,16,1821,290.0374655647383,273.43824817756473,1.0607055431996273,64,32
UN/Turtle Bay South,Manhattan,16,62512,248.986972694638,273.43824817756473,0.9105784371941682,736,417
SoHo,Manhattan,16,76960,252.57782129103845,273.43824817756473,0.9237106475573235,563,266
Madison,Brooklyn,16,34945,247.86070584164696,273.43824817756473,0.906459529687638,819,353
Red Hook,Brooklyn,16,29854,282.4457957148632,273.43824817756473,1.0329417980013138,611,286
Marble Hill,Manhattan,16,14252,303.9924023918396,273.43824817756473,1.1117406010970114,269,129
Bloomfield/Emerson Hill,Staten Island,16,24824,369.8604055756492,273.43824817756473,1.3526286393389635,1016,205
Hudson Sq,Manhattan,16,45865,273.6264564770391,273.43824817756473,1.000688302754749,442,212
Lincoln Square East,Manhattan,16,76811,244.32175117030394,273.43824817756473,0.8935171023025529,1122,604
Midwood,Brooklyn,16,42057,264.9004265720859,273.43824817756473,0.9687760521346869,1161,483
Prospect Park,Brooklyn,16,11534,290.99520989374673,273.43824817756473,1.0642081414476474,207,135
Pelham Bay,Bronx,16,16469,255.6183592558707,273.43824817756473,0.9348302988317779,532,209
Gowanus,Brooklyn,16,29502,243.4717374940122,273.43824817756473,0.8904084893635913,526,293
Great Kills,Staten Island,16,9116,352.48539375763636,273.43824817756473,1.28908591284106,271,40
Inwood,Manhattan,16,38506,269.3175071857852,273.43824817756473,0.9849299027504608,893,380
Forest Park/Highland Park,Queens,16,2226,298.3749436683191,273.43824817756473,1.0911968082627599,70,35
Chinatown,Manhattan,16,30512,306.148391571438,273.43824817756473,1.1196253399510958,625,308
Corona,Queens,16,32545,272.7671570895407,273.43824817756473,0.9975457307362933,1201,508
West Farms/Bronx River,Bronx,16,26668,256.5578638365135,273.43824817756473,0.9382661918968648,811,412
Kew Gardens,Queens,16,32538,257.6672750897166,273.43824817756473,0.9423234562356954,908,414
Oakwood,Staten Island,16,5062,376.21854304635764,273.43824817756473,1.375881192751241,112,19
Whitestone,Queens,16,18739,316.7067693467607,273.43824817756473,1.1582387301614747,757,213
Marine Park/Mill Basin,Brooklyn,16,42372,277.73538768339586,273.43824817756473,1.015715210050061,1558,779
Belmont,Bronx,16,41052,293.55593403092604,273.43824817756473,1.0735730498108564,966,458
Roosevelt Island,Manhattan,16,8051,348.37103500568685,273.43824817756473,1.2740391562904632,261,88
Stuy Town/Peter Cooper Village,Manhattan,16,20384,304.84310602289696,273.43824817756473,1.1148517372922115,423,224
East New York/Pennsylvania Avenue,Brooklyn,16,39430,267.20919159770847,273.43824817756473,0.9772195125540328,1853,1149
Clinton Hill,Brooklyn,16,73158,269.84613267272226,273.43824817756473,0.9868631563843627,1589,1010
Sunnyside,Queens,16,85177,254.77039460474566,273.43824817756473,0.9317291794500652,2419,1198
Queensbridge/Ravenswood,Queens,16,23885,262.1834730942649,273.43824817756473,0.9588397923176014,578,284
Pelham Parkway,Bronx,16,43980,285.77825491091824,273.43824817756473,1.0451290440002388,1451,654
Parkchester,Bronx,16,30852,249.37370580191444,273.43824817756473,0.9119927715451742,962,469
Upper West Side South,Manhattan,16,73590,235.32884937755915,273.43824817756473,0.8606288657347666,1051,564
Soundview/Castle Hill,Bronx,16,62619,269.794499471103,273.43824817756473,0.9866743269065432,2281,961
South Beach/Dongan Hills,Staten Island,16,12965,313.05765934237184,273.43824817756473,1.144893450089247,323,57
Gravesend,Brooklyn,16,17851,252.4770063119928,273.43824817756473,0.9233419537856307,466,169
West Chelsea/Hudson Yards,Manhattan,16,148365,277.36454460808636,273.43824817756473,1.0143589876569572,1448,725
Midtown North,Manhattan,16,101769,242.31875777634002,273.43824817756473,0.8861918893621041,611,312
East Village,Manhattan,16,96381,229.5024963627419,273.43824817756473,0.839321118725527,1632,890
Bayside,Queens,16,25424,266.3069813566045,273.43824817756473,0.9739200098432121,982,292
Springfield Gardens North,Queens,16,25560,264.49821140768114,273.43824817756473,0.9673050978439632,1590,690
JFK Airport,Queens,16,199757,380.6894428314253,273.43824817756473,1.3922318672266143,1312,652
Forest Hills,Queens,16,96707,274.0881393725319,273.43824817756473,1.0023767384383808,2515,1098
Inwood Hill Park,Manhattan,16,4000,283.48175182481754,273.43824817756473,1.0367304271227293,74,29
Central Park,Manhattan,16,28850,270.532724611417,273.43824817756473,0.9893741143182685,257,146
Mott Haven/Port Morris,Bronx,16,79646,316.2999987382818,273.43824817756473,1.1567511160065784,2776,1590
East Harlem South,Manhattan,16,81369,309.3227082711257,273.43824817756473,1.1312342378314917,2396,1444
Fresh Meadows,Queens,16,13626,282.1895250776742,273.43824817756473,1.0320045822354251,584,227
Rossville/Woodrow,Staten Island,16,3615,369.47724719101126,273.43824817756473,1.3512273782235502,121,17
Saint Albans,Queens,16,50910,272.8305786753974,273.43824817756473,0.9977776719013621,2751,1199
Clinton East,Manhattan,16,85799,261.3617693147823,273.43824817756473,0.9558347124322555,1357,720
Williamsburg (North Side),Brooklyn,16,111454,229.83319959246603,273.43824817756473,0.8405305443707255,1625,898
Financial District North,Manhattan,16,69138,256.7443703942926,273.43824817756473,0.9389482711561571,885,426
Schuylerville/Edgewater Park,Bronx,16,38774,264.8866457615259,273.43824817756473,0.9687256538796811,1544,582
Bay Ridge,Brooklyn,16,73940,236.9534212246677,273.43824817756473,0.8665701408048643,1827,611
South Ozone Park,Queens,16,81555,198.9442497140538,273.43824817756473,0.7275655510521842,3093,1113
East Flatbush/Farragut,Brooklyn,16,55124,279.44479685022145,273.43824817756473,1.0219667464690463,2753,1790
Laurelton,Queens,16,22582,269.9432040562178,273.43824817756473,0.9872181593297901,1375,507
West Brighton,Staten Island,16,11708,324.6165977249224,273.43824817756473,1.1871660233652594,303,60
Auburndale,Queens,16,12935,259.11274433150896,273.43824817756473,0.9476097292842767,477,173
Flushing Meadows-Corona Park,Queens,16,12659,414.9687723480334,273.43824817756473,1.5175959292957504,164,80
Flatiron,Manhattan,16,69985,215.71967113628483,273.43824817756473,0.7889154958168152,731,376
Mount Hope,Bronx,16,56561,304.19480173393976,273.43824817756473,1.1124808023799304,1756,906
Manhattan Beach,Brooklyn,16,14143,255.06078333452237,273.43824817756473,0.9327911696131536,685,232
Manhattan Valley,Manhattan,16,34286,268.2690170813878,273.43824817756473,0.9810954351462194,967,543
Flushing,Queens,16,69453,322.1355021051558,273.43824817756473,1.178092327068919,1865,623
Woodhaven,Queens,16,37145,251.08547262606064,273.43824817756473,0.9182529302301969,1544,647
Port Richmond,Staten Island,16,11159,325.3314967030982,273.43824817756473,1.1897805039031524,321,61
Midtown East,Manhattan,16,98237,228.223117251078,273.43824817756473,0.8346422593479862,1003,518
Bedford,Brooklyn,16,98994,303.2851178806871,273.43824817756473,1.1091539676766085,2694,1689
College Point,Queens,16,17848,315.93794386202234,273.43824817756473,1.1554270332249175,858,280
New Dorp/Midland Beach,Staten Island,16,9738,360.8311540058115,273.43824817756473,1.3196074668072617,292,38
Cypress Hills,Brooklyn,16,37386,245.96415241266345,273.43824817756473,0.8995235818397278,1594,785
Meatpacking/West Village West,Manhattan,16,63454,222.88034567509712,273.43824817756473,0.8151030339046188,444,215
Penn Station/Madison Sq West,Manhattan,16,66326,238.73950912945986,273.43824817756473,0.8731021015554039,797,413
Briarwood/Jamaica Hills,Queens,16,29058,267.6791780537586,273.43824817756473,0.9789383154617554,983,484
Bronxdale,Bronx,16,27391,248.6772017305859,273.43824817756473,0.9094455636253946,884,412
Highbridge Park,Manhattan,16,1130,330.0366726296959,273.43824817756473,1.206987957351809,36,15
Woodside,Queens,16,54358,229.87540142482743,273.43824817756473,0.8406848820782067,1220,571
Dyker Heights,Brooklyn,16,23069,243.79830685983592,273.43824817756473,0.8916027969193202,569,172
Midtown Center,Manhattan,16,158888,260.6353074923518,273.43824817756473,0.9531779450367931,1135,485
Randalls Island,Manhattan,16,3799,412.5229382126757,273.43824817756473,1.5086511889324,53,26
Ozone Park,Queens,16,21586,236.33568838895602,273.43824817756473,0.8643110097585356,798,319
Baisley Park,Queens,16,36939,231.6514408672441,273.43824817756473,0.8471800942668957,1995,857
Garment District,Manhattan,16,64672,288.10737875070765,273.43824817756473,1.053646959307672,776,377
Allerton/Pelham Gardens,Bronx,16,28587,248.60287334061059,273.43824817756473,0.9091737348286894,983,452
Mariners Harbor,Staten Island,16,18840,326.42138129803584,273.43824817756473,1.1937663566585792,602,89
Longwood,Bronx,16,26060,265.0303730222889,273.43824817756473,0.9692512835665335,904,511
Kips Bay,Manhattan,16,61759,291.6641306669734,273.43824817756473,1.0666544735818129,1740,1070
Starrett City,Brooklyn,16,15917,284.3471590909091,273.43824817756473,1.039895336464635,794,382
Bloomingdale,Manhattan,16,14132,265.66864625071554,273.43824817756473,0.9715855335578226,388,219
Bay Terrace/Fort Totten,Queens,16,10432,334.2673334628083,273.43824817756473,1.2224600460640112,536,136
Eltingville/Annadale/Prince's Bay,Staten Island,16,6049,366.63987192450287,273.43824817756473,1.3408507199271371,151,11
Greenpoint,Brooklyn,16,111324,225.02054676986714,273.43824817756473,0.8229300336350304,2006,1037
Upper East Side South,Manhattan,16,114982,222.3220678904225,273.43824817756473,0.8130613378785673,1278,676
Brooklyn Heights,Brooklyn,16,64764,278.9723395961643,273.43824817756473,1.0202389075247653,785,413
Homecrest,Brooklyn,16,42415,260.9198704977742,273.43824817756473,0.9542186297519673,870,358
Sunset Park East,Brooklyn,16,31316,285.21713384610433,273.43824817756473,1.0430769497209866,873,359
Lenox Hill East,Manhattan,16,76057,291.4187063053911,273.43824817756473,1.0657569240867513,2189,1319
Crown Heights North,Brooklyn,16,157332,290.7416187555896,273.43824817756473,1.0632807249656913,5569,3532
Boerum Hill,Brooklyn,16,71716,282.3462543921293,273.43824817756473,1.0325777621599592,1249,721
Fort Greene,Brooklyn,16,81360,287.91119280135655,273.43824817756473,1.0529294812274888,1897,1161
Brownsville,Brooklyn,16,85495,294.8739393084644,273.43824817756473,1.0783931702085066,3933,2521
Flatlands,Brooklyn,16,60536,261.4808490848088,273.43824817756473,0.9562702029710524,2966,1723
Hammels/Arverne,Queens,16,19810,396.2509018850668,273.43824817756473,1.449142190333776,1016,296
Rockaway Park,Queens,16,9892,393.3846864415478,273.43824817756473,1.4386600596786026,343,76
Glen Oaks,Queens,16,10788,332.1942813861011,273.43824817756473,1.2148786192134378,471,155
South Williamsburg,Brooklyn,16,24011,358.50468658465144,273.43824817756473,1.3110992663756624,337,162
Claremont/Bathgate,Bronx,16,47505,301.6827455121436,273.43824817756473,1.1032938790488356,1617,826
West Concourse,Bronx,16,66937,356.01811115779367,273.43824817756473,1.3020055296967943,1705,837
Country Club,Bronx,16,3763,292.05222072678333,273.43824817756473,1.0680737704885057,94,39
Jackson Heights,Queens,16,86384,264.4080982764432,273.43824817756473,0.9669755421514492,2572,975
Ocean Hill,Brooklyn,16,51302,290.2174755002641,273.43824817756473,1.0613638634482594,2464,1588
Elmhurst/Maspeth,Queens,16,26077,262.7501159734034,273.43824817756473,0.9609120806054144,682,305
City Island,Bronx,16,2720,449.8987294469357,273.43824817756473,1.6453394228695521,65,23
Fordham South,Bronx,16,24822,302.76617920336105,273.43824817756473,1.1072561399923517,681,307
Greenwich Village North,Manhattan,16,70202,232.89210257590358,273.43824817756473,0.8517173589580219,751,410
Jamaica Estates,Queens,16,20703,258.87079939521044,273.43824817756473,0.9467249045097212,759,342
Battery Park City,Manhattan,16,57302,260.1663750287219,273.43824817756473,0.951462996719375,350,127
East New York,Brooklyn,16,151047,257.0206897010232,273.43824817756473,0.9399588075700355,6650,3786
Upper West Side North,Manhattan,16,59511,249.24614965708548,273.43824817756473,0.911526281777634,1373,720
Melrose South,Bronx,16,64337,310.5163808988413,273.43824817756473,1.135599657211082,2169,1262
Ridgewood,Queens,16,67525,260.53126441227664,273.43824817756473,0.9527974456707805,1944,1002
Corona,Queens,16,2220,303.04979628791307,273.43824817756473,1.1082933653492368,95,45
Murray Hill-Queens,Queens,16,23228,246.10818776819383,273.43824817756473,0.9000503382700749,708,232
East Tremont,Bronx,16,58124,293.70668025988385,273.43824817756473,1.0741243487968708,1785,855
Crotona Park East,Bronx,16,28831,291.38941102756894,273.43824817756473,1.0656497873638626,1035,527
Williamsburg (South Side),Brooklyn,16,85678,249.91063939760593,273.43824817756473,0.9139564090365278,1238,690
Middle Village,Queens,16,27125,266.9105917269523,273.43824817756473,0.9761274931575281,829,343
Glendale,Queens,16,32669,263.2681825165156,273.43824817756473,0.9628067187789876,874,379
Windsor Terrace,Brooklyn,16,19360,239.85460697553359,273.43824817756473,0.8771801625198291,394,217
East Flushing,Queens,16,11762,257.6441402908469,273.43824817756473,0.9422388492027587,408,135
Lincoln Square West,Manhattan,16,59599,242.162425251427,273.43824817756473,0.8856201605496393,1143,606
Jamaica,Queens,16,111031,290.5110767365917,273.43824817756473,1.0624376021745876,4801,2387
Columbia Street,Brooklyn,16,6742,247.50029922202273,273.43824817756473,0.9051414747994638,75,36
Central Harlem North,Manhattan,16,103712,321.2592409336981,273.43824817756473,1.1748877235531419,3026,1726
Kew Gardens Hills,Queens,16,22706,268.5330140570263,273.43824817756473,0.9820609071582661,838,384
Battery Park,Manhattan,16,3227,295.7734909769757,273.43824817756473,1.0816829501661631,12,9
North Corona,Queens,16,25707,296.1895623683595,273.43824817756473,1.0832045785197562,811,300
Yorkville West,Manhattan,16,54389,253.55465157410683,273.43824817756473,0.9272830456749198,1182,655
LaGuardia Airport,Queens,16,253715,315.7243185795955,273.43824817756473,1.1546457771868517,1027,682
Soundview/Bruckner,Bronx,16,31378,254.24721760266087,273.43824817756473,0.929815851649102,1026,488
Bensonhurst East,Brooklyn,16,33849,256.44418355822387,273.43824817756473,0.937850448016675,839,290
Borough Park,Brooklyn,16,73920,305.70328415040456,273.43824817756473,1.1179975229796222,1680,610
Maspeth,Queens,16,32130,257.1137885710709,273.43824817756473,0.9402992825060338,943,450
Midtown South,Manhattan,16,104696,254.59253367991232,273.43824817756473,0.9310787184190326,1187,555
Morningside Heights,Manhattan,16,57622,259.30155276778663,273.43824817756473,0.9483002268190438,1420,854
South Jamaica,Queens,16,33094,250.28521564937628,273.43824817756473,0.9153262841519033,1635,734
Little Italy/NoLiTa,Manhattan,16,86941,278.5644539614561,273.43824817756473,1.018747215570817,883,473
Lenox Hill West,Manhattan,16,71479,244.11984377432182,273.43824817756473,0.8927787001319428,1153,698
Astoria,Queens,16,108628,220.11940740192725,273.43824817756473,0.8050059158475393,2281,1047
World Trade Center,Manhattan,16,52609,295.6923091735346,273.43824817756473,1.081386057525934,462,229
Grymes Hill/Clifton,Staten Island,16,10027,337.8432062757719,273.43824817756473,1.235537487997597,333,82
Rosedale,Queens,16,18930,337.4203575027847,273.43824817756473,1.233991073859102,1544,578
East Flatbush/Remsen Village,Brooklyn,16,62850,296.82448907850375,273.43824817756473,1.0855265898491,3462,2347
Prospect-Lefferts Gardens,Brooklyn,16,101482,297.6472385032678,273.43824817756473,1.0885354937981546,4312,2838
Bushwick North,Brooklyn,16,75430,256.75150263210503,273.43824817756473,0.9389743546973586,2057,1188
Co-Op City,Bronx,16,50828,269.52741565931893,273.43824817756473,0.9856975659246244,1869,830
Spuyten Duyvil/Kingsbridge,Bronx,16,49162,282.76173610400247,273.43824817756473,1.0340972339772425,1152,472
Yorkville East,Manhattan,16,39786,267.1999436850458,273.43824817756473,0.9771856917088355,871,471
Kensington,Brooklyn,16,22342,256.69916208667445,273.43824817756473,0.9387829383692501,631,265
Richmond Hill,Queens,16,54011,262.7654461177609,273.43824817756473,0.9609681449799476,1970,805
Financial District South,Manhattan,16,35517,271.5147520401758,273.43824817756473,0.9929655190880982,338,152
TriBeCa/Civic Center,Manhattan,16,128225,244.09639331366765,273.43824817756473,0.8926929386819245,1168,569
Highbridge,Bronx,16,37560,313.5734017258422,273.43824817756473,1.146779588502244,1271,609
East Chelsea,Manhattan,16,120558,242.97634414023764,273.43824817756473,0.888596770055571,1619,795
East Williamsburg,Brooklyn,16,74829,249.38218340611354,273.43824817756473,0.9120237752699845,1548,958
Alphabet City,Manhattan,16,25316,280.50813511892864,273.43824817756473,1.025855515782755,1101,571
Times Sq/Theatre District,Manhattan,16,122879,284.9720240080027,273.43824817756473,1.0421805504800783,808,365
Kingsbridge Heights,Bronx,16,31801,300.81747462290105,273.43824817756473,1.1001294684551843,975,449
Saint George/New Brighton,Staten Island,16,30357,288.3482293702587,273.43824817756473,1.0545277820205012,834,174
Oakland Gardens,Queens,16,10676,296.81707201665563,273.43824817756473,1.085499464668561,504,180
Canarsie,Brooklyn,16,93104,271.00516213856946,273.43824817756473,0.9911018811186383,5193,2944
Van Nest/Morris Park,Bronx,16,58998,286.5242884510126,273.43824817756473,1.0478573877673107,1894,890
Upper East Side North,Manhattan,16,100645,246.70554692589067,273.43824817756473,0.9022349600692496,1343,723
Union Sq,Manhattan,16,128829,233.83956775380761,273.43824817756473,0.8551823649848627,1218,654
Two Bridges/Seward Park,Manhattan,16,45154,316.632780221989,273.43824817756473,1.1579681421026904,1590,784
Saint Michaels Cemetery/Woodside,Queens,16,2125,244.78584995251663,273.43824817756473,0.8952143732048712,62,33
Charleston/Tottenville,Staten Island,16,6774,404.1671435024846,273.43824817756473,1.4780929376055225,243,26
Hamilton Heights,Manhattan,16,45988,303.57691128820386,273.43824817756473,1.1102210949328046,1247,670
Cobble Hill,Brooklyn,16,21961,238.3246729400964,273.43824817756473,0.8715849904996965,272,159
Stuyvesant Heights,Brooklyn,16,90315,274.97006068028725,273.43824817756473,1.0056020418245504,2887,1941
Howard Beach,Queens,16,20433,278.349537037037,273.43824817756473,1.0179612358263903,907,352
Bath Beach,Brooklyn,16,13699,248.76621172998892,273.43824817756473,0.9097710850182366,425,152
Long Island City/Hunters Point,Queens,16,107671,233.40413345915593,273.43824817756473,0.8535899239216471,2120,1082
Flatbush/Ditmas Park,Brooklyn,16,97277,272.37094353294344,273.43824817756473,0.9960967251226382,3787,2376
Arrochar/Fort Wadsworth,Staten Island,16,8510,316.35342270731996,273.43824817756473,1.1569464945587535,219,48
Springfield Gardens South,Queens,16,21339,296.2258642644909,273.43824817756473,1.0833373393766346,1783,810
Steinway,Queens,16,60346,223.1045071735295,273.43824817756473,0.8159228222843586,1154,429
University Heights/Morris Heights,Bronx,16,48211,328.24359587972117,273.43824817756473,1.2004304374659651,1471,645
Van Cortlandt Village,Bronx,16,39507,283.55132799593343,273.43824817756473,1.036984876423731,1081,547
Park Slope,Brooklyn,16,124475,227.89913260187072,273.43824817756473,0.8334574044443046,2039,1251
Murray Hill,Manhattan,16,107222,256.7945180819919,273.43824817756473,0.9391316679122199,1407,799
Gramercy,Manhattan,16,76166,244.0412934265437,273.43824817756473,0.8924914310746633,1047,589
Bensonhurst West,Brooklyn,16,45389,257.39392396093973,273.43824817756473,0.9413237748429175,1231,328
Queensboro Hill,Queens,16,17301,248.5273150844496,273.43824817756473,0.9088974082479547,536,253
Pelham Bay Park,Bronx,16,4277,349.20852858481726,273.43824817756473,1.2771019815708042,133,33
Bushwick South,Brooklyn,16,109310,268.8537083739852,273.43824817756473,0.983233728879793,3319,2152
East Elmhurst,Queens,16,27883,236.228068272221,273.43824817756473,0.8639174286942467,686,220
Breezy Point/Fort Tilden/Riis Beach,Queens,16,1557,537.1356717405691,273.43824817756473,1.9643765103108952,22,7
Bellerose,Queens,16,10559,316.9950115118956,273.43824817756473,1.1592928700524956,661,231
West Village,Manhattan,16,75614,223.30070757853855,273.43824817756473,0.8166403532308034,599,311
East Concourse/Concourse Village,Bronx,16,63624,330.46599101947885,273.43824817756473,1.2085580317384186,1976,1103
Carroll Gardens,Brooklyn,16,31094,224.80311720294222,273.43824817756473,0.822134864823154,389,213
Prospect Heights,Brooklyn,16,42796,266.71366405570063,273.43824817756473,0.9754073025018164,768,515
Central Harlem,Manhattan,16,83824,310.847332644777,273.43824817756473,1.1368099917130818,2112,1236
Williamsbridge/Olinville,Bronx,16,56198,273.9237698618385,273.43824817756473,1.0017756173011994,2187,973
Coney Island,Brooklyn,16,37063,271.83298419348694,273.43824817756473,0.9941293363500655,1274,491
Washington Heights North,Manhattan,16,57864,303.9227019498607,273.43824817756473,1.1114856973209544,1356,544
Manhattanville,Manhattan,16,27818,311.05644753019453,273.43824817756473,1.1375747526300761,712,405
Greenwich Village South,Manhattan,16,54796,232.0638129866314,273.43824817756473,0.8486881938913473,565,297
Washington Heights South,Manhattan,16,91879,325.1150122528819,273.43824817756473,1.1889887915086388,2168,1088
Long Island City/Queens Plaza,Queens,16,32214,223.10899122807018,273.43824817756473,0.8159392210675229,772,396
East Harlem North,Manhattan,16,85319,319.0337186101699,273.43824817756473,1.1667486927541917,2777,1694
Norwood,Bronx,16,54810,279.88026819923374,273.43824817756473,1.0235593230449813,1716,871
Riverdale/North Riverdale/Fieldston,Bronx,16,26895,310.1205969700387,273.43824817756473,1.1341522228033485,789,269
Heartland Village/Todt Hill,Staten Island,16,17406,352.8041560250755,273.43824817756473,1.2902516688008194,483,67
Erasmus,Brooklyn,16,38313,285.82337205947914,273.43824817756473,1.0452940434063627,1874,1246
Westerleigh,Staten Island,16,12649,327.7687042343203,273.43824817756473,1.19869369562913,408,41
Hollis,Queens,16,13648,254.82841151778482,273.43824817756473,0.9319413550086266,715,279
Rego Park,Queens,16,39651,283.92433340118055,273.43824817756473,1.0383490067446832,1098,493
Crown Heights South,Brooklyn,16,45864,304.33551231710794,273.43824817756473,1.1129953996760513,1569,962
Stapleton,Staten Island,16,19872,305.8195847504949,273.43824817756473,1.1184228497247484,529,108
Ocean Parkway South,Brooklyn,16,12622,264.43261959723,273.43824817756473,0.9670652198792369,298,124
Brighton Beach,Brooklyn,16,31647,256.3739912602469,273.43824817756473,0.9375937454578896,977,413
Van Cortlandt Park,Bronx,16,6161,309.64933791074054,273.43824817756473,1.132428765816482,189,90
Sunset Park West,Brooklyn,16,73297,281.06879681165395,273.43824817756473,1.0279059300772513,1688,855
Bronx Park,Bronx,16,9775,336.47334293948126,273.43824817756473,1.2305277157897199,141,78
Hillcrest/Pomonok,Queens,16,33357,270.7439603301787,273.43824817756473,0.990146631404556,1326,610
Elmhurst,Queens,16,95886,271.0676933384981,273.43824817756473,0.99133056602408,2530,1122
Sheepshead Bay,Brooklyn,16,43474,243.136839423834,273.43824817756473,0.8891837226295655,1212,497
Sutton Place/Turtle Bay North,Manhattan,16,56761,225.48110579327096,273.43824817756473,0.824614359169126,735,404
Old Astoria,Queens,16,43014,238.36242160441824,273.43824817756473,0.8717230423800513,1094,483
Queens Village,Queens,16,32159,266.72600899662626,273.43824817756473,0.9754524495908133,1718,723
Morrisania/Melrose,Bronx,16,45952,282.81368563685635,273.43824817756473,1.0342872203204119,1497,832
Bedford Park,Bronx,16,55737,296.6768624203363,273.43824817756473,1.0849866995479027,1504,750
Hunts Point,Bronx,16,42282,335.4371675531915,273.43824817756473,1.2267382847456147,1474,708
Woodlawn/Wakefield,Bronx,16,30580,291.75656442526275,273.43824817756473,1.0669925161157503,1313,562
DUMBO/Vinegar Hill,Brooklyn,16,53672,278.26240590240064,273.43824817756473,1.0176425856916083,641,352
Cambria Heights,Queens,16,14046,258.50139734862057,273.43824817756473,0.9453739521500866,933,349
Westchester Village/Unionport,Bronx,16,32564,250.93044765075842,273.43824817756473,0.9176859833003675,1000,472
Arden Heights,Staten Island,16,3894,377.4754098360656,273.43824817756473,1.380477721576615,114,12
Seaport,Manhattan,16,23287,277.8932574506908,273.43824817756473,1.0162925607621398,304,141
Douglaston,Queens,16,8672,373.96439411627364,273.43824817756473,1.3676374706490566,459,86
Lower East Side,Manhattan,16,80096,251.71488997431894,273.43824817756473,0.9205547930912024,1241,678
Eastchester,Bronx,16,31428,270.4567553735926,273.43824817756473,0.9890962847229916,1163,493
Clinton West,Manhattan,16,56856,269.83346062985134,273.43824817756473,0.9868168130400963,1134,621
Far Rockaway,Queens,16,23066,415.60452298674596,273.43824817756473,1.519920953841328,1382,383
Marine Park/Floyd Bennett Field,Brooklyn,16,1862,363.29018338727076,273.43824817756473,1.3286004639386009,55,31
Queens Village,Queens,17,33961,263.0528073286052,288.3821403190592,0.9121674700020249,1751,728
Crown Heights North,Brooklyn,17,179202,298.8929726336791,288.3821403190592,1.0364475841083327,6536,4390
Schuylerville/Edgewater Park,Bronx,17,41040,264.81182031938863,288.3821403190592,0.918267060596773,1563,619
Starrett City,Brooklyn,17,17164,296.9807771200844,288.3821403190592,1.0298168145624824,871,484
Country Club,Bronx,17,4056,301.52027867628766,288.3821403190592,1.0455580860267308,136,50
Battery Park,Manhattan,17,2254,372.51921358355673,288.3821403190592,1.2917554921099146,13,7
Breezy Point/Fort Tilden/Riis Beach,Queens,17,1704,597.8582582582583,288.3821403190592,2.07314592227106,23,7
College Point,Queens,17,17203,321.17179997657803,288.3821403190592,1.11370211630041,842,267
Times Sq/Theatre District,Manhattan,17,139381,317.6088730016009,288.3821403190592,1.1013472354779181,1121,588
Columbia Street,Brooklyn,17,7885,257.89268417027785,288.3821403190592,0.8942741179635862,130,71
East Chelsea,Manhattan,17,141839,272.49945112910586,288.3821403190592,0.9449248515446168,1990,1052
Corona,Queens,17,2597,336.15140981073773,288.3821403190592,1.1656457277098635,125,49
Greenwich Village North,Manhattan,17,80648,245.0176061177823,288.3821403190592,0.849628225405015,963,572
Bensonhurst East,Brooklyn,17,37769,262.9014013348579,288.3821403190592,0.9116424513806228,1027,378
East Flatbush/Remsen Village,Brooklyn,17,65239,298.4012024849305,288.3821403190592,1.0347423115550305,3517,2327
Arrochar/Fort Wadsworth,Staten Island,17,7890,341.58895705521473,288.3821403190592,1.1845010813682455,246,67
Laurelton,Queens,17,22940,276.5684007707129,288.3821403190592,0.9590344272524094,1357,511
Madison,Brooklyn,17,38213,259.2448244114166,288.3821403190592,0.8989628280190799,903,375
Rossville/Woodrow,Staten Island,17,3712,382.5077805077805,288.3821403190592,1.3263920577209911,146,17
Crotona Park,Bronx,17,1854,290.17341977309565,288.3821403190592,1.006211478464147,52,27
Ocean Hill,Brooklyn,17,55053,295.33329082794427,288.3821403190592,1.0241039563032388,2795,1804
Howard Beach,Queens,17,21844,283.7448923246825,288.3821403190592,0.9839197809224727,1029,343
Highbridge Park,Manhattan,17,1154,366.34612031386223,288.3821403190592,1.2703495435207794,32,17
Bath Beach,Brooklyn,17,15795,251.05910421173178,288.3821403190592,0.8705778517836296,432,117
South Jamaica,Queens,17,33973,255.2164820558263,288.3821403190592,0.8849940629938484,1645,770
Eastchester,Bronx,17,32173,275.669055780617,288.3821403190592,0.9559158395718377,1305,594
Alphabet City,Manhattan,17,29429,282.8869288209906,288.3821403190592,0.9809446885580749,1105,548
Manhattanville,Manhattan,17,31148,336.9498919110767,288.3821403190592,1.1684145611038301,860,540
Brooklyn Navy Yard,Brooklyn,17,16220,348.7014971541698,288.3821403190592,1.2091646756223344,367,246
Murray Hill,Manhattan,17,121760,296.8797219930498,288.3821403190592,1.0294663936698336,1740,988
Far Rockaway,Queens,17,23788,414.52364836280566,288.3821403190592,1.4374109572256675,1435,443
Mariners Harbor,Staten Island,17,20816,335.1568513963247,288.3821403190592,1.1621969759483548,743,163
Crotona Park East,Bronx,17,31526,303.56058774887094,288.3821403190592,1.05263310485531,995,492
Melrose South,Bronx,17,66767,325.12104036683456,288.3821403190592,1.1273965856801267,2147,1253
Bronx Park,Bronx,17,10206,349.967453294002,288.3821403190592,1.2135545318680492,146,69
West Brighton,Staten Island,17,11678,350.3825306404281,288.3821403190592,1.2149938628403727,286,93
Forest Park/Highland Park,Queens,17,2322,297.3980121002593,288.3821403190592,1.0312636273911593,81,47
Homecrest,Brooklyn,17,48377,275.1232558139535,288.3821403190592,0.9540232120808994,1208,495
Steinway,Queens,17,66617,231.80077165378066,288.3821403190592,0.8037972510964851,1432,639
Stapleton,Staten Island,17,20821,323.83277834081366,288.3821403190592,1.1229293810723948,552,145
Clinton East,Manhattan,17,98054,287.9443634068879,288.3821403190592,0.9984819555341153,1618,916
Midwood,Brooklyn,17,43804,276.58456523735197,288.3821403190592,0.9590904794982981,1159,541
Flatlands,Brooklyn,17,63678,273.48944994638236,288.3821403190592,0.9483577923508026,3364,2007
Van Cortlandt Village,Bronx,17,43876,300.20744838938293,288.3821403190592,1.0410056879987106,1244,672
Arden Heights,Staten Island,17,3285,392.29919554455444,288.3821403190592,1.3603449752835728,127,7
Prospect Heights,Brooklyn,17,52514,288.04859462357354,288.3821403190592,0.9988433899023128,1130,785
Co-Op City,Bronx,17,54070,283.077688281801,288.3821403190592,0.9816061700929555,2132,1003
Long Island City/Queens Plaza,Queens,17,37361,232.1130788721764,288.3821403190592,0.8048802142024882,823,483
Brighton Beach,Brooklyn,17,32785,267.1350572951774,288.3821403190592,0.9263231661975511,953,377
Williamsburg (North Side),Brooklyn,17,131698,235.34274777728638,288.3821403190592,0.8160794823039621,2059,1212
Coney Island,Brooklyn,17,39214,290.237615642859,288.3821403190592,1.0064340854178657,1453,532
Clinton Hill,Brooklyn,17,86593,276.51733032778316,288.3821403190592,0.9588573343059695,1936,1286
Bushwick North,Brooklyn,17,85059,259.60781397544855,288.3821403190592,0.9002215382971518,2414,1521
Hammels/Arverne,Queens,17,20810,408.43683651804673,288.3821403190592,1.4163041999277828,1123,333
Williamsbridge/Olinville,Bronx,17,58078,275.2307785299807,288.3821403190592,0.9543960601217254,2497,1143
Van Nest/Morris Park,Bronx,17,58493,298.40652537550227,288.3821403190592,1.0347607693227894,1832,907
Woodlawn/Wakefield,Bronx,17,32862,300.37722648253947,288.3821403190592,1.0415944141000173,1641,701
Kingsbridge Heights,Bronx,17,31413,321.2791395378527,288.3821403190592,1.1140743292299482,1009,502
Central Park,Manhattan,17,28487,295.1937989971043,288.3821403190592,1.0236202514847446,356,230
Washington Heights North,Manhattan,17,61798,328.39857691806696,288.3821403190592,1.1387618406421927,1584,716
Seaport,Manhattan,17,26540,311.58062310030397,288.3821403190592,1.0804435488119288,310,182
Old Astoria,Queens,17,47255,247.8116518483856,288.3821403190592,0.8593169173868139,1212,571
Morningside Heights,Manhattan,17,61445,293.88390509989483,288.3821403190592,1.0190780357436442,1471,907
Manhattan Beach,Brooklyn,17,15691,266.1615967141574,288.3821403190592,0.9229475737286729,573,221
Ridgewood,Queens,17,78083,262.51808544812076,288.3821403190592,0.9103132571166749,2344,1265
Windsor Terrace,Brooklyn,17,23260,248.2392272118252,288.3821403190592,0.8607995867468741,468,243
Springfield Gardens North,Queens,17,25007,269.6384831460674,288.3821403190592,0.9350040985469688,1505,659
Dyker Heights,Brooklyn,17,26580,250.12483469981487,288.3821403190592,0.8673381590936341,634,225
Bedford,Brooklyn,17,110878,302.99092596785147,288.3821403190592,1.0506577336329825,3184,2153
Pelham Bay,Bronx,17,17345,264.23890686387796,288.3821403190592,0.916280413799309,595,223
Spuyten Duyvil/Kingsbridge,Bronx,17,52150,312.9764431689042,288.3821403190592,1.0852837239595852,1331,562
Flushing,Queens,17,74104,344.1769980135514,288.3821403190592,1.1934754268511985,2243,778
Flatiron,Manhattan,17,84194,237.46932901601008,288.3821403190592,0.8234536603177978,1017,595
Midtown East,Manhattan,17,122191,263.80595047625366,288.3821403190592,0.9147790850861464,1230,665
Flatbush/Ditmas Park,Brooklyn,17,110770,286.9869104244581,288.3821403190592,0.9951618713521667,4340,2652
Randalls Island,Manhattan,17,3988,436.0145966709347,288.3821403190592,1.5119334234378676,51,25
Brooklyn Heights,Brooklyn,17,73490,308.5647286237199,288.3821403190592,1.06998556943343,855,477
East New York,Brooklyn,17,158042,264.6168072453558,288.3821403190592,0.917590829142852,7455,4322
Fort Greene,Brooklyn,17,90580,304.2988547839403,288.3821403190592,1.0551931352172892,2029,1380
Midtown Center,Manhattan,17,185484,297.85380662477087,288.3821403190592,1.032844150110102,1575,863
South Ozone Park,Queens,17,84348,206.1522036194256,288.3821403190592,0.7148577349184788,3033,1118
Yorkville East,Manhattan,17,47833,292.15525685330846,288.3821403190592,1.013083738577135,980,572
Cypress Hills,Brooklyn,17,40620,247.06872301048736,288.3821403190592,0.8567407216588945,1762,880
Kensington,Brooklyn,17,24169,267.49681899455277,288.3821403190592,0.927577618706209,700,351
Bensonhurst West,Brooklyn,17,49130,266.7398761217523,288.3821403190592,0.9249528276149056,1552,568
Sheepshead Bay,Brooklyn,17,48620,261.5022344519386,288.3821403190592,0.9067906707489537,1539,680
Cobble Hill,Brooklyn,17,23383,255.20284865958087,288.3821403190592,0.8849467875411093,339,208
Sunset Park East,Brooklyn,17,33292,299.30960144927536,288.3821403190592,1.0378922949879152,1095,510
West Farms/Bronx River,Bronx,17,28713,262.51133466065875,288.3821403190592,0.9102898479435044,861,446
Bayside,Queens,17,28425,277.74043290655726,288.3821403190592,0.9630985906383516,1056,333
Corona,Queens,17,32439,289.3184545904479,288.3821403190592,1.0032467831411225,1163,561
Central Harlem,Manhattan,17,93552,329.659805449562,288.3821403190592,1.1431353033333969,2524,1596
Whitestone,Queens,17,20184,329.5147852147852,288.3821403190592,1.1426324281046594,888,282
Financial District South,Manhattan,17,39127,333.2567263122459,288.3821403190592,1.1556080620788047,494,255
Queensbridge/Ravenswood,Queens,17,24601,269.55139422683783,288.3821403190592,0.9347021071714514,580,291
Great Kills,Staten Island,17,9417,375.1912931589106,288.3821403190592,1.301021251676015,241,33
Clinton West,Manhattan,17,64215,285.70165650342614,288.3821403190592,0.9907050977128214,1624,941
Kips Bay,Manhattan,17,63159,313.381540977299,288.3821403190592,1.086688449675077,1788,1137
Greenwich Village South,Manhattan,17,61587,235.85584644512633,288.3821403190592,0.8178587140804939,766,411
South Beach/Dongan Hills,Staten Island,17,12536,343.8338032707645,288.3821403190592,1.1922853575133152,307,52
Meatpacking/West Village West,Manhattan,17,75412,239.78645229239157,288.3821403190592,0.8314885659253984,524,267
Union Sq,Manhattan,17,149683,258.7930790865417,288.3821403190592,0.8973963463903109,1568,906
South Williamsburg,Brooklyn,17,23849,357.0404836127728,288.3821403190592,1.2380811211739797,418,220
Woodhaven,Queens,17,39091,255.43530682022674,288.3821403190592,0.8857528643681579,1496,655
Parkchester,Bronx,17,33544,258.2254596634126,288.3821403190592,0.8954280572913359,1170,603
Hunts Point,Bronx,17,46553,342.30299767421826,288.3821403190592,1.1869771036982466,1661,862
Gramercy,Manhattan,17,89457,255.64457341583488,288.3821403190592,0.8864785216345081,1210,708
Bay Ridge,Brooklyn,17,78545,245.83634292734743,288.3821403190592,0.8524672944564455,2112,855
Hudson Sq,Manhattan,17,56505,315.73557126030624,288.3821403190592,1.094851334798278,649,340
Soundview/Castle Hill,Bronx,17,66464,270.5881297134238,288.3821403190592,0.9382971130391483,2567,1168
Midtown South,Manhattan,17,124997,292.30666061205625,288.3821403190592,1.0136087494484056,1567,829
Woodside,Queens,17,58142,239.38154350828728,288.3821403190592,0.8300844956745281,1623,778
Sunnyside,Queens,17,90978,262.65136732777194,288.3821403190592,0.9107754281772812,2653,1414
East New York/Pennsylvania Avenue,Brooklyn,17,40165,273.5239593477664,288.3821403190592,0.9484774578798324,1870,1221
Ozone Park,Queens,17,24670,239.48183074546785,288.3821403190592,0.8304322538161024,868,347
Prospect Park,Brooklyn,17,12876,318.0036601510786,288.3821403190592,1.1027162077348023,266,187
Downtown Brooklyn/MetroTech,Brooklyn,17,73626,357.77135099555704,288.3821403190592,1.240615492345425,1668,1103
Mount Hope,Bronx,17,60176,321.71720874433487,288.3821403190592,1.115593387261758,1839,930
Ocean Parkway South,Brooklyn,17,14183,277.0739429138041,288.3821403190592,0.9607874558641393,365,162
Penn Station/Madison Sq West,Manhattan,17,79410,264.2349812981858,288.3821403190592,0.9162668014248124,1034,585
Richmond Hill,Queens,17,55983,267.69620162403425,288.3821403190592,0.9282690021228828,2049,889
Upper East Side North,Manhattan,17,111641,265.7588106224096,288.3821403190592,0.9215508641706464,1557,920
Morrisania/Melrose,Bronx,17,46685,292.8196492283884,288.3821403190592,1.015387599608005,1673,936
Grymes Hill/Clifton,Staten Island,17,10221,354.29942834614627,288.3821403190592,1.2285761800441517,372,92
Belmont,Bronx,17,43735,308.77111560189223,288.3821403190592,1.0707012412775463,1092,554
Westerleigh,Staten Island,17,13291,343.20464518081405,288.3821403190592,1.1901036756336594,466,100
Battery Park City,Manhattan,17,75856,353.3891037094323,288.3821403190592,1.2254195191090922,465,214
Fresh Meadows,Queens,17,14044,286.9851258581236,288.3821403190592,0.9951556831522577,588,219
East Harlem South,Manhattan,17,82810,323.0565196683072,288.3821403190592,1.120237610106108,2551,1578
Red Hook,Brooklyn,17,33927,294.17080248741485,288.3821403190592,1.0200728871834823,743,389
Kew Gardens Hills,Queens,17,22323,274.2822515121423,288.3821403190592,0.9511069278030979,871,408
Lower East Side,Manhattan,17,92722,254.17396354635952,288.3821403190592,0.8813790037938807,1636,936
Upper East Side South,Manhattan,17,128758,242.99240016905907,288.3821403190592,0.84260557848769,1575,935
Lincoln Square East,Manhattan,17,87013,256.6045878919648,288.3821403190592,0.8898074881061064,1273,758
Stuy Town/Peter Cooper Village,Manhattan,17,24488,309.3056370018584,288.3821403190592,1.0725547589724174,546,289
Park Slope,Brooklyn,17,142564,244.75762747725508,288.3821403190592,0.8487267179807356,2329,1486
Jamaica,Queens,17,119983,303.6629951529333,288.3821403190592,1.0529882149323386,5285,2683
Stuyvesant Heights,Brooklyn,17,102130,277.12246062992125,288.3821403190592,0.9609556969211738,3432,2404
Roosevelt Island,Manhattan,17,9013,359.61324159711256,288.3821403190592,1.2470024710935461,273,109
Port Richmond,Staten Island,17,12101,352.15011662779074,288.3821403190592,1.2211231813391084,439,103
Erasmus,Brooklyn,17,43358,303.1401222278809,288.3821403190592,1.051175089735078,2159,1503
Jamaica Estates,Queens,17,22652,266.64850802686,288.3821403190592,0.92463599767949,834,372
Westchester Village/Unionport,Bronx,17,35429,262.33436164492116,288.3821403190592,0.9096761725767089,1365,698
Gravesend,Brooklyn,17,19733,257.052071668533,288.3821403190592,0.8913591922999693,608,269
City Island,Bronx,17,2711,436.54979485266693,288.3821403190592,1.5137892879554835,95,31
Washington Heights South,Manhattan,17,93347,349.79317197507265,288.3821403190592,1.212950190285951,2375,1254
World Trade Center,Manhattan,17,57275,358.98303918108013,288.3821403190592,1.2448171678867137,534,280
Highbridge,Bronx,17,38262,315.58694057226705,288.3821403190592,1.0943359398855599,1450,702
Forest Hills,Queens,17,105174,302.45979692907815,288.3821403190592,1.0488159793614256,2998,1386
Rockaway Park,Queens,17,11218,422.479830340222,288.3821403190592,1.4649999818740518,422,104
Upper West Side South,Manhattan,17,83670,257.9957940028282,288.3821403190592,0.8946316637964741,1593,927
SoHo,Manhattan,17,86229,269.8334226780096,288.3821403190592,0.9356800749847832,687,343
Manhattan Valley,Manhattan,17,37357,290.77549582746286,288.3821403190592,1.0082992501052794,1033,618
Heartland Village/Todt Hill,Staten Island,17,18212,375.33890241203807,288.3821403190592,1.3015331046394618,520,96
TriBeCa/Civic Center,Manhattan,17,149428,289.85629788496817,288.3821403190592,1.005111819907703,1339,692
East Harlem North,Manhattan,17,89490,328.3702335918821,288.3821403190592,1.1386635567257424,2962,1815
Bedford Park,Bronx,17,62156,320.0184477448277,288.3821403190592,1.1097027277443978,1581,792
Gowanus,Brooklyn,17,35567,257.04817571966373,288.3821403190592,0.8913456826253932,671,419
Bushwick South,Brooklyn,17,123187,271.67887259619306,288.3821403190592,0.9420793960944113,3953,2661
Upper West Side North,Manhattan,17,67307,271.79052233976915,288.3821403190592,0.9424665551031229,1733,1014
Yorkville West,Manhattan,17,64437,270.93820867901445,288.3821403190592,0.9395110542534111,1434,891
Midtown North,Manhattan,17,120703,261.08357276283493,288.3821403190592,0.9053389106342654,755,435
Auburndale,Queens,17,11760,263.60811390342224,288.3821403190592,0.9140930628081629,462,130
Sunset Park West,Brooklyn,17,82113,297.4343428166051,288.3821403190592,1.0313896085504144,2116,1143
Hillcrest/Pomonok,Queens,17,30818,276.0516458013271,288.3821403190592,0.957242516807421,1313,597
Lenox Hill West,Manhattan,17,84229,262.0610313433373,288.3821403190592,0.9087283666505808,1375,881
Carroll Gardens,Brooklyn,17,35584,235.70770230560578,288.3821403190592,0.8173450063336943,404,231
Inwood,Manhattan,17,40073,285.03310545163146,288.3821403190592,0.98838681596675,1040,480
DUMBO/Vinegar Hill,Brooklyn,17,63052,325.9112755337979,288.3821403190592,1.1301368218337562,857,524
West Village,Manhattan,17,86758,230.38304303516006,288.3821403190592,0.7988811053981002,737,410
Kew Gardens,Queens,17,34579,277.6852229076941,288.3821403190592,0.9629071432803352,988,425
Glendale,Queens,17,33965,270.4235930480019,288.3821403190592,0.9377265622233458,1008,474
Queensboro Hill,Queens,17,16326,258.6852285327091,288.3821403190592,0.8970223615321874,534,224
Van Cortlandt Park,Bronx,17,6739,328.2962907790854,288.3821403190592,1.1384071510665192,191,77
Allerton/Pelham Gardens,Bronx,17,29345,261.1857646615769,288.3821403190592,0.9056932734204939,1032,496
Claremont/Bathgate,Bronx,17,46737,308.6873298025173,288.3821403190592,1.0704107038701942,1453,771
Cambria Heights,Queens,17,13613,259.5231655952117,288.3821403190592,0.8999280097861865,857,347
Crown Heights South,Brooklyn,17,50533,314.0536119402985,288.3821403190592,1.089018937139578,1726,1170
East Tremont,Bronx,17,60845,301.3835363541959,288.3821403190592,1.0450839154628377,1911,921
East Concourse/Concourse Village,Bronx,17,69228,341.26697101449275,288.3821403190592,1.1833845557735407,2202,1232
Rego Park,Queens,17,42500,308.4785531673137,288.3821403190592,1.06968674560089,1229,560
Hollis,Queens,17,14891,255.50236039924468,288.3821403190592,0.8859853807748389,828,387
East Williamsburg,Brooklyn,17,90134,256.577102230939,288.3821403190592,0.8897121782474744,1942,1288
Briarwood/Jamaica Hills,Queens,17,30639,278.184346001246,288.3821403190592,0.9646379130603213,1101,522
Springfield Gardens South,Queens,17,21490,301.6518667540002,288.3821403190592,1.046014383623964,1682,816
Rosedale,Queens,17,21040,344.168232320824,288.3821403190592,1.1934450307499778,1570,579
Saint Albans,Queens,17,52583,272.38222273108926,288.3821403190592,0.9445183478759537,3050,1319
Central Harlem North,Manhattan,17,109742,331.840521463687,288.3821403190592,1.1506972002376654,3333,2064
Eltingville/Annadale/Prince's Bay,Staten Island,17,6072,380.9758534554538,288.3821403190592,1.3210799151221746,143,26
Brownsville,Brooklyn,17,86874,301.19946194346943,288.3821403190592,1.0444456151488073,4043,2652
Douglaston,Queens,17,9219,385.0139514445787,288.3821403190592,1.3350825089882763,504,109
Oakland Gardens,Queens,17,10773,294.3629017102048,288.3821403190592,1.0207390145052972,500,167
Lenox Hill East,Manhattan,17,81976,317.2534050179211,288.3821403190592,1.1001146071907206,2780,1864
Little Italy/NoLiTa,Manhattan,17,95221,284.7749918076976,288.3821403190592,0.9874917756440438,1031,563
Riverdale/North Riverdale/Fieldston,Bronx,17,29217,336.65005865709753,288.3821403190592,1.1673748529802708,783,299
Garment District,Manhattan,17,74371,331.10571214085854,288.3821403190592,1.1481491599116749,980,478
New Dorp/Midland Beach,Staten Island,17,9883,376.78683673469385,288.3821403190592,1.3065539922750617,324,53
Chinatown,Manhattan,17,30910,321.3936201441665,288.3821403190592,1.1144713045980732,743,399
East Flushing,Queens,17,11694,275.8315166080165,288.3821403190592,0.9564791921678749,484,157
North Corona,Queens,17,26911,325.7327676045854,288.3821403190592,1.1295178239685797,972,375
Marine Park/Floyd Bennett Field,Brooklyn,17,1954,397.7683615819209,288.3821403190592,1.3793099709359233,55,28
Astoria,Queens,17,120864,230.94452703881197,288.3821403190592,0.8008281191869246,2869,1392
Borough Park,Brooklyn,17,73596,319.1244235859096,288.3821403190592,1.106602590690387,2242,975
Hamilton Heights,Manhattan,17,51738,324.96212224273637,288.3821403190592,1.1268455178368741,1537,868
Maspeth,Queens,17,33414,260.19968742486174,288.3821403190592,0.9022739311698809,1060,509
Boerum Hill,Brooklyn,17,82516,303.5874854873205,288.3821403190592,1.0527263760212004,1448,897
Fordham South,Bronx,17,26379,326.7204252088079,288.3821403190592,1.1329426463349364,745,386
Pelham Bay Park,Bronx,17,4164,360.0433630450494,288.3821403190592,1.2484939693099784,142,60
West Concourse,Bronx,17,72443,362.00254572622373,288.3821403190592,1.2552876725504314,1837,986
Longwood,Bronx,17,29016,280.37674900673693,288.3821403190592,0.9722403360226632,926,553
Long Island City/Hunters Point,Queens,17,126958,253.5415694063096,288.3821403190592,0.8791861005185592,2905,1540
Inwood Hill Park,Manhattan,17,3887,302.3787487073423,288.3821403190592,1.0485349348361088,73,34
Oakwood,Staten Island,17,4914,406.1495249896737,288.3821403190592,1.4083726701671588,113,22
Prospect-Lefferts Gardens,Brooklyn,17,107550,317.311096976953,288.3821403190592,1.1003146610462338,4730,3172
Marine Park/Mill Basin,Brooklyn,17,46218,300.7044615317781,288.3821403190592,1.0427291412675064,2000,1100
Murray Hill-Queens,Queens,17,25047,259.2596443338284,288.3821403190592,0.8990142178950113,803,245
Bellerose,Queens,17,9122,320.81005524861877,288.3821403190592,1.112447722642193,414,150
West Chelsea/Hudson Yards,Manhattan,17,179353,313.41132522410766,288.3821403190592,1.0867917301583128,1811,1025
Saint George/New Brighton,Staten Island,17,32795,304.7937626370933,288.3821403190592,1.0569092881406479,987,271
Canarsie,Brooklyn,17,99072,275.2157736889033,288.3821403190592,0.9543440290179241,5096,2808
Baisley Park,Queens,17,36853,232.32610237939315,288.3821403190592,0.8056188990148732,1995,882
Financial District North,Manhattan,17,84325,308.6465980519169,288.3821403190592,1.0702694615916144,1105,591
East Flatbush/Farragut,Brooklyn,17,56992,290.6574305531106,288.3821403190592,1.0078898444665612,2920,1942
Glen Oaks,Queens,17,9118,341.56978946195835,288.3821403190592,1.1844346154170768,570,157
East Elmhurst,Queens,17,29384,255.8297930750489,288.3821403190592,0.8871207932363803,734,276
Bay Terrace/Fort Totten,Queens,17,10688,339.077622112836,288.3821403190592,1.1757927232861527,455,112
UN/Turtle Bay South,Manhattan,17,76168,284.84023369398864,288.3821403190592,0.9877180097867646,938,549
Williamsburg (South Side),Brooklyn,17,101791,253.7750034569267,288.3821403190592,0.8799955613622814,1671,1000
Mott Haven/Port Morris,Bronx,17,85940,329.5816371888452,288.3821403190592,1.1428642454217306,3130,1805
Bloomfield/Emerson Hill,Staten Island,17,26362,373.03391450638526,288.3821403190592,1.2935402798996822,1208,271
Elmhurst/Maspeth,Queens,17,27564,277.4700760901375,288.3821403190592,0.9621610956321747,745,344
Middle Village,Queens,17,30063,274.15435254803674,288.3821403190592,0.9506634226541173,1004,403
Jackson Heights,Queens,17,91657,283.369465297993,288.3821403190592,0.9826179422362276,2671,1112
LaGuardia Airport,Queens,17,246669,329.8599257206479,288.3821403190592,1.1438292446116762,1250,854
Soundview/Bruckner,Bronx,17,33959,257.54864226682406,288.3821403190592,0.8930811109934835,1233,593
Bloomingdale,Manhattan,17,15649,291.6195294875927,288.3821403190592,1.0112260390499623,401,253
Sutton Place/Turtle Bay North,Manhattan,17,73286,242.31377501725328,288.3821403190592,0.840252363579669,817,482
Lincoln Square West,Manhattan,17,69317,258.5687252157686,288.3821403190592,0.8966183721699765,1331,784
Marble Hill,Manhattan,17,14545,327.505511919526,288.3821403190592,1.1356650295929616,292,126
Elmhurst,Queens,17,100878,299.2047641772051,288.3821403190592,1.037528759049267,2762,1291
University Heights/Morris Heights,Bronx,17,50641,341.45603166749135,288.3821403190592,1.1840401464865766,1733,783
Pelham Parkway,Bronx,17,44335,296.1184963903411,288.3821403190592,1.0268267516938552,1455,677
Two Bridges/Seward Park,Manhattan,17,51074,327.1452512865001,288.3821403190592,1.1344157822136778,1770,956
JFK Airport,Queens,17,168430,350.48614522680907,288.3821403190592,1.215353158968303,1136,505
Charleston/Tottenville,Staten Island,17,6834,426.4341890488203,288.3821403190592,1.4787121996425423,324,48
Saint Michaels Cemetery/Woodside,Queens,17,1343,256.9111940298507,288.3821403190592,0.8908706820249348,52,27
Bronxdale,Bronx,17,29792,255.92853537902494,288.3821403190592,0.8874631941349476,1046,533
Greenpoint,Brooklyn,17,134525,236.68147512224255,288.3821403190592,0.8207216815173912,2446,1411
East Village,Manhattan,17,113590,229.2609632592251,288.3821403190592,0.7949901578703042,1850,1085
Norwood,Bronx,17,57184,299.60153740851894,288.3821403190592,1.0389046182854695,1816,873
Flushing Meadows-Corona Park,Queens,17,14016,418.91915780396664,288.3821403190592,1.452652918590882,217,127
Gravesend,Brooklyn,18,18603,258.3807366661274,285.4447982269928,0.905186355719317,595,233
JFK Airport,Queens,18,165151,354.06459732052423,285.4447982269928,1.2403960398639433,1136,539
Hunts Point,Bronx,18,41794,305.56647025007186,285.4447982269928,1.07049234089415,1389,691
Hillcrest/Pomonok,Queens,18,26858,270.9005272802064,285.4447982269928,0.9490469924933771,1164,504
Heartland Village/Todt Hill,Staten Island,18,18468,395.12569497438136,285.4447982269928,1.384245561413831,603,134
Lenox Hill West,Manhattan,18,98124,272.24250177244846,285.4447982269928,0.9537483375540599,1931,1376
Roosevelt Island,Manhattan,18,9679,381.4665136657626,285.4447982269928,1.3363932922764663,457,200
Steinway,Queens,18,68162,238.55937090818142,285.4447982269928,0.835746079066654,1558,739
Bushwick North,Brooklyn,18,95007,252.7309283573268,285.4447982269928,0.8853933577600138,2696,1757
Lenox Hill East,Manhattan,18,81903,317.398886301758,285.4447982269928,1.111944895381679,2818,1992
Ozone Park,Queens,18,24370,239.41870403089945,285.4447982269928,0.8387565845235958,888,342
Bensonhurst West,Brooklyn,18,49236,273.4105338223309,285.4447982269928,0.9578403093017936,1640,560
Douglaston,Queens,18,8376,391.5200241254524,285.4447982269928,1.3716137990859651,450,103
East Williamsburg,Brooklyn,18,103527,248.80504162588073,285.4447982269928,0.8716397817417039,2425,1672
Prospect-Lefferts Gardens,Brooklyn,18,107510,305.5228869789188,285.4447982269928,1.070339655431238,4787,3335
Schuylerville/Edgewater Park,Bronx,18,38997,274.3546511627907,285.4447982269928,0.9611478396765774,1517,654
Queens Village,Queens,18,30673,264.62427651155946,285.4447982269928,0.9270593759467414,1583,621
East Flatbush/Remsen Village,Brooklyn,18,61350,295.949609489886,285.4447982269928,1.036801550871281,3524,2288
Ocean Hill,Brooklyn,18,55997,284.4998835939039,285.4447982269928,0.9966896764664898,2706,1819
Claremont/Bathgate,Bronx,18,39503,277.824225980678,285.4447982269928,0.9733028161884572,1204,571
Marine Park/Floyd Bennett Field,Brooklyn,18,1762,384.11288483466365,285.4447982269928,1.3456643358734726,48,28
Little Italy/NoLiTa,Manhattan,18,105605,279.3150398387434,285.4447982269928,0.9785255908451522,1344,795
Cambria Heights,Queens,18,12659,264.31481628442185,285.4447982269928,0.9259752425904505,978,385
Arrochar/Fort Wadsworth,Staten Island,18,7031,342.02480998135667,285.4447982269928,1.1982170006453228,231,59
Queensboro Hill,Queens,18,14863,257.6069450074314,285.4447982269928,0.902475528044396,448,197
Manhattanville,Manhattan,18,29810,327.6770023229977,285.4447982269928,1.1479522638293824,832,534
Morrisania/Melrose,Bronx,18,42580,272.8,285.4447982269928,0.955701423513287,1391,752
Sunset Park West,Brooklyn,18,81322,290.70334739386766,285.4447982269928,1.0184222981099593,2104,1181
Brooklyn Navy Yard,Brooklyn,18,16854,354.9190394103311,285.4447982269928,1.2433894105440682,378,254
Flushing,Queens,18,78375,346.6383038724315,285.4447982269928,1.2143794738090692,2364,907
University Heights/Morris Heights,Bronx,18,48993,319.8738040722872,285.4447982269928,1.120615285544337,1631,719
Yorkville East,Manhattan,18,53404,305.9274079119133,285.4447982269928,1.0717568153707682,1238,763
Bensonhurst East,Brooklyn,18,35153,268.53874475554414,285.4447982269928,0.9407729495283899,932,370
Brooklyn Heights,Brooklyn,18,80556,303.42261444430585,285.4447982269928,1.0629817615489234,1225,714
Union Sq,Manhattan,18,161603,264.95004224757076,285.4447982269928,0.9282006324630091,1696,1026
Prospect Heights,Brooklyn,18,61508,287.0149492443777,285.4447982269928,1.0055007168711347,1418,1043
Homecrest,Brooklyn,18,44433,258.5963458150775,285.4447982269928,0.9059417001862309,989,387
Midwood,Brooklyn,18,42547,266.4560549873633,285.4447982269928,0.9334766534279977,1272,628
East Village,Manhattan,18,144567,228.06498606448562,285.4447982269928,0.7989810551149812,2513,1484
Soundview/Castle Hill,Bronx,18,62835,279.62923032758124,285.4447982269928,0.9796262957477793,2467,1156
Mott Haven/Port Morris,Bronx,18,84033,309.57735673463543,285.4447982269928,1.0845436969163187,2984,1771
Springfield Gardens North,Queens,18,22393,267.36098172697956,285.4447982269928,0.9366468872008221,1411,614
Bay Terrace/Fort Totten,Queens,18,9710,346.81053067993366,285.4447982269928,1.214982836730979,370,110
Jamaica Estates,Queens,18,20838,259.02294307610737,285.4447982269928,0.9074362002215429,878,362
Briarwood/Jamaica Hills,Queens,18,30403,275.1754924279917,285.4447982269928,0.9640234964420871,1211,527
Bushwick South,Brooklyn,18,137507,262.5955572745251,285.4447982269928,0.9199521550422599,4663,3201
Stuy Town/Peter Cooper Village,Manhattan,18,28555,310.996677153664,285.4447982269928,1.0895160082978694,658,371
SoHo,Manhattan,18,95777,269.2903776469849,285.4447982269928,0.9434061482978522,1020,622
Red Hook,Brooklyn,18,34882,288.09562739284377,285.4447982269928,1.0092866613170612,840,494
Central Harlem North,Manhattan,18,111913,322.326286319341,285.4447982269928,1.1292070772402696,3441,2152
South Williamsburg,Brooklyn,18,24237,362.3523127251646,285.4447982269928,1.2694304291963765,489,294
East Concourse/Concourse Village,Bronx,18,62703,304.42588536253896,285.4447982269928,1.0664965249093519,2036,1062
Cypress Hills,Brooklyn,18,39975,249.1463420749135,285.4447982269928,0.8728354610854955,1632,840
Crotona Park East,Bronx,18,29191,288.2675867751571,285.4447982269928,1.0098890873671467,1008,438
Fort Greene,Brooklyn,18,103289,307.2928545055287,285.4447982269928,1.0765403903460231,2264,1508
Yorkville West,Manhattan,18,74447,274.92880819341656,285.4447982269928,0.9631592864928872,1995,1266
Rockaway Park,Queens,18,10682,419.2936725621867,285.4447982269928,1.4689133421473455,339,86
East Flushing,Queens,18,11291,276.0882196162047,285.4447982269928,0.967221057560322,432,141
LaGuardia Airport,Queens,18,252181,341.25057027269764,285.4447982269928,1.1955046033150223,1063,761
East New York/Pennsylvania Avenue,Brooklyn,18,36085,271.9575390429612,285.4447982269928,0.9527500263875671,1764,1158
Financial District North,Manhattan,18,93030,300.81157271635266,285.4447982269928,1.053834487735663,1239,717
Battery Park,Manhattan,18,1398,358.44892086330935,285.4447982269928,1.2557556595522958,19,10
Lincoln Square East,Manhattan,18,96051,252.60462869623655,285.4447982269928,0.8849508916093789,1540,916
South Jamaica,Queens,18,31973,253.5221444489783,285.4447982269928,0.8881652285265019,1537,749
Port Richmond,Staten Island,18,10307,345.79248973205557,285.4447982269928,1.2114163294616171,331,76
Hammels/Arverne,Queens,18,19287,404.5539246304393,285.4447982269928,1.4172755192712532,1115,343
Richmond Hill,Queens,18,51069,261.4931649448089,285.4447982269928,0.9160901392109553,1958,822
Crotona Park,Bronx,18,1750,281.48451834862385,285.4447982269928,0.9861259343208642,55,25
Saint Michaels Cemetery/Woodside,Queens,18,1290,262.9805900621118,285.4447982269928,0.9213010420774355,57,26
Kips Bay,Manhattan,18,68265,313.9500494195052,285.4447982269928,1.0998625701696771,1920,1280
Alphabet City,Manhattan,18,35023,282.7178118362895,285.4447982269928,0.9904465367467137,1411,777
Stapleton,Staten Island,18,17763,334.23983716854184,285.4447982269928,1.1709438716159262,527,107
Clinton Hill,Brooklyn,18,96596,281.2955704949034,285.4447982269928,0.9854639924851956,2133,1488
Marine Park/Mill Basin,Brooklyn,18,42103,312.73251068095567,285.4447982269928,1.0955971614247564,1986,1014
Bay Ridge,Brooklyn,18,79114,252.3558647102837,285.4447982269928,0.8840793956581546,2210,906
North Corona,Queens,18,28786,328.9644659450806,285.4447982269928,1.152462640722147,1006,356
Kew Gardens,Queens,18,32415,265.628556391443,285.4447982269928,0.930577674006897,988,441
Breezy Point/Fort Tilden/Riis Beach,Queens,18,1811,584.9347581552306,285.4447982269928,2.049204475921386,29,7
Upper East Side South,Manhattan,18,138909,248.96102672618701,285.4447982269928,0.8721862450203314,1959,1241
Corona,Queens,18,2651,322.53290468986387,285.4447982269928,1.1299309242741136,109,40
Washington Heights South,Manhattan,18,92393,321.9475485721737,285.4447982269928,1.1278802436475055,2255,1169
Midtown East,Manhattan,18,127372,275.1491005416518,285.4447982269928,0.9639310376321744,1284,774
Mount Hope,Bronx,18,57082,294.2674047301565,285.4447982269928,1.030908275638457,1707,855
Parkchester,Bronx,18,34142,260.2374041540586,285.4447982269928,0.9116908269847375,1095,532
Battery Park City,Manhattan,18,76439,359.46495742244565,285.4447982269928,1.2593151448378828,673,372
Columbia Street,Brooklyn,18,8821,250.88850928140303,285.4447982269928,0.8789388030181942,131,72
Pelham Bay,Bronx,18,16925,273.2280265339967,285.4447982269928,0.9572009307267844,612,239
Upper East Side North,Manhattan,18,116832,263.9320770006638,285.4447982269928,0.9246343903971879,1865,1230
Saint Albans,Queens,18,47824,268.39415859437247,285.4447982269928,0.9402664202026857,2800,1313
Westerleigh,Staten Island,18,12137,343.86555878687165,285.4447982269928,1.204665703921573,319,59
Kingsbridge Heights,Bronx,18,29600,301.53058047046875,285.4447982269928,1.0563533907199953,857,435
City Island,Bronx,18,2762,433.78033625730995,285.4447982269928,1.519664533919294,86,24
Corona,Queens,18,33795,293.07296672005697,285.4447982269928,1.0267237957757354,1282,650
Marble Hill,Manhattan,18,15405,314.3244051488753,285.4447982269928,1.1011740522204811,298,139
Long Island City/Queens Plaza,Queens,18,38131,242.00772414520338,285.4447982269928,0.8478267099222204,855,499
Prospect Park,Brooklyn,18,11204,314.2821476510067,285.4447982269928,1.1010260113448687,247,169
Midtown Center,Manhattan,18,188947,296.4793112817043,285.4447982269928,1.038657257456612,1443,788
Whitestone,Queens,18,19391,328.5348029045643,285.4447982269928,1.1509574003282597,918,291
Country Club,Bronx,18,3413,314.313649851632,285.4447982269928,1.101136373140988,137,53
Chinatown,Manhattan,18,32153,302.49186013811203,285.4447982269928,1.059721045950058,839,480
Highbridge,Bronx,18,37642,297.2083011634408,285.4447982269928,1.0412111308719432,1389,689
Canarsie,Brooklyn,18,93854,278.14833016388536,285.4447982269928,0.9744382517795783,5360,3075
Madison,Brooklyn,18,36383,256.6912810897259,285.4447982269928,0.8992676786689895,968,391
Park Slope,Brooklyn,18,157122,246.3836271879392,285.4447982269928,0.8631568300362188,2707,1757
Westchester Village/Unionport,Bronx,18,30302,258.4402089463418,285.4447982269928,0.9053947052166061,1149,519
Upper West Side North,Manhattan,18,71577,271.56366455250173,285.4447982269928,0.9513701641763587,1915,1146
Midtown South,Manhattan,18,141524,299.25683095176976,285.4447982269928,1.0483877541667208,1616,837
Fordham South,Bronx,18,26655,309.2630807948015,285.4447982269928,1.0834426926528464,797,406
Riverdale/North Riverdale/Fieldston,Bronx,18,25807,331.16378369954805,285.4447982269928,1.1601675201528752,701,229
Elmhurst,Queens,18,104352,309.9949123093316,285.4447982269928,1.0860065211726715,2993,1422
Astoria,Queens,18,130286,239.03552108102284,285.4447982269928,0.8374141780328953,3424,1840
Financial District South,Manhattan,18,38119,322.30775930324626,285.4447982269928,1.1291421714644072,551,298
Cobble Hill,Brooklyn,18,26299,250.8909979757858,285.4447982269928,0.8789475216720223,431,284
Central Park,Manhattan,18,23162,271.1761388286334,285.4447982269928,0.9500125436266923,357,231
Manhattan Beach,Brooklyn,18,13634,262.4351375202236,285.4447982269928,0.9193901558210517,371,152
World Trade Center,Manhattan,18,58923,355.9161869950638,285.4447982269928,1.2468827220036793,634,348
Auburndale,Queens,18,11561,260.7432996867386,285.4447982269928,0.9134631329991484,424,148
Maspeth,Queens,18,33560,263.97569288725447,285.4447982269928,0.9247871901219038,1046,526
Glen Oaks,Queens,18,8343,326.1589395956906,285.4447982269928,1.1426340280908565,495,164
Greenwich Village South,Manhattan,18,74350,234.29379682753967,285.4447982269928,0.82080247488421,915,552
Hollis,Queens,18,13267,257.94874896061685,285.4447982269928,0.9036729713164701,771,352
Bloomfield/Emerson Hill,Staten Island,18,21364,360.56344603197056,285.4447982269928,1.2631634847493052,857,159
Eltingville/Annadale/Prince's Bay,Staten Island,18,6280,382.78963463705134,285.4447982269928,1.3410285877153996,164,17
Forest Hills,Queens,18,107147,302.983525087438,285.4447982269928,1.0614434979000666,3012,1356
West Village,Manhattan,18,108595,228.9558657772686,285.4447982269928,0.802102077877759,1027,607
West Farms/Bronx River,Bronx,18,28637,264.7805364199042,285.4447982269928,0.9276068019615622,953,481
Brighton Beach,Brooklyn,18,30202,264.3393023255814,285.4447982269928,0.9260610246446748,849,327
Midtown North,Manhattan,18,134396,259.58332896029026,285.4447982269928,0.9093994025207743,872,529
Lincoln Square West,Manhattan,18,74813,266.1766219420196,285.4447982269928,0.932497714427955,1477,835
East Tremont,Bronx,18,54344,274.72719896736123,285.4447982269928,0.9624529880165877,1782,819
Bloomingdale,Manhattan,18,17117,286.7486756915833,285.4447982269928,1.0045678795784312,491,325
Upper West Side South,Manhattan,18,87296,252.20209115591243,285.4447982269928,0.8835406800979958,1578,925
Queensbridge/Ravenswood,Queens,18,23139,278.5576923076923,285.4447982269928,0.9758723719539506,617,342
Brownsville,Brooklyn,18,80986,290.85405759972275,285.4447982269928,1.0189502818279714,3802,2449
South Beach/Dongan Hills,Staten Island,18,10524,351.0565350709084,285.4447982269928,1.2298578823347115,338,63
Van Cortlandt Park,Bronx,18,6903,310.5997090909091,285.4447982269928,1.0881253083614173,232,101
Saint George/New Brighton,Staten Island,18,29054,316.84948353888143,285.4447982269928,1.1100201702989692,900,167
Far Rockaway,Queens,18,23451,410.9370842453114,285.4447982269928,1.4396376700426818,1299,397
Williamsbridge/Olinville,Bronx,18,53123,277.78948857741136,285.4447982269928,0.9731811204928885,2492,1175
Ocean Parkway South,Brooklyn,18,14882,273.510682752578,285.4447982269928,0.9581911614836137,408,173
Soundview/Bruckner,Bronx,18,33511,260.0175139723243,285.4447982269928,0.910920484757098,1296,622
Williamsburg (North Side),Brooklyn,18,152140,237.7391851720024,285.4447982269928,0.832872718818811,2563,1581
Jackson Heights,Queens,18,93552,293.9861684005271,285.4447982269928,1.029923019184753,2744,1150
East Harlem South,Manhattan,18,80118,312.5001694766311,285.4447982269928,1.094783199475659,2630,1710
Co-Op City,Bronx,18,56050,300.23394134477826,285.4447982269928,1.0518108692456352,2075,1001
Coney Island,Brooklyn,18,35537,283.93714673298666,285.4447982269928,0.9947182379802654,1325,572
Great Kills,Staten Island,18,8680,383.38371146015123,285.4447982269928,1.3431098196271034,244,27
Williamsburg (South Side),Brooklyn,18,119687,253.6557216265833,285.4447982269928,0.8886331900323157,2076,1336
East Harlem North,Manhattan,18,93703,326.7363061008128,285.4447982269928,1.1446567186730932,3092,1950
Mariners Harbor,Staten Island,18,18970,320.62956696452176,285.4447982269928,1.1232629529634979,657,142
South Ozone Park,Queens,18,81555,207.41034114221836,285.4447982269928,0.7266215479508598,2806,1099
Greenpoint,Brooklyn,18,155474,242.01605071225438,285.4447982269928,0.8478558804206942,2898,1757
Charleston/Tottenville,Staten Island,18,5778,428.21919244887255,285.4447982269928,1.5001821546887744,196,20
Randalls Island,Manhattan,18,4736,451.34806034482756,285.4447982269928,1.5812096179307649,58,34
East Flatbush/Farragut,Brooklyn,18,53559,292.60786956440353,285.4447982269928,1.025094418892561,2882,2002
Flatlands,Brooklyn,18,61115,279.22094036056467,285.4447982269928,0.9781959317350083,3038,1870
Springfield Gardens South,Queens,18,17684,291.24187869150387,285.4447982269928,1.020308937141328,1269,557
Bedford,Brooklyn,18,121181,302.7203554039283,285.4447982269928,1.0605215344060939,3430,2372
Bayside,Queens,18,27816,275.55301170013,285.4447982269928,0.9653460613459959,1087,314
Van Cortlandt Village,Bronx,18,43437,290.7059569952012,285.4447982269928,1.0184314403376324,1184,601
DUMBO/Vinegar Hill,Brooklyn,18,68062,327.07631066816066,285.4447982269928,1.1458478581489562,1016,583
Inwood,Manhattan,18,41584,274.7785650591666,285.4447982269928,0.9626329390688558,1180,600
Spuyten Duyvil/Kingsbridge,Bronx,18,50181,302.30521414153526,285.4447982269928,1.0590671682205068,1163,473
Norwood,Bronx,18,48482,256.51524484775825,285.4447982269928,0.89865097013879,1488,727
Borough Park,Brooklyn,18,69426,315.87357683638675,285.4447982269928,1.1066012721142537,1806,791
Inwood Hill Park,Manhattan,18,3707,274.59599241808826,285.4447982269928,0.9619933315432944,97,42
Eastchester,Bronx,18,29709,280.93484638991,285.4447982269928,0.9842002661632095,1365,625
West Brighton,Staten Island,18,10086,360.12280701754383,285.4447982269928,1.2616197921783994,275,69
Manhattan Valley,Manhattan,18,39829,292.11990274048935,285.4447982269928,1.0233849226013512,1099,718
Sunnyside,Queens,18,89800,268.14205027459036,285.4447982269928,0.9393832080322484,2627,1489
Flatiron,Manhattan,18,97262,245.73471287190148,285.4447982269928,0.8608834856975993,1118,691
Sunset Park East,Brooklyn,18,32219,288.6921589420498,285.4447982269928,1.0113764928813822,1006,431
Seaport,Manhattan,18,30200,308.19008429680474,285.4447982269928,1.079683659366335,355,200
Morningside Heights,Manhattan,18,60229,287.5791567755525,285.4447982269928,1.007477307562853,1567,1021
Bath Beach,Brooklyn,18,15271,258.5236373200079,285.4447982269928,0.9056869802000156,537,167
Flatbush/Ditmas Park,Brooklyn,18,114729,285.2825841467151,285.4447982269928,0.9994317147088149,4568,2886
East Elmhurst,Queens,18,28023,266.16181635725036,285.4447982269928,0.9324458459586006,759,314
Bedford Park,Bronx,18,62132,296.46079285207406,285.4447982269928,1.038592381761748,1594,840
Bellerose,Queens,18,8099,305.9991320520769,285.4447982269928,1.0720080868621706,367,129
Ridgewood,Queens,18,86294,262.2250937939205,285.4447982269928,0.9186543087234421,2747,1593
Woodlawn/Wakefield,Bronx,18,31264,298.56910334200137,285.4447982269928,1.0459784350477874,1287,575
Erasmus,Brooklyn,18,44000,299.2652689152233,285.4447982269928,1.0484173149206948,2330,1647
Garment District,Manhattan,18,73225,339.19268215431646,285.4447982269928,1.1882951949419727,970,562
Long Island City/Hunters Point,Queens,18,137283,270.9396514527677,285.4447982269928,0.9491840563768471,3081,1752
New Dorp/Midland Beach,Staten Island,18,9453,376.1600213219616,285.4447982269928,1.3178030346267855,326,55
Old Astoria,Queens,18,51156,256.25161265023627,285.4447982269928,0.8977273863174714,1381,721
Longwood,Bronx,18,26421,269.6348399817989,285.4447982269928,0.9446129046898187,879,511
Jamaica,Queens,18,118105,290.0533755292161,285.4447982269928,1.0161452488566929,4993,2566
Oakland Gardens,Queens,18,9435,289.33948102080205,285.4447982269928,1.0136442591282118,465,164
Rosedale,Queens,18,20390,336.738598388048,285.4447982269928,1.1796977926368273,1323,479
Allerton/Pelham Gardens,Bronx,18,26161,261.3057410392202,285.4447982269928,0.9154335362293882,960,418
Grymes Hill/Clifton,Staten Island,18,9060,363.6807683766378,285.4447982269928,1.2740844136435436,336,70
Forest Park/Highland Park,Queens,18,2843,297.73450704225354,285.4447982269928,1.043054590210075,91,46
Rossville/Woodrow,Staten Island,18,3434,386.46589902568644,285.4447982269928,1.35390766069718,121,14
Greenwich Village North,Manhattan,18,92038,247.1839287468483,285.4447982269928,0.8659605299595667,1108,660
Crown Heights North,Brooklyn,18,193155,294.9453960010387,285.4447982269928,1.0332834853991306,7271,5086
Carroll Gardens,Brooklyn,18,40349,237.9254615116684,285.4447982269928,0.8335253015277025,695,451
West Concourse,Bronx,18,72408,331.5910650543734,285.4447982269928,1.1616644167769488,1815,936
Crown Heights South,Brooklyn,18,52827,311.1621498259828,285.4447982269928,1.0900957094286892,1873,1314
Washington Heights North,Manhattan,18,63921,317.8747899027662,285.4447982269928,1.1136121305317475,1602,774
Murray Hill-Queens,Queens,18,24514,258.19755867775365,285.4447982269928,0.9045446274779494,891,269
Hamilton Heights,Manhattan,18,57228,316.20384885764497,285.4447982269928,1.1077583155191773,1896,1095
Woodhaven,Queens,18,38958,257.9613091397156,285.4447982269928,0.9037169734463976,1534,671
Clinton West,Manhattan,18,66960,278.74831639708975,285.4447982269928,0.9765401861533386,1570,915
Van Nest/Morris Park,Bronx,18,46992,268.9645586916606,285.4447982269928,0.9422647053381344,1614,697
Bronx Park,Bronx,18,6704,302.1483417986256,285.4447982269928,1.0585175966610179,133,62
West Chelsea/Hudson Yards,Manhattan,18,182545,310.63976962682625,285.4447982269928,1.0882656526106942,2011,1151
Rego Park,Queens,18,42145,314.16877737573793,285.4447982269928,1.1006288407676748,1189,555
Flushing Meadows-Corona Park,Queens,18,13463,432.27607544919107,285.4447982269928,1.5143946505041384,131,62
Central Harlem,Manhattan,18,98629,324.8915769332546,285.4447982269928,1.1381940709772287,2646,1692
Fresh Meadows,Queens,18,12437,281.4594594594595,285.4447982269928,0.9860381454057394,547,191
Glendale,Queens,18,35341,273.5206966106992,285.4447982269928,0.9582262430762137,1119,542
College Point,Queens,18,15720,320.07105852254557,285.4447982269928,1.1213063279156943,686,238
Gowanus,Brooklyn,18,36890,255.19391810955025,285.4447982269928,0.8940219604443927,808,520
Pelham Bay Park,Bronx,18,4453,400.12393162393164,285.4447982269928,1.4017559055525093,142,42
Clinton East,Manhattan,18,112786,281.4516753270023,285.4447982269928,0.9860108752207315,1851,1111
TriBeCa/Civic Center,Manhattan,18,167924,286.0317856160369,285.4447982269928,1.0020563954666195,1634,928
Sheepshead Bay,Brooklyn,18,46406,258.543660571478,285.4447982269928,0.9057571277437595,1416,577
Baisley Park,Queens,18,33446,236.14107497144232,285.4447982269928,0.8272740524199605,1847,852
Murray Hill,Manhattan,18,132329,307.4132372983303,285.4447982269928,1.0769621279063128,1861,1155
Gramercy,Manhattan,18,103996,257.6344764207981,285.4447982269928,0.9025719789642855,1416,896
Boerum Hill,Brooklyn,18,88210,297.64614438484404,285.4447982269928,1.0427450289290205,1659,1081
Arden Heights,Staten Island,18,3135,401.635571336346,285.4447982269928,1.407051639515096,129,15
Belmont,Bronx,18,40413,279.6586177771153,285.4447982269928,0.9797292489272262,1010,500
Times Sq/Theatre District,Manhattan,18,141427,311.66030689988196,285.4447982269928,1.0918409052668807,1041,556
Stuyvesant Heights,Brooklyn,18,111762,277.93899089979,285.4447982269928,0.9737048726274773,3678,2665
East New York,Brooklyn,18,145959,266.4273879443586,285.4447982269928,0.9333762240518705,6895,4013
Bronxdale,Bronx,18,27688,255.78909472465446,285.4447982269928,0.8961070452621968,887,423
Starrett City,Brooklyn,18,14145,300.2041873669269,285.4447982269928,1.051706632005944,748,431
Penn Station/Madison Sq West,Manhattan,18,83653,273.685908707696,285.4447982269928,0.9588050313323774,1086,656
Sutton Place/Turtle Bay North,Manhattan,18,87557,253.90050673730278,285.4447982269928,0.8894907467726729,1030,664
Melrose South,Bronx,18,62667,288.1693459379049,285.4447982269928,1.0095449198157938,1970,1116
Middle Village,Queens,18,30629,280.41921855042085,285.4447982269928,0.9823938649161317,926,393
Kensington,Brooklyn,18,25358,264.1056048131729,285.4447982269928,0.9252423111355825,783,415
East Chelsea,Manhattan,18,155923,281.35230378569076,285.4447982269928,0.9856627464689421,2111,1149
Pelham Parkway,Bronx,18,41257,272.4255722408514,285.4447982269928,0.9543896891202474,1286,618
Laurelton,Queens,18,23325,271.5299660112722,285.4447982269928,0.9512521079306718,1338,561
Lower East Side,Manhattan,18,112793,242.72498642380864,285.4447982269928,0.850339497974623,2017,1265
Meatpacking/West Village West,Manhattan,18,86149,231.48054927904215,285.4447982269928,0.8109468125425885,703,400
Oakwood,Staten Island,18,4591,402.7686369651522,285.4447982269928,1.4110211132481754,117,18
Two Bridges/Seward Park,Manhattan,18,56941,314.37237422771403,285.4447982269928,1.1013421025024857,1896,1066
Kew Gardens Hills,Queens,18,22034,272.01254619280076,285.4447982269928,0.9529427331742427,887,411
Dyker Heights,Brooklyn,18,27053,262.16660482374766,285.4447982269928,0.9184494040604876,681,243
Elmhurst/Maspeth,Queens,18,27748,286.93056716200994,285.4447982269928,1.0052051007558933,764,379
Windsor Terrace,Brooklyn,18,24395,249.49847824298757,285.4447982269928,0.874069101250814,445,280
Downtown Brooklyn/MetroTech,Brooklyn,18,77280,348.8207270881331,285.4447982269928,1.2220251665288437,1558,1030
Hudson Sq,Manhattan,18,58494,303.0066836191196,285.4447982269928,1.0615246292845777,534,286
UN/Turtle Bay South,Manhattan,18,84681,304.69208120254143,285.4447982269928,1.0674290899504943,1134,724
Howard Beach,Queens,18,20355,283.1619662755152,285.4447982269928,0.9920025449205692,871,346
Woodside,Queens,18,60651,248.73644986449864,285.4447982269928,0.8713994839264761,1671,805
Highbridge Park,Manhattan,18,1243,342.9572580645161,285.4447982269928,1.2014836500603803,23,15
Prospect Heights,Brooklyn,19,60433,266.50907100925343,274.9797444333524,0.9691952822141341,1227,872
Murray Hill-Queens,Queens,19,23919,260.1418091884641,274.9797444333524,0.9460398973187474,872,270
East Village,Manhattan,19,167254,213.97330927791796,274.9797444333524,0.7781420763149312,2615,1601
Little Italy/NoLiTa,Manhattan,19,108738,249.3821883327033,274.9797444333524,0.9069111212049539,1372,823
Woodside,Queens,19,57193,257.03580495491553,274.9797444333524,0.9347445044891808,1498,793
Claremont/Bathgate,Bronx,19,35220,282.02957149762574,274.9797444333524,1.0256376231594835,1203,608
Hunts Point,Bronx,19,37831,298.015162741466,274.9797444333524,1.0837713277957344,1187,582
Mariners Harbor,Staten Island,19,14599,334.3342269883825,274.9797444333524,1.215850380824745,524,103
Allerton/Pelham Gardens,Bronx,19,23447,272.9452406417112,274.9797444333524,0.992601259427913,933,439
East Flatbush/Remsen Village,Brooklyn,19,60730,303.30201718649494,274.9797444333524,1.1029976691974384,3377,2190
Norwood,Bronx,19,47826,256.7273469900716,274.9797444333524,0.9336227565383288,1531,724
Van Cortlandt Park,Bronx,19,6239,312.0410914927769,274.9797444333524,1.1347784620856216,240,105
Co-Op City,Bronx,19,53258,325.75053633934283,274.9797444333524,1.1846346610388094,1909,919
Belmont,Bronx,19,38446,275.9961114880735,274.9797444333524,1.0036961524450303,942,470
Douglaston,Queens,19,6893,383.14157995016853,274.9797444333524,1.3933447379540773,307,71
Soundview/Bruckner,Bronx,19,31991,266.54427091483836,274.9797444333524,0.9693232912995213,1016,450
Ocean Parkway South,Brooklyn,19,12540,273.4107671386289,274.9797444333524,0.9942942077498957,352,139
Kips Bay,Manhattan,19,77736,290.3239367474549,274.9797444333524,1.0558011730853927,2536,1656
Starrett City,Brooklyn,19,13360,314.5327130852341,274.9797444333524,1.1438395716505885,733,431
Williamsbridge/Olinville,Bronx,19,48892,286.1293198868528,274.9797444333524,1.040546897286839,2100,963
Crown Heights North,Brooklyn,19,190302,291.5788960970575,274.9797444333524,1.0603649977852398,7013,5011
East Concourse/Concourse Village,Bronx,19,58425,302.8035861217773,274.9797444333524,1.1011850590877563,1811,946
West Brighton,Staten Island,19,9044,354.9663146192329,274.9797444333524,1.2908816805787202,230,38
South Jamaica,Queens,19,29400,261.65670311589486,274.9797444333524,0.9515490082918211,1433,722
Steinway,Queens,19,63727,242.55353745026812,274.9797444333524,0.8820778343150163,1447,668
Upper West Side North,Manhattan,19,63013,253.49864528879255,274.9797444333524,0.9218811582328521,1800,1063
Boerum Hill,Brooklyn,19,87907,268.27546106089653,274.9797444333524,0.975618991914218,1731,1157
Great Kills,Staten Island,19,7923,393.22584355828224,274.9797444333524,1.4300174886284742,282,33
West Village,Manhattan,19,125914,213.02074282713514,274.9797444333524,0.7746779431557933,1059,611
Sheepshead Bay,Brooklyn,19,40968,263.33827631772135,274.9797444333524,0.9576642703642755,1288,550
Maspeth,Queens,19,32284,265.64550396024225,274.9797444333524,0.9660548070828087,1014,498
LaGuardia Airport,Queens,19,253313,392.7392891610107,274.9797444333524,1.4282480695817215,1062,771
Schuylerville/Edgewater Park,Bronx,19,36010,289.4833867149422,274.9797444333524,1.0527444023612622,1243,505
Midwood,Brooklyn,19,38052,270.9878113127902,274.9797444333524,0.9854828102746683,1118,515
East Flatbush/Farragut,Brooklyn,19,51307,295.8444627160784,274.9797444333524,1.0758772917100556,2864,1884
Stuy Town/Peter Cooper Village,Manhattan,19,26891,295.6963278419067,274.9797444333524,1.0753385797606465,614,345
Queensbridge/Ravenswood,Queens,19,20131,276.4214303513581,274.9797444333524,1.0052428804200708,567,292
Jamaica Estates,Queens,19,18264,259.90770245028017,274.9797444333524,0.9451885373807042,747,308
Greenwich Village South,Manhattan,19,85286,215.39733348995654,274.9797444333524,0.7833207276187683,954,583
Upper East Side South,Manhattan,19,122270,228.7945190872254,274.9797444333524,0.8320413547503277,1570,995
Soundview/Castle Hill,Bronx,19,57954,289.430538994591,274.9797444333524,1.05255221467682,2171,920
Van Cortlandt Village,Bronx,19,41984,290.335010612167,274.9797444333524,1.0558414446506126,1043,523
Long Island City/Queens Plaza,Queens,19,34254,238.12873751720502,274.9797444333524,0.8659864675047764,812,495
Lincoln Square East,Manhattan,19,91014,227.78391205492153,274.9797444333524,0.828366149384251,1474,893
Jamaica,Queens,19,105447,277.3954802796565,274.9797444333524,1.0087851410702349,4378,2184
Crotona Park East,Bronx,19,28284,293.6035844579039,274.9797444333524,1.0677280432525291,822,328
Downtown Brooklyn/MetroTech,Brooklyn,19,74202,302.87996970844375,274.9797444333524,1.1014628380449805,1649,1100
Spuyten Duyvil/Kingsbridge,Bronx,19,44936,286.79617777579557,274.9797444333524,1.0429720136906564,1065,419
Van Nest/Morris Park,Bronx,19,45020,280.8005486417771,274.9797444333524,1.0211681199297773,1770,712
Longwood,Bronx,19,24076,278.3867559585708,274.9797444333524,1.0123900454276704,753,408
Prospect-Lefferts Gardens,Brooklyn,19,102669,299.37061189425594,274.9797444333524,1.0887005968791104,4239,3064
Grymes Hill/Clifton,Staten Island,19,8162,375.7413517173458,274.9797444333524,1.3664328348680073,374,77
Glen Oaks,Queens,19,8083,331.052192326856,274.9797444333524,1.2039148301961349,428,111
Crown Heights South,Brooklyn,19,51913,304.2335079343603,274.9797444333524,1.1063851577914978,1965,1337
East Williamsburg,Brooklyn,19,106638,237.87068471532038,274.9797444333524,0.8650480245572189,2181,1500
Rossville/Woodrow,Staten Island,19,2970,393.9585175110507,274.9797444333524,1.4326819538030937,62,7
Port Richmond,Staten Island,19,8596,349.66047869235257,274.9797444333524,1.2715863105222311,296,51
Alphabet City,Manhattan,19,36515,270.4759665621735,274.9797444333524,0.9836214195323376,1426,877
Fresh Meadows,Queens,19,11676,286.92789080607776,274.9797444333524,1.0434510054453165,418,138
Westerleigh,Staten Island,19,10146,336.93455445544555,274.9797444333524,1.2253068135973533,275,56
Flatiron,Manhattan,19,95145,220.7799962050136,274.9797444333524,0.8028954883930538,1058,643
New Dorp/Midland Beach,Staten Island,19,8298,382.4061968408262,274.9797444333524,1.3906704205753275,273,52
Clinton Hill,Brooklyn,19,93465,265.3208635871256,274.9797444333524,0.9648742096763137,1919,1290
Randalls Island,Manhattan,19,3802,467.148673988749,274.9797444333524,1.6988475822151807,52,25
Far Rockaway,Queens,19,22896,410.3541337546077,274.9797444333524,1.4923067682684037,1356,367
Eltingville/Annadale/Prince's Bay,Staten Island,19,5636,393.05130496961027,274.9797444333524,1.4293827560992414,186,18
Pelham Bay Park,Bronx,19,4188,450.2645793499044,274.9797444333524,1.6374463518313302,102,31
Highbridge Park,Manhattan,19,1077,320.0523854069224,274.9797444333524,1.1639125858759185,35,18
Red Hook,Brooklyn,19,32505,295.3244493799741,274.9797444333524,1.0739861948324443,743,444
Westchester Village/Unionport,Bronx,19,26459,264.018862921859,274.9797444333524,0.9601393130462015,834,373
Forest Park/Highland Park,Queens,19,2398,303.0926931106472,274.9797444333524,1.1022364346698585,70,38
South Beach/Dongan Hills,Staten Island,19,9520,360.34380287648054,274.9797444333524,1.3104376237567494,312,52
Bedford,Brooklyn,19,121425,291.5934546655111,274.9797444333524,1.0604179419338482,3161,2168
Woodlawn/Wakefield,Bronx,19,26945,305.74429682557405,274.9797444333524,1.111879340260563,1112,445
Murray Hill,Manhattan,19,129242,280.0036274098585,274.9797444333524,1.0182700110761205,1733,1121
Marine Park/Floyd Bennett Field,Brooklyn,19,1513,383.6982131039047,274.9797444333524,1.3953690076139509,45,24
Sunnyside,Queens,19,83119,271.6501579340776,274.9797444333524,0.9878915208604327,2785,1545
Bronxdale,Bronx,19,26016,262.242072044335,274.9797444333524,0.9536777793751108,847,415
Manhattanville,Manhattan,19,28452,313.03368450724076,274.9797444333524,1.1383881571070105,831,511
Manhattan Valley,Manhattan,19,36342,278.47811168299296,274.9797444333524,1.0127222725326537,1147,742
Battery Park City,Manhattan,19,63417,305.9569887370286,274.9797444333524,1.1126528223651917,512,261
Upper East Side North,Manhattan,19,99137,247.98746252936888,274.9797444333524,0.9018390174170604,1552,972
Bloomingdale,Manhattan,19,16738,278.42222755640904,274.9797444333524,1.0125190425576638,495,322
Bath Beach,Brooklyn,19,14004,267.7252165199341,274.9797444333524,0.973617955284788,409,143
Flushing Meadows-Corona Park,Queens,19,10875,414.3871086896297,274.9797444333524,1.5069732119489474,118,56
Arrochar/Fort Wadsworth,Staten Island,19,6134,354.6725779967159,274.9797444333524,1.2898134687250715,199,45
Fort Greene,Brooklyn,19,106213,273.9058972326047,274.9797444333524,0.9960948134454027,2256,1536
Borough Park,Brooklyn,19,69259,310.1773166637727,274.9797444333524,1.1280005998367317,2147,929
Fordham South,Bronx,19,25498,305.0402073189885,274.9797444333524,1.1093188261832936,710,351
Saint Michaels Cemetery/Woodside,Queens,19,1198,274.6577629382304,274.9797444333524,0.9988290719529707,67,33
East Harlem South,Manhattan,19,81061,294.65285256291236,274.9797444333524,1.0715438446933614,2988,1846
Highbridge,Bronx,19,35624,293.3166671353449,274.9797444333524,1.0666846306799043,1312,641
East Flushing,Queens,19,12289,273.0425097911227,274.9797444333524,0.9929549914804754,591,199
Hammels/Arverne,Queens,19,18450,410.703217727446,274.9797444333524,1.4935762580395782,988,288
Sunset Park West,Brooklyn,19,76065,296.1457817357854,274.9797444333524,1.076973077948158,1984,1090
Arden Heights,Staten Island,19,3156,408.7895752895753,274.9797444333524,1.4866170456735397,200,16
Astoria,Queens,19,124217,235.60962627223898,274.9797444333524,0.8568253882036186,3272,1705
Parkchester,Bronx,19,30322,262.53561630251545,274.9797444333524,0.9547452916705541,849,368
City Island,Bronx,19,3007,457.87994634473506,274.9797444333524,1.6651406353158231,75,21
Jackson Heights,Queens,19,88413,299.03035520115986,274.9797444333524,1.0874632086714906,2526,1110
Baisley Park,Queens,19,30396,245.62506189548742,274.9797444333524,0.8932478368602901,1672,758
Williamsburg (South Side),Brooklyn,19,127153,239.86004902540336,274.9797444333524,0.8722826094688546,2002,1294
Lower East Side,Manhattan,19,128394,228.70746375906023,274.9797444333524,0.8317247666018277,2483,1499
Mott Haven/Port Morris,Bronx,19,76819,302.9482898066738,274.9797444333524,1.1017112930661708,2485,1443
Midtown South,Manhattan,19,139683,266.72412676947863,274.9797444333524,0.9699773607656593,1693,903
Melrose South,Bronx,19,57504,283.0456573260839,274.9797444333524,1.0293327528882277,1942,1067
Ozone Park,Queens,19,23017,243.65630029141838,274.9797444333524,0.8860881763982948,801,343
Hillcrest/Pomonok,Queens,19,24198,274.7813899485819,274.9797444333524,0.9992786578328551,1017,423
Bellerose,Queens,19,7802,312.79766036765653,274.9797444333524,1.13752982428664,381,107
Rosedale,Queens,19,17261,335.8363636363636,274.9797444333524,1.2213130982735394,1166,405
Columbia Street,Brooklyn,19,8505,232.922569239835,274.9797444333524,0.8470535519618577,99,58
Elmhurst,Queens,19,103176,307.3909075905989,274.9797444333524,1.1178674568340872,2733,1313
Howard Beach,Queens,19,18906,287.18431518108065,274.9797444333524,1.0443835264043833,789,326
TriBeCa/Civic Center,Manhattan,19,171739,249.5086200353792,274.9797444333524,0.9073709067172885,1606,919
University Heights/Morris Heights,Bronx,19,46160,316.24560032983965,274.9797444333524,1.1500687113573522,1388,657
Corona,Queens,19,2623,321.1252864782277,274.9797444333524,1.167814331706384,92,34
Dyker Heights,Brooklyn,19,23988,275.18282490597574,274.9797444333524,1.0007385288434312,568,229
Stuyvesant Heights,Brooklyn,19,111423,279.924281678991,274.9797444333524,1.0179814598919923,3622,2636
Windsor Terrace,Brooklyn,19,21433,250.53570425830603,274.9797444333524,0.911106033553788,451,280
Yorkville East,Manhattan,19,47219,284.9401008961451,274.9797444333524,1.0362221460468586,1105,686
West Farms/Bronx River,Bronx,19,27923,271.0644478714629,274.9797444333524,0.9857615091978587,815,387
Elmhurst/Maspeth,Queens,19,25810,285.88311537118244,274.9797444333524,1.0396515421901293,698,331
Laurelton,Queens,19,19518,288.13499486125386,274.9797444333524,1.0478407980740923,1106,491
Mount Hope,Bronx,19,57930,296.34163079742086,274.9797444333524,1.0776853088146134,1677,816
Park Slope,Brooklyn,19,148374,232.95514314079057,274.9797444333524,0.8471720112360951,2666,1748
Hollis,Queens,19,12741,260.85616492249585,274.9797444333524,0.9486377458821165,732,312
Charleston/Tottenville,Staten Island,19,5277,430.017033492823,274.9797444333524,1.563813488804254,155,20
Oakland Gardens,Queens,19,7795,299.8802944214876,274.9797444333524,1.0905541244117725,355,99
East Elmhurst,Queens,19,25658,279.8243973074515,274.9797444333524,1.0176182172402641,696,308
Middle Village,Queens,19,27679,285.2421498678063,274.9797444333524,1.0373205868512299,843,382
Bloomfield/Emerson Hill,Staten Island,19,15415,369.9011813850271,274.9797444333524,1.345194287482077,737,155
Gramercy,Manhattan,19,108380,239.11850508116913,274.9797444333524,0.869585887403881,1409,896
Old Astoria,Queens,19,45786,249.43000372145968,274.9797444333524,0.9070850081538088,1244,616
Crotona Park,Bronx,19,1582,295.35,274.9797444333524,1.0740791130220315,45,20
Bushwick North,Brooklyn,19,101223,247.80934710760158,274.9797444333524,0.9011912772639289,2828,1825
Lenox Hill West,Manhattan,19,95765,254.06565127151512,274.9797444333524,0.9239431500493438,1882,1284
Gravesend,Brooklyn,19,17016,262.0561089173101,274.9797444333524,0.9530015000098503,522,245
Kew Gardens Hills,Queens,19,19258,272.99692387904065,274.9797444333524,0.9927892123167191,727,303
Central Park,Manhattan,19,21454,253.6902468674023,274.9797444333524,0.9225779425687477,303,190
Inwood,Manhattan,19,39975,268.1737322108639,274.9797444333524,0.9752490415739037,1013,509
SoHo,Manhattan,19,95123,240.71259452741558,274.9797444333524,0.8753830032952037,945,553
Times Sq/Theatre District,Manhattan,19,138793,276.2473066047995,274.9797444333524,1.0046096565187344,1057,568
Glendale,Queens,19,31541,276.3253413782153,274.9797444333524,1.0048934402337006,939,506
South Ozone Park,Queens,19,80740,211.91519325020164,274.9797444333524,0.770657466741388,2952,1120
Marine Park/Mill Basin,Brooklyn,19,39533,336.4967005076142,274.9797444333524,1.2237145001390162,1849,1005
Richmond Hill,Queens,19,49251,265.4182350906464,274.9797444333524,0.9652283139530541,1792,758
Forest Hills,Queens,19,96420,293.5946117439018,274.9797444333524,1.067695412798164,2727,1184
Kensington,Brooklyn,19,23816,265.29396667788626,274.9797444333524,0.9647763955289671,690,348
Eastchester,Bronx,19,26449,292.831938501155,274.9797444333524,1.0649218512606826,1210,544
Garment District,Manhattan,19,65029,294.39505238109956,274.9797444333524,1.0706063204319143,921,502
Corona,Queens,19,32957,293.707202140273,274.9797444333524,1.0681048625800134,1144,571
Brooklyn Navy Yard,Brooklyn,19,13806,316.546477033597,274.9797444333524,1.15116288905534,336,228
Coney Island,Brooklyn,19,33228,297.26369180605036,274.9797444333524,1.081038504921947,1383,618
East Harlem North,Manhattan,19,90074,317.7202819002661,274.9797444333524,1.1554315848063235,2816,1822
Carroll Gardens,Brooklyn,19,37375,230.452802359882,274.9797444333524,0.8380719199327699,438,262
Roosevelt Island,Manhattan,19,8584,385.05293359878203,274.9797444333524,1.4002956268370101,310,108
Queens Village,Queens,19,27789,264.57877453810625,274.9797444333524,0.9621755052661086,1583,603
Springfield Gardens North,Queens,19,20892,276.9700567144093,274.9797444333524,1.007238032332739,1256,535
Bensonhurst East,Brooklyn,19,32967,272.8566562243377,274.9797444333524,0.9922791105454342,902,314
Kew Gardens,Queens,19,26705,259.87700916328674,274.9797444333524,0.9450769172064376,950,396
Heartland Village/Todt Hill,Staten Island,19,15962,397.1142587346553,274.9797444333524,1.4441582217373288,542,109
Union Sq,Manhattan,19,163078,238.41671379047526,274.9797444333524,0.8670337310909131,1602,1004
Meatpacking/West Village West,Manhattan,19,86362,215.87311111626934,274.9797444333524,0.7850509555208024,664,345
Woodhaven,Queens,19,36341,260.8968074547861,274.9797444333524,0.9487855477952136,1516,690
Canarsie,Brooklyn,19,86487,296.9953183846109,274.9797444333524,1.0800625296842348,5112,2917
JFK Airport,Queens,19,181900,366.5911518555225,274.9797444333524,1.3331569298347874,1189,587
Country Club,Bronx,19,3257,338.43900928792567,274.9797444333524,1.2307779614289156,129,48
Flushing,Queens,19,75942,317.5622248952454,274.9797444333524,1.1548567897233384,2153,768
Manhattan Beach,Brooklyn,19,12767,272.98289391086,274.9797444333524,0.9927381904925133,319,134
Bensonhurst West,Brooklyn,19,46029,280.1397106879875,274.9797444333524,1.0187648958117559,1583,537
Washington Heights North,Manhattan,19,59121,299.1996975566656,274.9797444333524,1.0880790444155188,1471,692
Saint Albans,Queens,19,42560,278.4334008669431,274.9797444333524,1.0125596757706923,2644,1154
East Tremont,Bronx,19,50013,275.79307305542756,274.9797444333524,1.002957776485505,1597,721
Kingsbridge Heights,Bronx,19,30139,298.683141660573,274.9797444333524,1.0862005209731573,791,376
Hudson Sq,Manhattan,19,53091,249.20834907442386,274.9797444333524,0.9062789318826544,476,261
East New York,Brooklyn,19,134043,284.06858719795383,274.9797444333524,1.033052771880819,6157,3597
Chinatown,Manhattan,19,35025,267.6829393922051,274.9797444333524,0.9734642089504313,886,525
Morningside Heights,Manhattan,19,56464,280.21916979520665,274.9797444333524,1.0190538593038956,1638,1086
Auburndale,Queens,19,9663,266.25447730112455,274.9797444333524,0.9682694187158843,363,99
Bay Ridge,Brooklyn,19,71716,257.85500887330045,274.9797444333524,0.9377236472623077,1851,730
Brownsville,Brooklyn,19,73160,300.7364925924912,274.9797444333524,1.0936678016492285,3708,2435
Brooklyn Heights,Brooklyn,19,76200,270.3247838502941,274.9797444333524,0.9830716237203192,1045,593
Yorkville West,Manhattan,19,70602,253.62817177704807,274.9797444333524,0.9223521983399059,1819,1172
Erasmus,Brooklyn,19,43773,296.2824340102104,274.9797444333524,1.077470031913646,2284,1608
Morrisania/Melrose,Bronx,19,41599,277.87477112845716,274.9797444333524,1.0105281452678287,1403,743
UN/Turtle Bay South,Manhattan,19,76917,285.26692269509107,274.9797444333524,1.0374106764952356,1036,641
Pelham Parkway,Bronx,19,37038,274.25667595573714,274.9797444333524,0.9973704663988787,1144,495
Central Harlem,Manhattan,19,90716,311.589517430422,274.9797444333524,1.1331362536266478,2454,1622
West Chelsea/Hudson Yards,Manhattan,19,165431,273.3750893863551,274.9797444333524,0.9941644609121885,1936,1128
Queensboro Hill,Queens,19,16340,262.1823255243469,274.9797444333524,0.9534605032986084,546,197
Madison,Brooklyn,19,33906,263.7980192165558,274.9797444333524,0.9593361858712953,993,397
Prospect Park,Brooklyn,19,9545,295.86014059385167,274.9797444333524,1.0759343063741924,229,170
Two Bridges/Seward Park,Manhattan,19,56584,303.5545373980858,274.9797444333524,1.1039159921528663,1936,1085
Inwood Hill Park,Manhattan,19,5216,263.6764705882353,274.9797444333524,0.9588941583009701,157,76
Saint George/New Brighton,Staten Island,19,24868,325.6607790950883,274.9797444333524,1.1843082470171529,698,137
Flatbush/Ditmas Park,Brooklyn,19,108517,284.7520962618203,274.9797444333524,1.0355384424718472,4668,3042
Greenwich Village North,Manhattan,19,89133,228.1848652539704,274.9797444333524,0.8298242684172551,1068,657
Sunset Park East,Brooklyn,19,29352,293.2852164406027,274.9797444333524,1.0665702560927612,948,422
Clinton East,Manhattan,19,110889,242.93497682602742,274.9797444333524,0.8834649887635934,1972,1179
Cypress Hills,Brooklyn,19,37273,255.35229288747917,274.9797444333524,0.9286221914769784,1567,830
South Williamsburg,Brooklyn,19,22332,327.63101172032873,274.9797444333524,1.1914732570410749,440,263
Washington Heights South,Manhattan,19,95666,294.6138512168026,274.9797444333524,1.0714020111696225,2488,1370
Rego Park,Queens,19,39607,306.98721486619917,274.9797444333524,1.116399375156902,1048,477
Midtown Center,Manhattan,19,187666,264.7089004787046,274.9797444333524,0.9626487253604341,1245,723
Gowanus,Brooklyn,19,33340,242.24860083047483,274.9797444333524,0.8809688921984917,689,415
Penn Station/Madison Sq West,Manhattan,19,81104,246.8056467091821,274.9797444333524,0.8975411887801833,1162,688
Bayside,Queens,19,23398,273.93919093017263,274.9797444333524,0.9962158903546732,971,292
World Trade Center,Manhattan,19,54392,305.31716094266153,274.9797444333524,1.1103260044547103,599,329
Ocean Hill,Brooklyn,19,54328,291.0009778597786,274.9797444333524,1.058263322120111,2522,1728
Cambria Heights,Queens,19,11308,273.8232685998049,274.9797444333524,0.9957943235567019,747,321
Rockaway Park,Queens,19,10143,408.28301139177813,274.9797444333524,1.4847748594469103,375,151
Bay Terrace/Fort Totten,Queens,19,8463,350.41476462196863,274.9797444333524,1.274329370492595,306,98
Financial District North,Manhattan,19,91820,271.042982887759,274.9797444333524,0.9856834489620107,1201,702
Bronx Park,Bronx,19,4845,284.2546545304096,274.9797444333524,1.0337294302028315,89,48
Ridgewood,Queens,19,87965,262.300826898107,274.9797444333524,0.953891449127016,2574,1448
Long Island City/Hunters Point,Queens,19,126791,259.92142456045997,274.9797444333524,0.9452384396388072,2644,1437
DUMBO/Vinegar Hill,Brooklyn,19,63864,287.2846832146107,274.9797444333524,1.044748527956541,934,566
North Corona,Queens,19,29439,329.3418242415998,274.9797444333524,1.1976948517436101,1009,406
Cobble Hill,Brooklyn,19,25076,230.69181585677748,274.9797444333524,0.838941123944098,342,217
Clinton West,Manhattan,19,64648,248.66211954072992,274.9797444333524,0.9042924963551229,1350,835
Greenpoint,Brooklyn,19,149075,231.54033856844285,274.9797444333524,0.8420268883643607,2815,1673
East Chelsea,Manhattan,19,148143,251.58305082447384,274.9797444333524,0.9149148470659472,1979,1090
Brighton Beach,Brooklyn,19,30229,268.98523752653927,274.9797444333524,0.9782001873659243,947,384
Whitestone,Queens,19,17718,330.9360567375887,274.9797444333524,1.203492487854132,769,236
Bushwick South,Brooklyn,19,141902,255.24104411712761,274.9797444333524,0.9282176206945713,4588,3147
Marble Hill,Manhattan,19,14909,301.2811471556182,274.9797444333524,1.0956485095891875,331,132
Oakwood,Staten Island,19,3846,405.52737752161386,274.9797444333524,1.4747536345168968,93,19
Riverdale/North Riverdale/Fieldston,Bronx,19,19358,320.70400539587007,274.9797444333524,1.1662822876526457,585,210
Hamilton Heights,Manhattan,19,52578,300.99618728076865,274.9797444333524,1.0946122155325588,1588,944
Central Harlem North,Manhattan,19,107227,316.1188420708039,274.9797444333524,1.1496077382798737,3248,2010
Flatlands,Brooklyn,19,58000,293.9499377679436,274.9797444333524,1.068987602609359,3125,1967
Lincoln Square West,Manhattan,19,65234,242.15811913190703,274.9797444333524,0.8806398436034607,1495,842
West Concourse,Bronx,19,68503,326.29619775753946,274.9797444333524,1.1866190305396287,1635,829
Sutton Place/Turtle Bay North,Manhattan,19,84218,243.3412212102427,274.9797444333524,0.8849423498872369,1054,664
Lenox Hill East,Manhattan,19,83760,286.3094555530233,274.9797444333524,1.0412019843244016,3267,2349
Midtown North,Manhattan,19,122317,230.157110120001,274.9797444333524,0.8369965962194166,898,534
Upper West Side South,Manhattan,19,77475,231.60134329132308,274.9797444333524,0.8422487400611318,1467,846
Homecrest,Brooklyn,19,39607,258.11751752765196,274.9797444333524,0.938678294503298,858,305
Midtown East,Manhattan,19,121682,248.09346781781863,274.9797444333524,0.9022245195880227,1096,710
Breezy Point/Fort Tilden/Riis Beach,Queens,19,1609,605.3179810725552,274.9797444333524,2.201318436454027,10,3
Seaport,Manhattan,19,31645,283.25315532441175,274.9797444333524,1.0300873466447804,455,244
Briarwood/Jamaica Hills,Queens,19,26251,276.1059084138563,274.9797444333524,1.0040954434037481,1047,495
Springfield Gardens South,Queens,19,16026,298.79823518367857,274.9797444333524,1.086619073704533,1227,487
Bedford Park,Bronx,19,57793,293.22051406485605,274.9797444333524,1.0663349573951064,1427,693
College Point,Queens,19,15481,334.7015564202335,274.9797444333524,1.2171862226068657,698,246
Financial District South,Manhattan,19,33632,280.84098570959753,274.9797444333524,1.0213151746443119,410,252
Pelham Bay,Bronx,19,15169,292.2687710493297,274.9797444333524,1.062873818766559,513,210
Stapleton,Staten Island,19,15388,339.44923096976015,274.9797444333524,1.2344517654173375,445,88
Williamsburg (North Side),Brooklyn,19,157604,225.34157100542822,274.9797444333524,0.8194842549940797,2569,1582
East New York/Pennsylvania Avenue,Brooklyn,19,32655,283.97445580424306,274.9797444333524,1.0327104506894715,1496,964
Queensbridge/Ravenswood,Queens,20,18000,260.56115909724156,272.9284125681674,0.9546868229857272,646,375
Gowanus,Brooklyn,20,31303,249.25668397768803,272.9284125681674,0.9132676280650441,710,480
Stapleton,Staten Island,20,13807,347.48806154292765,272.9284125681674,1.2731839029626058,555,133
Flatiron,Manhattan,20,84275,211.6268308921438,272.9284125681674,0.7753931842449245,1172,820
Jamaica Estates,Queens,20,15602,267.6219661366124,272.9284125681674,0.9805573689392648,757,377
Central Harlem North,Manhattan,20,99172,317.4232988711356,272.9284125681674,1.1630276814505527,3579,2341
Bensonhurst West,Brooklyn,20,41194,275.66934717450107,272.9284125681674,1.0100426869468897,1640,668
Ocean Hill,Brooklyn,20,50914,293.60376876020376,272.9284125681674,1.0757537699995687,2525,1801
Howard Beach,Queens,20,18429,313.23864439971715,272.9284125681674,1.1476952562477596,1038,466
Flushing,Queens,20,73537,322.255641046629,272.9284125681674,1.1807332113732993,2508,1026
Starrett City,Brooklyn,20,11963,339.4425528346193,272.9284125681674,1.2437054451039944,826,525
Upper West Side North,Manhattan,20,52886,242.86157436393648,272.9284125681674,0.8898361738108841,1765,1150
Washington Heights North,Manhattan,20,56569,286.45708519226685,272.9284125681674,1.0495685754986044,1790,928
Briarwood/Jamaica Hills,Queens,20,22674,278.9433636926342,272.9284125681674,1.02203856706551,1043,514
Mariners Harbor,Staten Island,20,11973,361.0751319205964,272.9284125681674,1.3229664457540242,525,115
Great Kills,Staten Island,20,6779,432.3434057755284,272.9284125681674,1.5840908672985634,267,41
Flatlands,Brooklyn,20,51188,300.69735940650264,272.9284125681674,1.101744433923308,3029,1987
Garment District,Manhattan,20,63066,277.5783396946565,272.9284125681674,1.017037167668748,1112,740
Prospect Park,Brooklyn,20,8963,283.22334004024145,272.9284125681674,1.0377202482336014,270,204
Randalls Island,Manhattan,20,3971,502.04641567818464,272.9284125681674,1.8394802173730889,47,21
New Dorp/Midland Beach,Staten Island,20,8017,420.4244360902256,272.9284125681674,1.5404201861366087,323,68
Williamsbridge/Olinville,Bronx,20,45711,291.15802274370606,272.9284125681674,1.0667926435507538,2281,1156
Queensboro Hill,Queens,20,14334,279.207774049217,272.9284125681674,1.0230073572112293,521,235
Dyker Heights,Brooklyn,20,21368,278.5140616930372,272.9284125681674,1.020465619802316,574,235
East Concourse/Concourse Village,Bronx,20,56256,306.9924177701837,272.9284125681674,1.1248093039544147,1913,1039
LaGuardia Airport,Queens,20,261713,453.49578168900865,272.9284125681674,1.6615924205976254,1192,922
Chinatown,Manhattan,20,39595,252.05372454786897,272.9284125681674,0.9235158852686886,876,585
Greenpoint,Brooklyn,20,134107,217.67336638394457,272.9284125681674,0.7975474753094013,2821,1782
Fordham South,Bronx,20,24798,300.92434396447317,272.9284125681674,1.102576097273542,904,497
Brownsville,Brooklyn,20,69115,307.0397940685955,272.9284125681674,1.1249828890273867,3289,2317
Crown Heights South,Brooklyn,20,48640,286.5749670293439,272.9284125681674,1.050000490358504,2057,1564
Woodlawn/Wakefield,Bronx,20,24740,315.122707582689,272.9284125681674,1.1545983967645106,1213,564
Sunnyside,Queens,20,70977,262.3318801320579,272.9284125681674,0.9611746819013837,2670,1616
Yorkville East,Manhattan,20,37345,261.9881822088526,272.9284125681674,0.9599153849305362,1232,841
Morrisania/Melrose,Bronx,20,37647,285.55674353041303,272.9284125681674,1.0462697556601643,1496,896
Eastchester,Bronx,20,24983,304.2834456207892,272.9284125681674,1.1148837263133624,1228,602
Inwood Hill Park,Manhattan,20,4363,262.4077558513079,272.9284125681674,0.9614526878390435,103,40
East Harlem South,Manhattan,20,68129,291.8870355102762,272.9284125681674,1.0694637204082722,3147,2198
Brooklyn Navy Yard,Brooklyn,20,12691,285.374674556213,272.9284125681674,1.0456026614119442,352,241
Prospect Heights,Brooklyn,20,54292,250.16613489238486,272.9284125681674,0.9165998238820322,1371,1052
Bensonhurst East,Brooklyn,20,27447,272.1663016498759,272.9284125681674,0.9972076526913402,875,354
Douglaston,Queens,20,6337,412.54756233126886,272.9284125681674,1.5115596007368042,467,163
Van Nest/Morris Park,Bronx,20,38502,294.1710485214494,272.9284125681674,1.077832262875806,1617,790
Longwood,Bronx,20,23565,288.54245062646,272.9284125681674,1.0572092803067645,871,509
Saint Albans,Queens,20,38448,288.3127069806253,272.9284125681674,1.0563675077566923,2713,1425
Bedford,Brooklyn,20,112879,265.72178983147114,272.9284125681674,0.9735951905157683,3547,2566
Greenwich Village North,Manhattan,20,85696,216.1403453395527,272.9284125681674,0.7919305407075156,1230,867
Corona,Queens,20,31705,306.1079979783941,272.9284125681674,1.1215688212818065,1467,811
Saint George/New Brighton,Staten Island,20,21927,345.56074809090495,272.9284125681674,1.266122294997765,974,240
Red Hook,Brooklyn,20,30726,316.1790387313603,272.9284125681674,1.1584687565366267,758,471
West Farms/Bronx River,Bronx,20,27056,272.04140304140304,272.9284125681674,0.9967500286305193,908,472
Whitestone,Queens,20,15870,349.95182703249463,272.9284125681674,1.2822110521200853,941,323
Cypress Hills,Brooklyn,20,35085,265.13565659160315,272.9284125681674,0.9714476191641722,1723,971
North Corona,Queens,20,28795,336.4877124682818,272.9284125681674,1.2328790150576194,1152,519
College Point,Queens,20,14044,342.80850303679887,272.9284125681674,1.2560381669723668,883,351
Auburndale,Queens,20,7933,289.2453832532254,272.9284125681674,1.0597848004592876,363,137
Carroll Gardens,Brooklyn,20,32567,233.94005290354332,272.9284125681674,0.8571480363742406,453,297
Financial District North,Manhattan,20,88737,257.48832451738326,272.9284125681674,0.9434280663361577,1305,815
Glendale,Queens,20,28532,282.2313011126321,272.9284125681674,1.0340854528736219,1034,521
Kensington,Brooklyn,20,20521,256.79201444818665,272.9284125681674,0.9408768109991096,707,392
UN/Turtle Bay South,Manhattan,20,68551,269.41620704285106,272.9284125681674,0.9871314038275911,1152,830
Pelham Parkway,Bronx,20,33777,287.11315547378103,272.9284125681674,1.0519723936842627,1316,675
Cobble Hill,Brooklyn,20,22568,224.37302044980703,272.9284125681674,0.8220947696083747,363,255
Upper East Side North,Manhattan,20,82005,239.250058050718,272.9284125681674,0.8766037064424804,1831,1285
Union Sq,Manhattan,20,164615,225.21840241438898,272.9284125681674,0.8251922190700383,1877,1306
Inwood,Manhattan,20,38208,263.2556140764615,272.9284125681674,0.9645592102314008,1007,524
Claremont/Bathgate,Bronx,20,33188,286.31737647520447,272.9284125681674,1.0490566877264675,1260,652
World Trade Center,Manhattan,20,56400,277.5852843997584,272.9284125681674,1.0170626128213305,688,434
Manhattan Valley,Manhattan,20,31370,266.7916759973128,272.9284125681674,0.9775152153888635,1250,857
Elmhurst,Queens,20,98811,299.7294336984386,272.9284125681674,1.0981979885424251,3300,1741
Brighton Beach,Brooklyn,20,24826,274.9504782661339,272.9284125681674,1.0074087768251738,859,335
South Williamsburg,Brooklyn,20,21438,291.12915595043256,272.9284125681674,1.0666868766465247,520,283
Jamaica,Queens,20,96460,270.7433700911677,272.9284125681674,0.991994082050897,5005,2851
Riverdale/North Riverdale/Fieldston,Bronx,20,17774,340.4690605239386,272.9284125681674,1.247466532781383,585,234
Lenox Hill East,Manhattan,20,67508,267.07204944948813,272.9284125681674,0.9785424937492847,3220,2434
Rossville/Woodrow,Staten Island,20,2516,443.3772,272.9284125681674,1.6245182970434082,95,9
Williamsburg (North Side),Brooklyn,20,153966,210.04361737411313,272.9284125681674,0.7695923462041608,2989,2026
East Elmhurst,Queens,20,23432,300.87698429677806,272.9284125681674,1.1024025731349247,679,355
Parkchester,Bronx,20,27185,264.6988276065477,272.9284125681674,0.9698470932938714,1018,502
Ridgewood,Queens,20,81410,257.8836048312171,272.9284125681674,0.9448763593523167,2943,1747
Meatpacking/West Village West,Manhattan,20,83843,210.7370873508011,272.9284125681674,0.7721331955432335,683,435
Clinton East,Manhattan,20,103643,231.85588656878318,272.9284125681674,0.8495117250237704,2082,1448
Homecrest,Brooklyn,20,34024,259.1292661361627,272.9284125681674,0.94944041808561,978,429
Spuyten Duyvil/Kingsbridge,Bronx,20,39265,284.4785215040049,272.9284125681674,1.0423191884903251,1205,544
Cambria Heights,Queens,20,10007,291.47507008410093,272.9284125681674,1.067954293733714,836,393
Yorkville West,Manhattan,20,63211,237.01452400583497,272.9284125681674,0.8684127891838214,1916,1369
Ocean Parkway South,Brooklyn,20,10902,270.7505299050779,272.9284125681674,0.9920203153545051,430,200
Bayside,Queens,20,21102,286.36652572568767,272.9284125681674,1.049236768832794,963,344
West Chelsea/Hudson Yards,Manhattan,20,158343,270.4887114328381,272.9284125681674,0.9910610217808673,1802,1186
Marine Park/Floyd Bennett Field,Brooklyn,20,1352,403.00964391691394,272.9284125681674,1.476613006776116,38,16
Park Slope,Brooklyn,20,139571,237.54598233187653,272.9284125681674,0.8703600335950599,3077,2201
West Brighton,Staten Island,20,8121,378.7786287831995,272.9284125681674,1.3878314288315243,249,56
Murray Hill-Queens,Queens,20,21690,272.7277014842558,272.9284125681674,0.9992646017245953,993,378
Marine Park/Mill Basin,Brooklyn,20,35447,348.3419154052907,272.9284125681674,1.2763123931565308,1755,978
Stuyvesant Heights,Brooklyn,20,104166,266.9648763509096,272.9284125681674,0.9781498153265068,3870,2914
Soundview/Bruckner,Bronx,20,30158,269.153623862353,272.9284125681674,0.9861693083900834,1202,591
Grymes Hill/Clifton,Staten Island,20,7587,377.2882680084746,272.9284125681674,1.3823707999409625,402,78
Sheepshead Bay,Brooklyn,20,34282,270.61794301760955,272.9284125681674,0.9915345217127924,1280,540
Bushwick South,Brooklyn,20,138878,241.80902532284827,272.9284125681674,0.8859796715464842,5128,3718
Clinton Hill,Brooklyn,20,83598,244.01759010736197,272.9284125681674,0.8940717743940104,2056,1489
Central Park,Manhattan,20,19316,262.1921440431714,272.9284125681674,0.9606626938398565,315,223
Manhattan Beach,Brooklyn,20,12452,284.84408688656475,272.9284125681674,1.0436586070547758,391,168
East Village,Manhattan,20,180546,197.3715811835442,272.9284125681674,0.7231624561413081,3079,2222
Laurelton,Queens,20,17805,294.7317608646701,272.9284125681674,1.0798866929658963,1134,519
Downtown Brooklyn/MetroTech,Brooklyn,20,66259,277.59693452966366,272.9284125681674,1.0171052984830966,1738,1228
Financial District South,Manhattan,20,36063,262.339703468803,272.9284125681674,0.9612033463290681,401,245
Springfield Gardens North,Queens,20,19271,291.03709694250233,272.9284125681674,1.0663495757145183,1299,638
TriBeCa/Civic Center,Manhattan,20,162787,225.30563964363063,272.9284125681674,0.8255118531763622,1759,1156
Upper West Side South,Manhattan,20,67170,223.2740893286177,272.9284125681674,0.8180683250515448,1649,1101
Charleston/Tottenville,Staten Island,20,4710,452.69726729291204,272.9284125681674,1.6586666922405708,159,10
Highbridge Park,Manhattan,20,1127,317.33806566104704,272.9284125681674,1.162715389999155,42,27
Fort Greene,Brooklyn,20,99999,256.03458435636617,272.9284125681674,0.9381016140722184,2108,1539
East New York/Pennsylvania Avenue,Brooklyn,20,30678,287.5913736245796,272.9284125681674,1.0537245679863028,1477,951
Forest Hills,Queens,20,80660,290.9591098402437,272.9284125681674,1.0660638337445827,2834,1327
Melrose South,Bronx,20,52907,291.38214136978,272.9284125681674,1.0676138062284137,2117,1291
Springfield Gardens South,Queens,20,13182,310.853949669277,272.9284125681674,1.1389578195404524,1069,526
Crown Heights North,Brooklyn,20,174577,280.71642364876885,272.9284125681674,1.0285349957057193,7049,5236
Williamsburg (South Side),Brooklyn,20,125326,224.57965443385973,272.9284125681674,0.8228518691793147,2303,1627
East Chelsea,Manhattan,20,139445,237.76368465375396,272.9284125681674,0.8711576871622678,1949,1349
Mount Hope,Bronx,20,52470,294.9258877630851,272.9284125681674,1.0805979670197345,1650,832
Fresh Meadows,Queens,20,11057,295.34684072160275,272.9284125681674,1.0821403236932543,481,174
Schuylerville/Edgewater Park,Bronx,20,36310,314.9439737256092,272.9284125681674,1.153943522266843,1516,771
Midtown Center,Manhattan,20,199999,314.6224621229207,272.9284125681674,1.1527655151855605,1066,712
Hollis,Queens,20,10500,267.0771725651054,272.9284125681674,0.9785612646627599,727,329
Penn Station/Madison Sq West,Manhattan,20,72526,233.84787929913844,272.9284125681674,0.8568103155648257,1183,802
Sutton Place/Turtle Bay North,Manhattan,20,77890,231.4177400882758,272.9284125681674,0.8479063718969758,1234,880
Lincoln Square West,Manhattan,20,50570,227.08866985304326,272.9284125681674,0.8320448124701012,1418,932
Ozone Park,Queens,20,20960,252.92891946116364,272.9284125681674,0.926722568314471,814,368
Arden Heights,Staten Island,20,2472,437.9105757452021,272.9284125681674,1.6044887801332457,122,11
East New York,Brooklyn,20,124628,300.05973031248993,272.9284125681674,1.0994081835930003,6697,4135
Bath Beach,Brooklyn,20,12415,261.5658808331988,272.9284125681674,0.9583680877045709,478,220
Lincoln Square East,Manhattan,20,80514,224.76113062760047,272.9284125681674,0.8235167915010075,1549,981
Canarsie,Brooklyn,20,78629,303.91553352279243,272.9284125681674,1.1135357094669855,5293,3207
Bloomfield/Emerson Hill,Staten Island,20,14917,420.2767032818923,272.9284125681674,1.5398788983793426,787,185
Belmont,Bronx,20,36819,276.08578117768764,272.9284125681674,1.0115684863287424,989,537
Midtown East,Manhattan,20,144591,274.9188644066622,272.9284125681674,1.007292944768063,1100,770
Clinton West,Manhattan,20,55444,237.38467941873722,272.9284125681674,0.8697690254562533,1390,983
Upper East Side South,Manhattan,20,108946,226.40848462563773,272.9284125681674,0.8295526379800757,1768,1247
Mott Haven/Port Morris,Bronx,20,72626,309.5193585748559,272.9284125681674,1.1340679252203156,2786,1743
Brooklyn Heights,Brooklyn,20,67349,257.76586599241466,272.9284125681674,0.944444968433011,1080,702
Baisley Park,Queens,20,27790,262.26430271986146,272.9284125681674,0.9609270806657315,1829,894
Little Italy/NoLiTa,Manhattan,20,108080,228.08062362041142,272.9284125681674,0.8356792958059848,1499,981
East Harlem North,Manhattan,20,82941,321.7412192704682,272.9284125681674,1.1788483882751093,2971,2037
Hammels/Arverne,Queens,20,18330,426.6093767115785,272.9284125681674,1.5630815886749323,1200,413
Boerum Hill,Brooklyn,20,78132,255.57333760820777,272.9284125681674,0.9364116223860534,1674,1195
Bay Terrace/Fort Totten,Queens,20,7833,383.11626714523777,272.9284125681674,1.4037243815703853,367,136
Long Island City/Hunters Point,Queens,20,115036,236.1748610070237,272.9284125681674,0.8653362938094105,2856,1606
Steinway,Queens,20,57887,244.45715175528142,272.9284125681674,0.8956823126438882,1583,771
Maspeth,Queens,20,30825,272.7814844891993,272.9284125681674,0.9994616607425164,1157,701
Marble Hill,Manhattan,20,13866,295.45423704345313,272.9284125681674,1.0825338199981638,307,161
Coney Island,Brooklyn,20,31195,305.8798764995337,272.9284125681674,1.1207329922938536,1557,735
Kew Gardens Hills,Queens,20,17812,283.1376333164043,272.9284125681674,1.037406221844664,865,395
Morningside Heights,Manhattan,20,52442,273.38377083732513,272.9284125681674,1.0016684165084644,1712,1116
Forest Park/Highland Park,Queens,20,2207,306.03227272727275,272.9284125681674,1.1212913666540205,67,36
Midtown South,Manhattan,20,135741,253.07705772866936,272.9284125681674,0.9272653416597295,1685,1119
Van Cortlandt Village,Bronx,20,40199,297.6296167160611,272.9284125681674,1.0905043337755254,1310,698
Elmhurst/Maspeth,Queens,20,23794,281.19518660327344,272.9284125681674,1.0302891661491684,878,441
Washington Heights South,Manhattan,20,87178,282.72287467536944,272.9284125681674,1.0358865609301697,2939,1694
Hamilton Heights,Manhattan,20,50518,297.6348129636241,272.9284125681674,1.0905233726418495,1711,1043
Alphabet City,Manhattan,20,34738,248.62371952099264,272.9284125681674,0.9109484688000214,1462,998
Oakwood,Staten Island,20,3497,441.78052995391704,272.9284125681674,1.6186681547622919,152,24
South Beach/Dongan Hills,Staten Island,20,8024,401.2115601151007,272.9284125681674,1.470024891655034,372,74
Windsor Terrace,Brooklyn,20,17738,245.85308244335198,272.9284125681674,0.9007969530542995,385,238
Westerleigh,Staten Island,20,7958,356.78113159888863,272.9284125681674,1.3072333812434347,439,113
Far Rockaway,Queens,20,19328,426.61977621649754,272.9284125681674,1.5631196920912136,1501,514
Richmond Hill,Queens,20,42825,268.27190028530003,272.9284125681674,0.9829387045524095,1784,814
South Jamaica,Queens,20,26892,273.025056862672,272.9284125681674,1.0003541012589903,1493,838
South Ozone Park,Queens,20,70386,222.99920307385798,272.9284125681674,0.8170611515873638,2977,1253
East Flatbush/Remsen Village,Brooklyn,20,56403,305.75078136098875,272.9284125681674,1.1202599922960514,3363,2317
Pelham Bay Park,Bronx,20,3112,433.6515297906602,272.9284125681674,1.5888837871811903,116,41
Flatbush/Ditmas Park,Brooklyn,20,97409,274.60245585528145,272.9284125681674,1.0061336350853392,4640,3078
Old Astoria,Queens,20,38904,244.19059514305582,272.9284125681674,0.8947056586938015,1626,903
Kew Gardens,Queens,20,22153,259.8327981547646,272.9284125681674,0.9520181343885111,797,383
JFK Airport,Queens,20,207189,405.26107905394304,272.9284125681674,1.4848621850710535,1514,899
Lenox Hill West,Manhattan,20,78867,231.47348893943052,272.9284125681674,0.8481106337055216,1979,1471
Two Bridges/Seward Park,Manhattan,20,52972,282.2182770883777,272.9284125681674,1.0340377333118076,1991,1244
Lower East Side,Manhattan,20,137937,215.06480002323622,272.9284125681674,0.7879897809082849,2548,1825
Woodhaven,Queens,20,33162,266.6452772073922,272.9284125681674,0.976978815427632,1615,775
Central Harlem,Manhattan,20,83430,304.4471317233677,272.9284125681674,1.1154834663735425,2602,1728
Bay Ridge,Brooklyn,20,63696,255.67772027245985,272.9284125681674,0.9367940767566698,2083,966
East Flushing,Queens,20,10878,291.93910640257945,272.9284125681674,1.069654506306352,569,238
Sunset Park West,Brooklyn,20,65951,301.14723795926426,272.9284125681674,1.103392772945722,2077,1199
Bushwick North,Brooklyn,20,101810,235.1302830058804,272.9284125681674,0.8615089971519677,3457,2319
Westchester Village/Unionport,Bronx,20,23563,267.20900471918713,272.9284125681674,0.9790442929881777,871,410
Flushing Meadows-Corona Park,Queens,20,10900,389.45353982300884,272.9284125681674,1.4269439233474375,172,98
Bronxdale,Bronx,20,24082,269.96266112266113,272.9284125681674,0.989133592147481,963,499
Crotona Park,Bronx,20,2149,314.20961718020544,272.9284125681674,1.1512528659936698,80,46
Madison,Brooklyn,20,28145,261.5287077931329,272.9284125681674,0.9582318870074135,953,431
Co-Op City,Bronx,20,51217,348.5638418520981,272.9284125681674,1.2771255237672985,2159,1129
East Williamsburg,Brooklyn,20,101761,221.88788522848034,272.9284125681674,0.8129893225135033,2334,1697
Columbia Street,Brooklyn,20,8955,230.3970259391771,272.9284125681674,0.8441665115449732,137,85
Hunts Point,Bronx,20,33680,303.41792242532324,272.9284125681674,1.1117124800978377,1331,661
DUMBO/Vinegar Hill,Brooklyn,20,58650,270.7132877882152,272.9284125681674,0.99188386156242,1021,674
Bronx Park,Bronx,20,5600,293.12650062712777,272.9284125681674,1.0740050765286873,123,62
Gramercy,Manhattan,20,105324,215.71970050138427,272.9284125681674,0.7903893129760006,1567,1145
Soundview/Castle Hill,Bronx,20,56507,299.1736594877249,272.9284125681674,1.0961616515942707,2442,1123
Rosedale,Queens,20,15485,346.7227222689892,272.9284125681674,1.270379727073636,1393,557
Rego Park,Queens,20,33194,291.80766443196234,272.9284125681674,1.069172907599276,1170,564
Jackson Heights,Queens,20,85153,294.970493114276,272.9284125681674,1.0807613994406071,2840,1349
Greenwich Village South,Manhattan,20,95902,204.07741962439158,272.9284125681674,0.7477324097703482,1135,793
Hudson Sq,Manhattan,20,50908,223.99175748514773,272.9284125681674,0.8206978356612208,461,327
Allerton/Pelham Gardens,Bronx,20,21929,286.67019964365664,272.9284125681674,1.0503494192714622,940,414
East Flatbush/Farragut,Brooklyn,20,47097,296.328065174849,272.9284125681674,1.0857354952036633,2983,2149
Long Island City/Queens Plaza,Queens,20,29561,223.88161866965163,272.9284125681674,0.8202942909570996,853,537
University Heights/Morris Heights,Bronx,20,45173,312.1261025663756,272.9284125681674,1.143618942525517,1561,784
Sunset Park East,Brooklyn,20,27461,288.46819375547125,272.9284125681674,1.0569372057715778,1011,495
Roosevelt Island,Manhattan,20,7743,357.4747593026282,272.9284125681674,1.3097748084888166,335,160
East Tremont,Bronx,20,45605,280.9731515630488,272.9284125681674,1.029475637655981,1656,786
Bellerose,Queens,20,6858,323.9666958808063,272.9284125681674,1.187002455451176,377,134
Oakland Gardens,Queens,20,7386,325.6454731109598,272.9284125681674,1.193153435535502,420,145
Corona,Queens,20,2619,334.1137838869798,272.9284125681674,1.2241810251379766,114,45
Woodside,Queens,20,53620,254.75874883286647,272.9284125681674,0.9334269980749519,1685,942
Crotona Park East,Bronx,20,26849,303.83875298329355,272.9284125681674,1.1132543883001038,895,415
Stuy Town/Peter Cooper Village,Manhattan,20,22913,267.5107034977893,272.9284125681674,0.9801497065864296,578,383
Times Sq/Theatre District,Manhattan,20,147712,290.7230401828845,272.9284125681674,1.0651988829131986,1143,724
Queens Village,Queens,20,24832,281.5599773974814,272.9284125681674,1.0316257466494374,1690,780
Murray Hill,Manhattan,20,118514,261.51237971215477,272.9284125681674,0.9581720614992353,1777,1281
Midtown North,Manhattan,20,129545,249.0191870446847,272.9284125681674,0.912397447746445,828,556
Middle Village,Queens,20,23985,291.292298692073,272.9284125681674,1.0672846258515463,856,451
Country Club,Bronx,20,3175,364.8076679340938,272.9284125681674,1.3366423250015362,191,69
Borough Park,Brooklyn,20,60412,301.44236961789994,272.9284125681674,1.104474124849903,1967,848
SoHo,Manhattan,20,83764,213.89021824875098,272.9284125681674,0.7836861550474491,807,536
Hillcrest/Pomonok,Queens,20,21402,284.2566864958546,272.9284125681674,1.041506392907546,1038,437
Bloomingdale,Manhattan,20,15456,267.78506067882404,272.9284125681674,0.981154941543293,562,399
Bedford Park,Bronx,20,53224,291.8631848284166,272.9284125681674,1.0693763323579217,1551,824
Heartland Village/Todt Hill,Staten Island,20,14946,437.6277445779897,272.9284125681674,1.60345249679231,773,182
Midwood,Brooklyn,20,32185,268.54269869458204,272.9284125681674,0.9839309002960989,1142,585
Port Richmond,Staten Island,20,7237,371.75509073278846,272.9284125681674,1.36209743512848,385,78
West Concourse,Bronx,20,67564,329.53724815797665,272.9284125681674,1.207412760940272,1500,817
Battery Park City,Manhattan,20,58702,288.41565000767827,272.9284125681674,1.0567446873477957,525,299
Manhattanville,Manhattan,20,26315,306.41974791515935,272.9284125681674,1.1227110619662108,944,627
Highbridge,Bronx,20,34358,295.03591522607354,272.9284125681674,1.081001103732227,1199,633
Breezy Point/Fort Tilden/Riis Beach,Queens,20,1201,641.1772151898734,272.9284125681674,2.3492505201514375,22,6
Prospect-Lefferts Gardens,Brooklyn,20,94968,282.89367964637245,272.9284125681674,1.0365123842711543,4457,3348
Arrochar/Fort Wadsworth,Staten Island,20,5380,359.54333643988815,272.9284125681674,1.3173540015739018,335,63
City Island,Bronx,20,3340,531.2549668874173,272.9284125681674,1.946499310527919,132,49
West Village,Manhattan,20,135855,204.7027925139994,272.9284125681674,0.7500237538034712,1285,882
Kips Bay,Manhattan,20,66780,259.74949710271113,272.9284125681674,0.9517129222954585,2241,1614
Astoria,Queens,20,113457,226.55799871123784,272.9284125681674,0.8301004522739165,3542,2024
Kingsbridge Heights,Bronx,20,28483,295.459264726557,272.9284125681674,1.082552241250303,937,514
Van Cortlandt Park,Bronx,20,6184,321.71146373056996,272.9284125681674,1.1787393650348454,257,114
Rockaway Park,Queens,20,8740,417.286863578899,272.9284125681674,1.5289242320078207,282,87
Glen Oaks,Queens,20,7530,370.5456123948177,272.9284125681674,1.3576659494997396,592,200
Gravesend,Brooklyn,20,14879,273.4027618726844,272.9284125681674,1.0017379989868167,624,266
Eltingville/Annadale/Prince's Bay,Staten Island,20,5179,419.8649805447471,272.9284125681674,1.5383703609087616,197,38
Erasmus,Brooklyn,20,39727,286.6657333131527,272.9284125681674,1.050333054795291,2259,1700
Pelham Bay,Bronx,20,13271,311.63431202354894,272.9284125681674,1.1418170394616363,462,204
Norwood,Bronx,20,41124,260.53973816128877,272.9284125681674,0.9546083374379924,1575,852
Seaport,Manhattan,20,31975,264.5596540161083,272.9284125681674,0.9693371662066554,474,295
Claremont/Bathgate,Bronx,21,32342,279.69190277132685,284.842548667178,0.9819175684252518,1281,695
Lower East Side,Manhattan,21,157323,225.22691524560958,284.842548667178,0.790706712531119,3469,2688
Kingsbridge Heights,Bronx,21,27562,288.32958094269736,284.842548667178,1.012241964172262,977,553
Hudson Sq,Manhattan,21,43820,244.8458779724513,284.842548667178,0.8595832298163415,529,400
Douglaston,Queens,21,5419,424.7075208913649,284.842548667178,1.4910255608884155,257,80
Rossville/Woodrow,Staten Island,21,2035,458.6987593052109,284.842548667178,1.610358991139255,89,14
North Corona,Queens,21,29010,340.6766208658427,284.842548667178,1.1960173171456334,1341,662
Upper West Side South,Manhattan,21,72434,235.6629098502344,284.842548667178,0.8273444783896835,1967,1410
Morningside Heights,Manhattan,21,50227,267.478308632605,284.842548667178,0.9390391635104273,1975,1416
Seaport,Manhattan,21,34313,278.51405880463665,284.842548667178,0.9777824981128932,557,397
Clinton West,Manhattan,21,55900,264.6631550610194,284.842548667178,0.929155971604028,1484,1118
Flatiron,Manhattan,21,76382,244.840450498879,284.842548667178,0.8595641755226705,1271,992
Crotona Park,Bronx,21,1782,334.8463702870006,284.842548667178,1.1755489896218039,73,46
Murray Hill,Manhattan,21,105539,276.8649406175772,284.842548667178,0.9719929199941186,1841,1388
Highbridge,Bronx,21,36656,311.6426404264043,284.842548667178,1.0940873892774379,1159,609
Briarwood/Jamaica Hills,Queens,21,19796,283.10520986279175,284.842548667178,0.9939007047489375,1010,542
Cypress Hills,Brooklyn,21,33496,278.7020392297572,284.842548667178,0.9784424431456845,1778,1026
Morrisania/Melrose,Bronx,21,37262,280.6928454279031,284.842548667178,0.985431589280843,1754,1089
Lincoln Square East,Manhattan,21,92347,266.117171124795,284.842548667178,0.9342606024626521,2077,1479
Heartland Village/Todt Hill,Staten Island,21,11943,452.01509274873524,284.842548667178,1.5868945663623053,752,181
Rego Park,Queens,21,25837,299.6724318455035,284.842548667178,1.0520634408297385,1124,651
Bronxdale,Bronx,21,23307,275.14007130277906,284.842548667178,0.9659374015230578,893,523
Midtown Center,Manhattan,21,203509,371.48134587276513,284.842548667178,1.3041638182602402,1067,755
Erasmus,Brooklyn,21,38722,281.69864077669905,284.842548667178,0.9889626465386236,2367,1846
Midtown East,Manhattan,21,127736,297.32041080318294,284.842548667178,1.043806173601489,1036,783
Baisley Park,Queens,21,26322,285.65098576539543,284.842548667178,1.0028381893856808,1838,997
Co-Op City,Bronx,21,47394,376.5616464420109,284.842548667178,1.3219992876906932,2271,1303
TriBeCa/Civic Center,Manhattan,21,157200,237.63671743132122,284.842548667178,0.8342739472851226,1882,1306
Cobble Hill,Brooklyn,21,22854,233.54643013578624,284.842548667178,0.8199141288005807,416,295
Bensonhurst West,Brooklyn,21,37570,277.3736513193035,284.842548667178,0.9737788564846699,1539,687
Rosedale,Queens,21,15451,369.7111601636045,284.842548667178,1.2979492070041494,1568,729
Sunset Park West,Brooklyn,21,57646,289.3804028571925,284.842548667178,1.0159310967102626,2205,1389
Woodlawn/Wakefield,Bronx,21,23056,328.3613186240445,284.842548667178,1.1527818444277285,1339,671
Ozone Park,Queens,21,19146,275.17214700193426,284.842548667178,0.9660500100476807,1007,464
Bay Terrace/Fort Totten,Queens,21,7553,402.71084817867586,284.842548667178,1.4138015899065,347,143
Central Park,Manhattan,21,15910,282.9114999685277,284.842548667178,0.9932206452031624,273,209
Fordham South,Bronx,21,23545,287.5570244420829,284.842548667178,1.0095297412117898,854,468
Williamsburg (South Side),Brooklyn,21,129767,225.17109749888135,284.842548667178,0.7905107525279895,2952,2195
Lincoln Square West,Manhattan,21,40225,238.69744548286604,284.842548667178,0.8379978574119914,1317,908
Starrett City,Brooklyn,21,11046,357.59396583060703,284.842548667178,1.2554092339920566,737,485
Flushing,Queens,21,73467,340.8820003004274,284.842548667178,1.1967383450803493,3012,1498
East Flatbush/Remsen Village,Brooklyn,21,52202,300.0816279471955,284.842548667178,1.0535000102734773,3350,2406
Brighton Beach,Brooklyn,21,20613,283.1895504252734,284.842548667178,0.994196800128214,744,315
Chinatown,Manhattan,21,41340,266.19745253777603,284.842548667178,0.9345424473392573,1028,756
Riverdale/North Riverdale/Fieldston,Bronx,21,15371,348.68620667145376,284.842548667178,1.2241366618260159,602,253
East Village,Manhattan,21,198579,210.8002964770659,284.842548667178,0.7400590166863512,4214,3289
Mount Hope,Bronx,21,49590,282.51518335185375,284.842548667178,0.9918292919150796,1853,988
Far Rockaway,Queens,21,17203,429.84298629338,284.842548667178,1.5090546981294801,1508,570
Eastchester,Bronx,21,23825,314.1628826101581,284.842548667178,1.1029352323947894,1418,765
Pelham Bay Park,Bronx,21,2505,414.24779823859086,284.842548667178,1.454304492699282,131,60
Parkchester,Bronx,21,25178,265.65168449942325,284.842548667178,0.9326264132323218,1207,683
Forest Park/Highland Park,Queens,21,1697,318.0005906674542,284.842548667178,1.116408318053001,95,51
Jackson Heights,Queens,21,82519,295.05568161135716,284.842548667178,1.0358553628731662,3486,1924
Westerleigh,Staten Island,21,7316,362.72688614540465,284.842548667178,1.273429436166259,389,96
South Williamsburg,Brooklyn,21,20426,287.04319686197596,284.842548667178,1.0077258408376668,504,317
Manhattanville,Manhattan,21,27607,297.5628222819377,284.842548667178,1.0446572103580727,1073,718
Queensbridge/Ravenswood,Queens,21,14621,241.49615648593,284.842548667178,0.8478233242046442,694,417
East Flushing,Queens,21,9810,315.35626535626534,284.842548667178,1.1071248548781272,699,308
Gowanus,Brooklyn,21,36690,257.05172366733086,284.842548667178,0.902434432180569,1020,732
East Tremont,Bronx,21,44099,278.86668785615365,284.842548667178,0.9790204769653048,1750,908
Alphabet City,Manhattan,21,34464,244.8790109090909,284.842548667178,0.859699549996717,1478,1157
Marble Hill,Manhattan,21,12171,296.6433388157895,284.842548667178,1.0414291692158675,343,174
College Point,Queens,21,13304,368.1488976140139,284.842548667178,1.2924645539672324,1078,474
Meatpacking/West Village West,Manhattan,21,84889,253.86925870036782,284.842548667178,0.8912617159489025,835,605
Long Island City/Queens Plaza,Queens,21,27997,222.82790231325646,284.842548667178,0.7822844703359888,1041,716
Arden Heights,Staten Island,21,1994,492.9670886075949,284.842548667178,1.7306652075480422,69,11
Midwood,Brooklyn,21,28971,271.04702140165267,284.842548667178,0.9515678843274058,1236,710
Bushwick South,Brooklyn,21,140361,232.31596146985373,284.842548667178,0.8155943083534949,5707,4342
Bayside,Queens,21,19320,299.3634194418508,284.842548667178,1.050978587442846,990,401
Sunnyside,Queens,21,65761,262.82907219320555,284.842548667178,0.9227170358607698,2621,1690
Mott Haven/Port Morris,Bronx,21,68976,303.81453018769247,284.842548667178,1.066605152949541,3173,2078
East Flatbush/Farragut,Brooklyn,21,45359,290.10684828516463,284.842548667178,1.0184814369995603,3305,2446
Longwood,Bronx,21,22986,277.009623339865,284.842548667178,0.9725008592853686,931,532
Forest Hills,Queens,21,74716,310.48095430107526,284.842548667178,1.0900090444839203,2947,1561
Greenwich Village South,Manhattan,21,108897,237.37883482114128,284.842548667178,0.83336859585014,1540,1173
Prospect Park,Brooklyn,21,7942,273.10542244640607,284.842548667178,0.9587943364652095,270,213
South Beach/Dongan Hills,Staten Island,21,6306,398.6152371825587,284.842548667178,1.3994230814453128,336,102
Oakland Gardens,Queens,21,6345,331.12442687747034,284.842548667178,1.1624823202392072,470,187
Jamaica Estates,Queens,21,13032,277.07666282199153,284.842548667178,0.9727362155635658,793,416
Brownsville,Brooklyn,21,64822,306.3636138843384,284.842548667178,1.0755542502967368,3835,2803
Brooklyn Heights,Brooklyn,21,64272,266.92426909238173,284.842548667178,0.9370940905470807,1191,827
Fresh Meadows,Queens,21,9970,310.1955166867712,284.842548667178,1.0890069553801693,583,229
Eltingville/Annadale/Prince's Bay,Staten Island,21,4234,437.5317932841153,284.842548667178,1.536047880948242,154,23
West Chelsea/Hudson Yards,Manhattan,21,150954,322.6497067438941,284.842548667178,1.1327300231430368,1976,1433
Mariners Harbor,Staten Island,21,12110,383.1935110081112,284.842548667178,1.3452818506263635,657,193
Union Sq,Manhattan,21,169856,263.65910309831264,284.842548667178,0.9256310348717706,1937,1483
Central Harlem,Manhattan,21,79751,293.8769997739659,284.842548667178,1.0317173510385351,2844,2023
Fort Greene,Brooklyn,21,108478,253.12223647893956,284.842548667178,0.8886391364750011,2421,1890
Borough Park,Brooklyn,21,54152,297.4453671167006,284.842548667178,1.044244859163398,1871,841
Bensonhurst East,Brooklyn,21,25734,275.19880692451653,284.842548667178,0.9661436053434221,1048,448
Westchester Village/Unionport,Bronx,21,23799,276.1090725467093,284.842548667178,0.9693392852952132,956,548
Yorkville West,Manhattan,21,62987,227.33824160796348,284.842548667178,0.7981189701879653,2437,1734
Glendale,Queens,21,27326,299.73854891901794,284.842548667178,1.05229555879745,1088,621
Financial District South,Manhattan,21,36362,278.7330870596019,284.842548667178,0.9785514431177393,484,330
Crown Heights North,Brooklyn,21,170357,266.2418002422589,284.842548667178,0.9346981393336253,7651,5917
Middle Village,Queens,21,22116,307.43041645896585,284.842548667178,1.079299486321408,1078,585
Steinway,Queens,21,56641,251.69523018174104,284.842548667178,0.8836293291134406,1693,933
Boerum Hill,Brooklyn,21,76529,257.98371079797465,284.842548667178,0.9057063700810151,1958,1471
Crown Heights South,Brooklyn,21,44751,272.33660086835863,284.842548667178,0.9560952257401971,1991,1526
Kensington,Brooklyn,21,18733,251.10887118335918,284.842548667178,0.8815707918579444,750,474
Flushing Meadows-Corona Park,Queens,21,15453,506.58911893409964,284.842548667178,1.778488225528482,183,110
Clinton East,Manhattan,21,109002,271.92118054276983,284.842548667178,0.9546368048422919,2473,1830
World Trade Center,Manhattan,21,49161,279.64548011085753,284.842548667178,0.9817545918591224,793,534
Stapleton,Staten Island,21,13073,366.6906805640711,284.842548667178,1.2873451746583264,626,138
Hillcrest/Pomonok,Queens,21,20657,299.85593754545897,284.842548667178,1.052707676393611,1101,539
Arrochar/Fort Wadsworth,Staten Island,21,4711,367.5906283280085,284.842548667178,1.2905046315868942,302,90
Prospect Heights,Brooklyn,21,58282,239.91291126191908,284.842548667178,0.8422650070521711,1524,1210
Bloomingdale,Manhattan,21,14771,265.6189247895737,284.842548667178,0.9325114033435153,621,451
Washington Heights South,Manhattan,21,78105,265.72956055514226,284.842548667178,0.932899813593621,2750,1537
Saint George/New Brighton,Staten Island,21,21325,362.13758057685976,284.842548667178,1.2713605543531228,1091,278
Soundview/Bruckner,Bronx,21,28930,269.89882581136783,284.842548667178,0.9475369009098741,1339,705
Kew Gardens,Queens,21,19447,269.4430875457309,284.842548667178,0.9459369353577844,802,444
Inwood Hill Park,Manhattan,21,3557,271.8972699127498,284.842548667178,0.9545528615194564,126,55
Crotona Park East,Bronx,21,25858,303.12105222317064,284.842548667178,1.0641705519119968,1085,594
Howard Beach,Queens,21,16372,342.2990877364844,284.842548667178,1.2017133301824268,774,382
Homecrest,Brooklyn,21,29808,262.737537396215,284.842548667178,0.9223956835999546,878,382
East New York/Pennsylvania Avenue,Brooklyn,21,30033,294.67808539026015,284.842548667178,1.0345297314923776,1827,1274
Bay Ridge,Brooklyn,21,58403,257.97385755454917,284.842548667178,0.9056717781863997,2172,1120
Allerton/Pelham Gardens,Bronx,21,19980,297.9461276083467,284.842548667178,1.0460028847603084,996,532
East New York,Brooklyn,21,116141,314.4849656505679,284.842548667178,1.1040659730159392,7081,4653
Auburndale,Queens,21,7124,303.61998592540465,284.842548667178,1.0659221641783827,362,162
Springfield Gardens North,Queens,21,17089,310.05728218083544,284.842548667178,1.0885216539159654,1314,710
Times Sq/Theatre District,Manhattan,21,189218,370.8805485077207,284.842548667178,1.302054592065433,1396,1002
Queens Village,Queens,21,22954,297.1055642907058,284.842548667178,1.04305190948792,1705,857
Bath Beach,Brooklyn,21,11235,272.13737734165926,284.842548667178,0.9553958094218431,451,191
Roosevelt Island,Manhattan,21,7389,356.16037092595116,284.842548667178,1.2503762959307878,343,144
Greenwich Village North,Manhattan,21,81023,249.9452850714533,284.842548667178,0.8774857767597771,1527,1203
Central Harlem North,Manhattan,21,94768,305.5922005688848,284.842548667178,1.0728460407295104,3869,2499
Van Nest/Morris Park,Bronx,21,34237,295.60366263932366,284.842548667178,1.0377791661481004,1656,847
Hollis,Queens,21,10211,282.4451644575356,284.842548667178,0.9915834757803562,734,364
Oakwood,Staten Island,21,3108,448.25658761528325,284.842548667178,1.5736995393165263,139,26
Penn Station/Madison Sq West,Manhattan,21,70922,281.0015978506787,284.842548667178,0.986515529949891,1303,971
Whitestone,Queens,21,13177,373.0085235920852,284.842548667178,1.309525298581442,776,323
West Farms/Bronx River,Bronx,21,26481,273.3276116299293,284.842548667178,0.9595743785781695,1103,634
Inwood,Manhattan,21,39546,261.6885992661015,284.842548667178,0.9187131644853714,1323,717
West Brighton,Staten Island,21,7271,383.8289183222958,284.842548667178,1.347512582366259,331,66
Upper East Side South,Manhattan,21,106622,242.79520097670925,284.842548667178,0.8523838945859221,1672,1254
Stuyvesant Heights,Brooklyn,21,100798,250.9827408040381,284.842548667178,0.8811279844897641,4127,3257
Clinton Hill,Brooklyn,21,82420,231.9642514424537,284.842548667178,0.814359555929583,2278,1737
Bedford Park,Bronx,21,48868,282.8401262269216,284.842548667178,0.992970072590538,1749,1007
Ocean Hill,Brooklyn,21,50113,289.2668651586604,284.842548667178,1.0155324986108447,2741,1991
Carroll Gardens,Brooklyn,21,33638,247.8271840038086,284.842548667178,0.870049735067426,553,398
Kips Bay,Manhattan,21,61574,255.210302803495,284.842548667178,0.8959697348505804,2421,1867
Bellerose,Queens,21,5874,349.6348717948718,284.842548667178,1.22746715134683,484,163
Cambria Heights,Queens,21,8979,312.0282618409294,284.842548667178,1.095441194796766,928,552
Laurelton,Queens,21,16891,310.6817372730509,284.842548667178,1.0907139355646776,1228,604
Kew Gardens Hills,Queens,21,14717,294.426857532379,284.842548667178,1.0336477429725561,812,429
Corona,Queens,21,2801,360.67763864042934,284.842548667178,1.2662351194654569,157,70
Flatlands,Brooklyn,21,47420,302.4632641852212,284.842548667178,1.0618612479086893,3236,2103
Financial District North,Manhattan,21,86296,268.23356706679976,284.842548667178,0.9416906579508778,1406,969
Madison,Brooklyn,21,23829,265.45505759690576,284.842548667178,0.9319361129122412,865,421
Richmond Hill,Queens,21,38200,274.39300416917956,284.842548667178,0.9633146643754823,1867,921
Park Slope,Brooklyn,21,141925,240.6575150116777,284.842548667178,0.8448790959698653,3244,2392
DUMBO/Vinegar Hill,Brooklyn,21,58842,285.2326669502339,284.842548667178,1.0013695927272148,1250,895
JFK Airport,Queens,21,208772,419.0231507243596,284.842548667178,1.4710693773982617,1686,1045
West Concourse,Bronx,21,67484,345.5242134347426,284.842548667178,1.2130358159323578,1521,879
Dyker Heights,Brooklyn,21,17593,287.92323474098134,284.842548667178,1.0108153999050296,650,300
LaGuardia Airport,Queens,21,278689,534.0721733252797,284.842548667178,1.8749732995449078,1107,883
Williamsbridge/Olinville,Bronx,21,43796,295.54590973524165,284.842548667178,1.0375764123658713,2659,1504
South Ozone Park,Queens,21,62271,238.54423114026625,284.842548667178,0.8374599660635369,3332,1593
East Chelsea,Manhattan,21,135096,280.42564662374406,284.842548667178,0.9844935313768912,2202,1629
Upper West Side North,Manhattan,21,48936,243.5372608464091,284.842548667178,0.8549890526747402,1934,1372
SoHo,Manhattan,21,78938,235.33974797799243,284.842548667178,0.8262099503012568,899,689
Murray Hill-Queens,Queens,21,21403,293.7828062778168,284.842548667178,1.0313866648521144,1150,515
East Harlem South,Manhattan,21,65239,283.457426046869,284.842548667178,0.9951372341428968,3035,2264
Long Island City/Hunters Point,Queens,21,111911,234.43640370522996,284.842548667178,0.8230385692102317,3501,2227
Ocean Parkway South,Brooklyn,21,9244,273.35302406243227,284.842548667178,0.9596635942961929,412,216
Bronx Park,Bronx,21,6733,327.7911382962852,284.842548667178,1.1507801058166003,129,87
Elmhurst/Maspeth,Queens,21,24682,286.27797848589404,284.842548667178,1.0050393799150887,951,579
Hammels/Arverne,Queens,21,16659,437.9043944782687,284.842548667178,1.5373559762306952,1280,495
Canarsie,Brooklyn,21,74093,309.56353359566214,284.842548667178,1.086788245099468,5576,3583
Gravesend,Brooklyn,21,14041,283.9294436906377,284.842548667178,0.996794351894361,652,318
Marine Park/Mill Basin,Brooklyn,21,31358,362.69966448314426,284.842548667178,1.2733338687645916,1882,1052
Grymes Hill/Clifton,Staten Island,21,7742,382.5273270154485,284.842548667178,1.3429430708486236,420,96
Hunts Point,Bronx,21,30072,297.3392126193883,284.842548667178,1.0438721813531164,1395,723
Port Richmond,Staten Island,21,6754,382.74228028503563,284.842548667178,1.3436977097556018,465,137
Bloomfield/Emerson Hill,Staten Island,21,13296,433.0892803144844,284.842548667178,1.5204514997530236,833,208
Midtown South,Manhattan,21,129505,281.2076630842676,284.842548667178,0.9872389655270304,1959,1377
Saint Albans,Queens,21,37261,306.0942969465238,284.842548667178,1.0746087562366857,3044,1583
West Village,Manhattan,21,148403,241.34674776463606,284.842548667178,0.847298793294522,1569,1189
Rockaway Park,Queens,21,7634,429.1540490635716,284.842548667178,1.5066360383013326,354,116
Melrose South,Bronx,21,43923,280.5189870532458,284.842548667178,0.9848212226924565,1974,1264
Randalls Island,Manhattan,21,4144,535.6494692668477,284.842548667178,1.8805107304833277,56,37
Astoria,Queens,21,113390,228.32932556497175,284.842548667178,0.8015983799939992,4144,2606
Windsor Terrace,Brooklyn,21,17051,243.9378083157153,284.842548667178,0.8563952592656461,465,312
East Williamsburg,Brooklyn,21,104026,223.876484400562,284.842548667178,0.7859657394870058,3030,2320
Gramercy,Manhattan,21,99208,229.52293050200845,284.842548667178,0.8057887825255794,1689,1322
City Island,Bronx,21,3375,557.950059453032,284.842548667178,1.9588016680224427,103,35
Elmhurst,Queens,21,96270,305.5825301267455,284.842548667178,1.0728120905974654,4309,2507
South Jamaica,Queens,21,26003,289.02340917855764,284.842548667178,1.0146777949114083,1728,1053
Pelham Bay,Bronx,21,11753,323.9157293796864,284.842548667178,1.13717466331957,580,272
Manhattan Valley,Manhattan,21,27946,263.29914223163337,284.842548667178,0.9243673161318436,1264,935
Manhattan Beach,Brooklyn,21,12133,290.70932056468257,284.842548667178,1.0205965433358046,449,201
Bushwick North,Brooklyn,21,109896,231.0614870220384,284.842548667178,0.8111902105328385,4135,2992
Red Hook,Brooklyn,21,30344,341.129923729653,284.842548667178,1.1976087327046196,970,633
Schuylerville/Edgewater Park,Bronx,21,32236,326.6964119146819,284.842548667178,1.1469368373627626,1708,970
Jamaica,Queens,21,88967,272.7459872582787,284.842548667178,0.9575324632309992,5428,3280
New Dorp/Midland Beach,Staten Island,21,7141,432.9570043557679,284.842548667178,1.5199871170288293,350,80
Garment District,Manhattan,21,62753,319.501712876993,284.842548667178,1.1216783249974085,1352,974
Lenox Hill East,Manhattan,21,54100,249.06476779956265,284.842548667178,0.8743945346823181,2658,2069
Upper East Side North,Manhattan,21,74049,239.69980789003733,284.842548667178,0.8415168626022675,1961,1486
Country Club,Bronx,21,2664,389.55263157894734,284.842548667178,1.3676068880921193,174,54
Woodside,Queens,21,49046,259.0558582828221,284.842548667178,0.9094703705432501,1790,1080
Pelham Parkway,Bronx,21,29490,293.3370454622619,284.842548667178,1.0298217272483727,1385,718
Sunset Park East,Brooklyn,21,27009,282.2238589981447,284.842548667178,0.9908065361678353,1235,626
Williamsburg (North Side),Brooklyn,21,158199,219.56106464551885,284.842548667178,0.7708155458967727,3516,2593
Battery Park City,Manhattan,21,70978,306.5255882186989,284.842548667178,1.0761228954486581,427,268
Soundview/Castle Hill,Bronx,21,51431,308.43363969156474,284.842548667178,1.0828215136213781,2629,1358
Van Cortlandt Park,Bronx,21,5503,323.6616924476797,284.842548667178,1.136282812951023,261,134
Prospect-Lefferts Gardens,Brooklyn,21,87104,269.480696912196,284.842548667178,0.9460689709916497,4494,3408
Woodhaven,Queens,21,31414,281.3325049385076,284.842548667178,0.9876772492554416,1833,974
Great Kills,Staten Island,21,6259,447.1804330392943,284.842548667178,1.5699214711134983,203,42
Old Astoria,Queens,21,35597,247.44821473790833,284.842548667178,0.868719283322511,1466,886
Van Cortlandt Village,Bronx,21,37910,292.5234436876287,284.842548667178,1.02696540617401,1425,757
Washington Heights North,Manhattan,21,55057,273.43669481039376,284.842548667178,0.959957338149957,1856,958
Stuy Town/Peter Cooper Village,Manhattan,21,19940,262.70383030059315,284.842548667178,0.92227734771306,610,414
Queensboro Hill,Queens,21,12128,287.9233630952381,284.842548667178,1.0108158505197895,583,277
Spuyten Duyvil/Kingsbridge,Bronx,21,36962,288.04777639347816,284.842548667178,1.0112526297117406,1256,571
East Harlem North,Manhattan,21,80295,309.39499993759284,284.842548667178,1.08619657205463,3314,2374
Downtown Brooklyn/MetroTech,Brooklyn,21,59205,269.66602924253704,284.842548667178,0.9467196193277506,1781,1324
East Concourse/Concourse Village,Bronx,21,55810,302.85454904282614,284.842548667178,1.0632349361425428,1980,1115
Ridgewood,Queens,21,79541,259.7652641250582,284.842548667178,0.9119608897636247,3262,2086
Charleston/Tottenville,Staten Island,21,4263,468.9594626443554,284.842548667178,1.6463813599431993,175,27
Sheepshead Bay,Brooklyn,21,32326,281.8907208826629,284.842548667178,0.9896369843679353,1376,650
Yorkville East,Manhattan,21,32263,247.15470608328417,284.842548667178,0.8676888591250113,1309,907
Midtown North,Manhattan,21,113472,294.07893784373096,284.842548667178,1.0324262973343394,971,691
Greenpoint,Brooklyn,21,134709,223.51820336942546,284.842548667178,0.7847079181649702,3549,2545
Coney Island,Brooklyn,21,30350,315.1812716763006,284.842548667178,1.106510502560387,1669,854
Maspeth,Queens,21,30466,294.06223493441166,284.842548667178,1.032367658239171,1221,779
Bedford,Brooklyn,21,108446,249.21325023084026,284.842548667178,0.8749158136554644,3715,2793
Springfield Gardens South,Queens,21,13295,334.21326799849226,284.842548667178,1.1733263501619664,1475,727
Highbridge Park,Manhattan,21,1015,290.301775147929,284.842548667178,1.0191657689705964,49,33
Belmont,Bronx,21,35856,277.61076355918004,284.842548667178,0.9746112891425927,1169,664
Brooklyn Navy Yard,Brooklyn,21,10506,288.40467334287075,284.842548667178,1.0125055919221355,358,269
Little Italy/NoLiTa,Manhattan,21,106223,242.1668223197019,284.842548667178,0.8501778384333297,1565,1208
Flatbush/Ditmas Park,Brooklyn,21,90658,267.61605544134227,284.842548667178,0.9395227528104872,4890,3389
Lenox Hill West,Manhattan,21,73032,226.5539237868005,284.842548667178,0.7953654566246549,2085,1564
Corona,Queens,21,30798,325.1683648556268,284.842548667178,1.14157230504059,1560,941
Two Bridges/Seward Park,Manhattan,21,51940,286.3933980282831,284.842548667178,1.005444584625302,2321,1681
Norwood,Bronx,21,37417,260.35423356882893,284.842548667178,0.9140285915396641,1595,892
East Elmhurst,Queens,21,23022,322.91299612251123,284.842548667178,1.1336543561819352,845,477
Columbia Street,Brooklyn,21,10152,247.80333201892745,284.842548667178,0.8699659976307517,159,107
Sutton Place/Turtle Bay North,Manhattan,21,74807,233.8406973007712,284.842548667178,0.8209472159090969,1323,1009
UN/Turtle Bay South,Manhattan,21,56118,266.74311025379984,284.842548667178,0.9364580941363283,1099,848
Hamilton Heights,Manhattan,21,50676,285.56747404844293,284.842548667178,1.0025450038439025,1831,1176
University Heights/Morris Heights,Bronx,21,43038,305.4977087161832,284.842548667178,1.0725143070993215,1717,887
Glen Oaks,Queens,21,5606,370.87351778656125,284.842548667178,1.3020299092320842,433,162
Homecrest,Brooklyn,22,26032,285.2114800138499,313.52899220301407,0.9096813599591191,879,434
Marble Hill,Manhattan,22,11157,302.3819992821249,313.52899220301407,0.9644466916996585,370,184
Ozone Park,Queens,22,18423,307.121534949451,313.52899220301407,0.9795634298169972,1068,594
Kew Gardens Hills,Queens,22,12763,337.03229608675156,313.52899220301407,1.0749637337159519,785,458
Glen Oaks,Queens,22,5346,396.3295774647887,313.52899220301407,1.2640922763792135,436,151
Arden Heights,Staten Island,22,1515,522.9913506320692,313.52899220301407,1.6680797107701781,65,17
West Brighton,Staten Island,22,6802,416.25033171163204,313.52899220301407,1.3276294762626117,289,72
University Heights/Morris Heights,Bronx,22,44539,322.212836317826,313.52899220301407,1.0276971008447888,2044,1198
Upper West Side North,Manhattan,22,45599,255.36458768439334,313.52899220301407,0.8144847654759834,2271,1671
Union Sq,Manhattan,22,161662,295.5414430641438,313.52899220301407,0.9426287533651014,2610,2144
Great Kills,Staten Island,22,6216,498.64094284791736,313.52899220301407,1.590414141110883,335,92
Lower East Side,Manhattan,22,171706,265.0244847990206,313.52899220301407,0.8452949851202719,4651,3873
Bedford,Brooklyn,22,116738,262.2593224553491,313.52899220301407,0.836475506180726,4450,3604
Elmhurst/Maspeth,Queens,22,23248,307.9788626286108,313.52899220301407,0.9822978744791502,974,634
Bronxdale,Bronx,22,23218,311.19798947277593,313.52899220301407,0.9925652721496047,1206,715
Jamaica,Queens,22,89494,324.5623447535077,313.52899220301407,1.035190852600162,6516,4334
Queens Village,Queens,22,24268,342.8144461881556,313.52899220301407,1.0934058881743824,2086,1196
Borough Park,Brooklyn,22,55407,324.4719109247343,313.52899220301407,1.0349024141111471,1981,954
East Flushing,Queens,22,8739,354.84875587661963,313.52899220301407,1.1317892912654486,792,407
Van Cortlandt Park,Bronx,22,5630,349.7091038406828,313.52899220301407,1.1153963829100744,416,230
Queensboro Hill,Queens,22,11087,333.82286488929054,313.52899220301407,1.0647272602883753,626,353
Bushwick North,Brooklyn,22,128496,256.7303004104649,313.52899220301407,0.8188407030767627,5316,4191
Brooklyn Heights,Brooklyn,22,58344,307.2650344011118,313.52899220301407,0.9800211209882425,1283,966
Van Cortlandt Village,Bronx,22,37820,310.63556249503796,313.52899220301407,0.9907714125968211,1655,932
Belmont,Bronx,22,31608,294.745089964521,313.52899220301407,0.9400887869842345,1159,687
West Village,Manhattan,22,155573,285.6324329538877,313.52899220301407,0.9110239883938294,2159,1761
Seaport,Manhattan,22,33112,324.6114605382522,313.52899220301407,1.0353475072827143,720,531
Murray Hill,Manhattan,22,97098,291.342504743833,313.52899220301407,0.9292362492435308,2218,1800
Greenwich Village South,Manhattan,22,111410,279.2374239688059,313.52899220301407,0.8906271219345356,1859,1511
Rego Park,Queens,22,20620,323.06874756903926,313.52899220301407,1.0304270278132623,1135,665
Hammels/Arverne,Queens,22,16338,485.79579671849075,313.52899220301407,1.5494445770550358,1703,780
Eltingville/Annadale/Prince's Bay,Staten Island,22,3971,473.7151162790698,313.52899220301407,1.5109132745603735,140,31
East Concourse/Concourse Village,Bronx,22,56041,324.73075411007864,313.52899220301407,1.0357279938558641,2626,1614
Garment District,Manhattan,22,62468,352.659165329053,313.52899220301407,1.1248055972466546,1748,1312
Mariners Harbor,Staten Island,22,12240,432.7963341788724,313.52899220301407,1.3804029131016733,895,282
Long Island City/Queens Plaza,Queens,22,28986,241.0090239601701,313.52899220301407,0.7686977279731555,1314,947
Brighton Beach,Brooklyn,22,18114,315.0345800597543,313.52899220301407,1.0048020690085508,739,360
Canarsie,Brooklyn,22,74823,343.75018074708794,313.52899220301407,1.0963904113993557,6545,4561
Manhattanville,Manhattan,22,24203,316.107636875673,313.52899220301407,1.0082245812565531,1368,1008
Pelham Bay,Bronx,22,10707,349.21364402021334,313.52899220301407,1.1138161149514778,600,294
Times Sq/Theatre District,Manhattan,22,193927,421.49826199122447,313.52899220301407,1.344367737827253,2116,1538
West Chelsea/Hudson Yards,Manhattan,22,129292,350.99138746337155,313.52899220301407,1.1194862235773722,2236,1700
Sheepshead Bay,Brooklyn,22,26884,310.00712022367196,313.52899220301407,0.988766997416744,1569,750
Morrisania/Melrose,Bronx,22,38249,297.34142632406923,313.52899220301407,0.9483697958354576,1920,1271
Jackson Heights,Queens,22,79920,312.1056034482759,313.52899220301407,0.995460104838354,4276,2563
Marine Park/Mill Basin,Brooklyn,22,25333,390.24103152315786,313.52899220301407,1.2446728730926158,1764,1092
Springfield Gardens North,Queens,22,16809,348.84292444391434,313.52899220301407,1.1126337057149536,1613,965
Glendale,Queens,22,23606,333.1913342095222,313.52899220301407,1.0627129946367975,1248,770
Crown Heights North,Brooklyn,22,178266,280.254087449802,313.52899220301407,0.8938697677704199,8988,7225
Boerum Hill,Brooklyn,22,79854,299.01835368452726,313.52899220301407,0.9537183517973005,2382,1931
Pelham Parkway,Bronx,22,27597,318.02154953121595,313.52899220301407,1.01432900127237,1350,776
Stuyvesant Heights,Brooklyn,22,107992,265.70190765007555,313.52899220301407,0.8474556237466874,5229,4245
Two Bridges/Seward Park,Manhattan,22,53356,323.97566063977746,313.52899220301407,1.033319624967885,2500,1929
Flushing Meadows-Corona Park,Queens,22,20474,721.8502165780666,313.52899220301407,2.3023396066372683,263,188
Clinton Hill,Brooklyn,22,86457,254.04925851749806,313.52899220301407,0.8102895261213926,2806,2264
Washington Heights North,Manhattan,22,54302,282.46616139263847,313.52899220301407,0.9009251725267499,2194,1320
Midtown North,Manhattan,22,103865,311.8858355028445,313.52899220301407,0.9947591554815268,1322,1026
Hunts Point,Bronx,22,30078,317.26586786486934,313.52899220301407,1.011918756334456,1683,1017
East Harlem North,Manhattan,22,79311,327.56338526464754,313.52899220301407,1.0447626644126933,3934,2911
Schuylerville/Edgewater Park,Bronx,22,33460,370.8435849735958,313.52899220301407,1.1828047619068982,1958,1117
East New York,Brooklyn,22,116522,344.48077237205223,313.52899220301407,1.098720631707949,8097,5691
Westerleigh,Staten Island,22,6818,398.7984427794917,313.52899220301407,1.2719667166258888,365,110
Central Park,Manhattan,22,13434,300.4773371104816,313.52899220301407,0.9583717760809777,322,249
Financial District North,Manhattan,22,81749,305.0943123491725,313.52899220301407,0.9730976079928838,1694,1267
Corona,Queens,22,3722,457.5386271870794,313.52899220301407,1.4593183997823627,162,86
Cypress Hills,Brooklyn,22,32049,311.2699409504171,313.52899220301407,0.992794761222164,1921,1225
Longwood,Bronx,22,22566,299.84945235244555,313.52899220301407,0.9563691390883851,1117,731
Rosedale,Queens,22,13321,415.0881113619263,313.52899220301407,1.3239225771285335,1771,883
Soundview/Castle Hill,Bronx,22,47650,339.4353485437914,313.52899220301407,1.0826282640043783,3227,1868
Stuy Town/Peter Cooper Village,Manhattan,22,19609,291.9744650426434,313.52899220301407,0.9312518851640557,714,513
Kew Gardens,Queens,22,19120,309.9466736511262,313.52899220301407,0.988574203212543,925,571
Bloomfield/Emerson Hill,Staten Island,22,11009,462.05631103404215,313.52899220301407,1.4737275420285685,901,256
Ridgewood,Queens,22,83242,278.6441355238611,313.52899220301407,0.8887348298030296,3767,2695
Woodhaven,Queens,22,29469,310.4256056539023,313.52899220301407,0.9901017557345948,2020,1174
Carroll Gardens,Brooklyn,22,34334,287.92291763882406,313.52899220301407,0.9183294840318634,863,684
Prospect Park,Brooklyn,22,7679,306.73848362260213,313.52899220301407,0.9783416884904379,313,257
Highbridge Park,Manhattan,22,1007,312.06156901688183,313.52899220301407,0.9953196571206337,51,29
Midtown Center,Manhattan,22,176087,360.4517521411267,313.52899220301407,1.1496600349728727,1386,1085
Central Harlem,Manhattan,22,73203,311.38651473283903,313.52899220301407,0.9931665730332595,3110,2328
Flushing,Queens,22,70147,378.67080860799314,313.52899220301407,1.2077696736983063,3531,1982
Corona,Queens,22,31701,362.92891970618035,313.52899220301407,1.1575609552279593,2044,1308
UN/Turtle Bay South,Manhattan,22,49100,272.3095665659946,313.52899220301407,0.8685307366716206,1297,1035
Kensington,Brooklyn,22,19264,270.6872303934307,313.52899220301407,0.8633562991780908,953,615
Morningside Heights,Manhattan,22,45540,278.64610911653926,313.52899220301407,0.8887411245723403,2094,1564
Long Island City/Hunters Point,Queens,22,115625,264.88376788236417,313.52899220301407,0.8448461688380273,4554,3224
Bronx Park,Bronx,22,5598,369.44625582228593,313.52899220301407,1.1783479837904902,156,106
Sutton Place/Turtle Bay North,Manhattan,22,68631,239.8400215891354,313.52899220301407,0.7649691975976368,1623,1311
Ocean Hill,Brooklyn,22,51134,306.9922832856751,313.52899220301407,0.9791511819324628,3172,2491
Sunnyside,Queens,22,62547,285.0819968628957,313.52899220301407,0.9092683737467616,3060,2215
Dyker Heights,Brooklyn,22,16039,302.75279635068426,313.52899220301407,0.965629348097569,772,362
Jamaica Estates,Queens,22,12044,324.2384243837442,313.52899220301407,1.034157709325317,950,571
Kingsbridge Heights,Bronx,22,29264,303.70486645463563,313.52899220301407,0.9686659735058339,1335,888
Hudson Sq,Manhattan,22,39865,277.2342039176293,313.52899220301407,0.8842378561856142,694,528
South Williamsburg,Brooklyn,22,21688,320.33177979788655,313.52899220301407,1.0216974753979613,507,330
Bay Terrace/Fort Totten,Queens,22,6372,444.8227788279773,313.52899220301407,1.4187612306677808,454,209
Park Slope,Brooklyn,22,140596,283.77897458913037,313.52899220301407,0.9051123871995219,3959,3015
World Trade Center,Manhattan,22,40787,294.9326819208485,313.52899220301407,0.9406871110977698,876,661
Murray Hill-Queens,Queens,22,20649,337.69496214327313,313.52899220301407,1.0770773055801208,1408,721
Oakland Gardens,Queens,22,5657,386.6471213463242,313.52899220301407,1.233210104844037,516,217
Norwood,Bronx,22,38813,282.14859116805445,313.52899220301407,0.8999122830253593,1966,1191
Midtown South,Manhattan,22,127187,309.6319336729472,313.52899220301407,0.9875703407755558,2521,1928
Midwood,Brooklyn,22,25253,288.7822948478959,313.52899220301407,0.9210704656649604,1444,852
Steinway,Queens,22,56873,273.9100188304032,313.52899220301407,0.8736353754903883,2151,1260
SoHo,Manhattan,22,75447,268.4737951887118,313.52899220301407,0.8562965526801156,988,765
Saint Albans,Queens,22,35742,353.34185922452764,313.52899220301407,1.1269830478571317,3753,2352
Bensonhurst East,Brooklyn,22,23541,295.3583950302102,313.52899220301407,0.9420449220815976,1095,550
Hollis,Queens,22,10873,322.74492994100297,313.52899220301407,1.0293942122329198,1065,644
Queensbridge/Ravenswood,Queens,22,13600,259.2800589753041,313.52899220301407,0.8269731521588182,856,573
Fort Greene,Brooklyn,22,122112,306.7160260880266,313.52899220301407,0.9782700602355268,2938,2376
Coney Island,Brooklyn,22,27920,353.885133436299,313.52899220301407,1.1287158197068863,1788,953
TriBeCa/Civic Center,Manhattan,22,156284,255.04649763093866,313.52899220301407,0.8134702179816046,2059,1571
South Jamaica,Queens,22,27545,329.0460164083865,313.52899220301407,1.0494915130378915,2169,1412
East Tremont,Bronx,22,45704,305.26970872509696,313.52899220301407,0.9736570343307546,2202,1279
East Williamsburg,Brooklyn,22,126264,270.52764911167515,313.52899220301407,0.8628473150467214,4118,3419
Downtown Brooklyn/MetroTech,Brooklyn,22,53979,306.4409356725146,313.52899220301407,0.9773926599875337,1889,1517
Prospect Heights,Brooklyn,22,60000,267.5126134543513,313.52899220301407,0.8532308657476034,1841,1493
Clinton West,Manhattan,22,53123,299.9911352533997,313.52899220301407,0.9568210363753269,1861,1492
Woodside,Queens,22,49256,276.7227145237998,313.52899220301407,0.8826064619396291,2262,1487
South Beach/Dongan Hills,Staten Island,22,6725,436.9904349125691,313.52899220301407,1.3937799877518573,413,97
Greenpoint,Brooklyn,22,147931,273.8219196621914,313.52899220301407,0.8733543833958685,4918,3884
Riverdale/North Riverdale/Fieldston,Bronx,22,14422,364.06082488543257,313.52899220301407,1.1611711641955538,1030,494
Arrochar/Fort Wadsworth,Staten Island,22,5232,419.2978886756238,313.52899220301407,1.3373496521945984,361,123
Starrett City,Brooklyn,22,10947,382.13652595916125,313.52899220301407,1.21882357122407,1027,745
Highbridge,Bronx,22,38267,335.5431736636723,313.52899220301407,1.0702141811702177,1423,815
East New York/Pennsylvania Avenue,Brooklyn,22,29927,327.8210927828153,313.52899220301407,1.0455846219495608,2383,1771
Battery Park City,Manhattan,22,50202,296.2743983890584,313.52899220301407,0.9449665126892536,512,371
Van Nest/Morris Park,Bronx,22,31797,321.1062756228319,313.52899220301407,1.0241677280514825,1717,938
Gravesend,Brooklyn,22,13361,303.4279718183181,313.52899220301407,0.9677828186997283,744,419
Pelham Bay Park,Bronx,22,2401,420.9426298157454,313.52899220301407,1.3425955502806568,138,52
JFK Airport,Queens,22,228106,443.0542204114605,313.52899220301407,1.4131204176632481,1983,1326
Cobble Hill,Brooklyn,22,21342,271.708759260996,313.52899220301407,0.8666144631532545,459,355
Oakwood,Staten Island,22,2660,504.8581183611533,313.52899220301407,1.610243808120466,141,37
Rossville/Woodrow,Staten Island,22,1933,506.2140608604407,313.52899220301407,1.6145685836053738,118,33
Lenox Hill West,Manhattan,22,67566,232.6348674455845,313.52899220301407,0.7419883750174862,2636,2093
Brownsville,Brooklyn,22,65566,332.65077495065714,313.52899220301407,1.060988882123097,4550,3457
Soundview/Bruckner,Bronx,22,28043,293.78067007544604,313.52899220301407,0.9370127719647032,1594,902
Financial District South,Manhattan,22,37853,306.86095097054,313.52899220301407,0.9787322978152003,621,450
Mott Haven/Port Morris,Bronx,22,71589,326.6012955760137,313.52899220301407,1.0416940815621132,4145,2925
Briarwood/Jamaica Hills,Queens,22,18526,322.7475118996106,313.52899220301407,1.0294024473839645,1217,761
Springfield Gardens South,Queens,22,13645,362.33825365352135,313.52899220301407,1.1556770272106212,1610,852
New Dorp/Midland Beach,Staten Island,22,6318,479.72405585528406,313.52899220301407,1.5300787735274464,331,100
Grymes Hill/Clifton,Staten Island,22,7490,429.73503355704696,313.52899220301407,1.3706389018046152,574,195
East Village,Manhattan,22,206045,246.93435631396665,313.52899220301407,0.7875965618964943,5545,4606
DUMBO/Vinegar Hill,Brooklyn,22,56132,335.1376670651844,313.52899220301407,1.0689208188063783,1507,1183
Clinton East,Manhattan,22,117156,324.10368190528334,313.52899220301407,1.0337279484999653,3346,2725
Port Richmond,Staten Island,22,6634,430.91116828087166,313.52899220301407,1.3743901808029642,433,128
Saint Michaels Cemetery/Woodside,Queens,22,1041,280.4063400576369,313.52899220301407,0.8943553771131639,12,6
Randalls Island,Manhattan,22,3975,625.1857434849259,313.52899220301407,1.9940284918854012,64,44
Spuyten Duyvil/Kingsbridge,Bronx,22,32424,294.93833755326375,313.52899220301407,0.940705149724359,1418,680
Erasmus,Brooklyn,22,42455,325.3861461016709,313.52899220301407,1.0378183651066601,3080,2498
Claremont/Bathgate,Bronx,22,33404,298.1491115040005,313.52899220301407,0.9509459058604223,1558,958
Lincoln Square East,Manhattan,22,88859,300.41537280231256,313.52899220301407,0.9581741410624945,2507,1994
East Flatbush/Remsen Village,Brooklyn,22,51012,328.58868132083995,313.52899220301407,1.0480328438273248,3652,2730
Yorkville East,Manhattan,22,28293,250.18708626854047,313.52899220301407,0.797971136610362,1376,997
Eastchester,Bronx,22,25443,351.6620084242019,313.52899220301407,1.12162516759055,1966,1263
Charleston/Tottenville,Staten Island,22,4007,501.6619894763217,313.52899220301407,1.6000497623884464,207,32
Bedford Park,Bronx,22,48467,296.98196839822367,313.52899220301407,0.9472233056071702,1950,1193
Elmhurst,Queens,22,86407,318.1630598484673,313.52899220301407,1.0147803481039885,4414,2762
Saint George/New Brighton,Staten Island,22,19576,413.37814566142174,313.52899220301407,1.3184686454570493,1145,338
Forest Hills,Queens,22,75610,410.04160289596615,313.52899220301407,1.307826749975514,3203,1857
Prospect-Lefferts Gardens,Brooklyn,22,87264,281.82088439120656,313.52899220301407,0.8988670630138214,5109,4088
Inwood,Manhattan,22,41255,274.51215488378864,313.52899220301407,0.8755558870486799,1466,868
Whitestone,Queens,22,12626,399.2502976899262,313.52899220301407,1.2734079068241526,939,464
Maspeth,Queens,22,36855,344.07500135921276,313.52899220301407,1.097426425995143,1448,1001
Gowanus,Brooklyn,22,34804,291.54207194244606,313.52899220301407,0.9298727683648114,1217,942
Forest Park/Highland Park,Queens,22,1197,343.5062656641604,313.52899220301407,1.0956124448029856,106,69
Penn Station/Madison Sq West,Manhattan,22,74519,354.88765888761856,313.52899220301407,1.1319133723296129,1669,1312
Bloomingdale,Manhattan,22,14353,274.3871868239235,313.52899220301407,0.8751573017089733,685,531
Upper East Side South,Manhattan,22,98710,251.89009405724607,313.52899220301407,0.803402876038156,2174,1728
Williamsburg (North Side),Brooklyn,22,174450,283.359386296088,313.52899220301407,0.9037741113032671,4606,3755
Lenox Hill East,Manhattan,22,47952,253.61970918815024,313.52899220301407,0.8089194795227365,2708,2197
Richmond Hill,Queens,22,35739,308.794542041411,313.52899220301407,0.984899482091476,2041,1143
Country Club,Bronx,22,2681,419.16730038022814,313.52899220301407,1.3369331411265848,252,105
Williamsbridge/Olinville,Bronx,22,46402,333.48685630422585,313.52899220301407,1.0636555616786112,3455,2173
Woodlawn/Wakefield,Bronx,22,25251,358.69244497323024,313.52899220301407,1.144048728804551,1796,1059
Brooklyn Navy Yard,Brooklyn,22,9140,339.3494953927161,313.52899220301407,1.082354435576353,359,290
Stapleton,Staten Island,22,13083,406.7121177282134,313.52899220301407,1.2972073646856304,733,230
Bensonhurst West,Brooklyn,22,33798,293.60797155134094,313.52899220301407,0.9364619504190094,1794,856
Bushwick South,Brooklyn,22,158958,253.4058004786497,313.52899220301407,0.8082372181854435,7313,5974
Columbia Street,Brooklyn,22,9902,293.0127414298716,313.52899220301407,0.9345634653146911,184,140
East Harlem South,Manhattan,22,60734,292.31222772277226,313.52899220301407,0.9323291784559953,3226,2522
Mount Hope,Bronx,22,49672,294.46287637550887,313.52899220301407,0.9391886673907348,1996,1183
Roosevelt Island,Manhattan,22,7760,378.7002072002072,313.52899220301407,1.207863440440602,387,193
Laurelton,Queens,22,15731,362.0710096889342,313.52899220301407,1.154824653199818,1556,876
Baisley Park,Queens,22,26931,315.53448981870974,313.52899220301407,1.0063965300357203,2251,1355
Bellerose,Queens,22,6109,381.16661167931375,313.52899220301407,1.2157300318577984,551,270
Hamilton Heights,Manhattan,22,52034,301.7120206276819,313.52899220301407,0.9623097963212266,2320,1625
West Farms/Bronx River,Bronx,22,26472,296.5693472090823,313.52899220301407,0.9459072512727941,1422,809
Greenwich Village North,Manhattan,22,73707,286.59779565654645,313.52899220301407,0.9141030105151191,1711,1430
Central Harlem North,Manhattan,22,95768,321.7118138424821,313.52899220301407,1.026099090811256,4772,3371
Ocean Parkway South,Brooklyn,22,8642,287.6929133858268,313.52899220301407,0.9175958859955825,415,214
East Chelsea,Manhattan,22,134658,323.4347528290649,313.52899220301407,1.0315944007488682,2746,2180
Upper East Side North,Manhattan,22,61140,248.1215605345912,313.52899220301407,0.7913831470294437,2052,1575
Crown Heights South,Brooklyn,22,45253,285.81466147101804,313.52899220301407,0.911605205830373,2438,1935
Fresh Meadows,Queens,22,10055,346.0112673247582,313.52899220301407,1.1036021418418347,699,341
LaGuardia Airport,Queens,22,272962,581.0360391124427,313.52899220301407,1.8532131112653671,1425,1171
Parkchester,Bronx,22,25044,299.7178841309824,313.52899220301407,0.9559495025484316,1359,784
Cambria Heights,Queens,22,9412,351.98119658119657,313.52899220301407,1.1226432174836456,1093,653
Upper West Side South,Manhattan,22,71136,261.2723317375387,313.52899220301407,0.8333275015548212,2521,1994
East Elmhurst,Queens,22,21662,345.8176601258793,313.52899220301407,1.1029846321260073,924,546
Middle Village,Queens,22,20130,336.1330282075519,313.52899220301407,1.072095520882169,1179,697
Fordham South,Bronx,22,23333,298.1613761153054,313.52899220301407,0.9509850238099897,1095,668
Meatpacking/West Village West,Manhattan,22,86070,298.53609243013057,313.52899220301407,0.9521801806348569,1033,804
Rockaway Park,Queens,22,7801,480.84087985593004,313.52899220301407,1.5336408811105398,353,138
Madison,Brooklyn,22,20663,284.48526132066326,313.52899220301407,0.9073650871063795,1004,520
Manhattan Beach,Brooklyn,22,13303,319.3275563258232,313.52899220301407,1.018494506941975,712,361
Allerton/Pelham Gardens,Bronx,22,19287,333.45518745456434,313.52899220301407,1.0635545539554052,1196,729
Crotona Park East,Bronx,22,25538,324.11898039215686,313.52899220301407,1.0337767429886855,1245,729
Inwood Hill Park,Manhattan,22,3690,268.62381339842693,313.52899220301407,0.8567750354151923,181,73
City Island,Bronx,22,3185,602.9955905511811,313.52899220301407,1.923253050106236,126,49
Yorkville West,Manhattan,22,61446,233.62920010439095,313.52899220301407,0.7451597967473229,3016,2268
Flatiron,Manhattan,22,71501,278.0051236106056,313.52899220301407,0.8866967027744398,1676,1382
Bay Ridge,Brooklyn,22,55430,280.19660869879607,313.52899220301407,0.8936864394261987,2510,1378
Midtown East,Manhattan,22,105966,281.14241854577404,313.52899220301407,0.8967030977592358,1339,1020
Red Hook,Brooklyn,22,29773,399.16188007137805,313.52899220301407,1.273125899033017,1228,874
Bayside,Queens,22,19867,336.47128003230364,313.52899220301407,1.073174374299759,1158,473
Flatlands,Brooklyn,22,47003,336.1275938472027,313.52899220301407,1.072078188002326,3683,2600
Lincoln Square West,Manhattan,22,35781,264.52557892084116,313.52899220301407,0.8437037259685299,1534,1173
Old Astoria,Queens,22,35575,261.5940095149621,313.52899220301407,0.834353492086552,1767,1177
East Flatbush/Farragut,Brooklyn,22,45425,313.36658216686874,313.52899220301407,0.9994819935630063,3382,2540
Hillcrest/Pomonok,Queens,22,19075,334.1149177657506,313.52899220301407,1.065658762266575,1183,623
College Point,Queens,22,13581,401.5292246226694,313.52899220301407,1.2806765390381316,1369,707
North Corona,Queens,22,29962,368.9088144881048,313.52899220301407,1.1766338158904028,1600,886
Little Italy/NoLiTa,Manhattan,22,99294,279.7034713044882,313.52899220301407,0.8921135788405066,1914,1541
West Concourse,Bronx,22,65992,378.0753558894578,313.52899220301407,1.2058704786211576,1650,1051
Douglaston,Queens,22,5288,476.77615062761504,313.52899220301407,1.5206764365794163,489,156
Far Rockaway,Queens,22,18523,461.50960494899067,313.52899220301407,1.4719838242268748,2087,967
Chinatown,Manhattan,22,37063,300.5787468590419,313.52899220301407,0.9586952222409254,1201,924
Gramercy,Manhattan,22,97629,256.70208425175053,313.52899220301407,0.8187507077033968,2268,1886
Manhattan Valley,Manhattan,22,25947,266.17121118492196,313.52899220301407,0.8489524662924081,1305,1011
Heartland Village/Todt Hill,Staten Island,22,8809,488.39974880109617,313.52899220301407,1.5577498762374455,534,154
Alphabet City,Manhattan,22,35862,270.66157156429887,313.52899220301407,0.8632744604015504,1744,1389
Washington Heights South,Manhattan,22,78572,278.76803203427875,313.52899220301407,0.8891299974382364,3186,2041
Auburndale,Queens,22,7524,338.9140416444207,313.52899220301407,1.0809655568470347,434,210
Westchester Village/Unionport,Bronx,22,23963,310.9310503428667,313.52899220301407,0.991713870408306,1456,851
Co-Op City,Bronx,22,39549,395.98535151300115,313.52899220301407,1.262994368497174,2464,1430
South Ozone Park,Queens,22,57292,273.8403762435093,313.52899220301407,0.8734132506195603,3545,1932
Melrose South,Bronx,22,42279,301.76270985768747,313.52899220301407,0.9624714695038226,2283,1530
Howard Beach,Queens,22,14598,401.93009202032687,313.52899220301407,1.2819551046815854,903,456
Williamsburg (South Side),Brooklyn,22,139339,271.84902679020325,313.52899220301407,0.8670618461152629,3695,2947
Sunset Park East,Brooklyn,22,25652,296.7981167461124,313.52899220301407,0.9466369111853356,1339,772
Bath Beach,Brooklyn,22,10583,295.1481691739994,313.52899220301407,0.9413744071964074,469,248
Sunset Park West,Brooklyn,22,54098,307.2990742455101,313.52899220301407,0.9801296909937119,2512,1655
Flatbush/Ditmas Park,Brooklyn,22,93772,294.4600698710484,313.52899220301407,0.9391797160512088,5734,4164
Windsor Terrace,Brooklyn,22,16279,267.8273593605902,313.52899220301407,0.8542347470921239,617,449
Astoria,Queens,22,115387,244.56644951987718,313.52899220301407,0.7800441286192674,4834,3324
Kips Bay,Manhattan,22,60861,277.1717037037037,313.52899220301407,0.8840385118969523,2718,2189
Crotona Park,Bronx,22,1592,325.2248110831234,313.52899220301407,1.037303787435824,64,42
Kew Gardens,Queens,23,16808,342.7742896288795,320.42920186312455,1.0697348669716438,883,530
Queensboro Hill,Queens,23,11752,341.87886795669596,320.42920186312455,1.0669404223112409,969,565
Jackson Heights,Queens,23,71467,314.2497546889456,320.42920186312455,0.9807150935737168,3842,2307
East Harlem North,Manhattan,23,72778,329.12077893461134,320.42920186312455,1.0271247970564166,4211,3186
Bedford,Brooklyn,23,105812,274.72199782433904,320.42920186312455,0.8573563090597781,4770,3923
Murray Hill-Queens,Queens,23,17285,338.05208272985345,320.42920186312455,1.0549977366740024,1323,705
Lower East Side,Manhattan,23,175056,297.21222410865875,320.42920186312455,0.9275441263796449,6208,5356
Stapleton,Staten Island,23,12184,448.89449880766387,320.42920186312455,1.4009163216010971,854,280
Marine Park/Mill Basin,Brooklyn,23,18947,395.0626751996615,320.42920186312455,1.232917202622555,1501,884
Williamsburg (North Side),Brooklyn,23,170266,333.1258374667952,320.42920186312455,1.0396238405546263,5166,4372
TriBeCa/Civic Center,Manhattan,23,120904,263.28554756367066,320.42920186312455,0.8216652728053683,2633,2128
Rossville/Woodrow,Staten Island,23,1738,570.4351100811124,320.42920186312455,1.780221985899965,58,11
Brooklyn Navy Yard,Brooklyn,23,6984,372.392308796097,320.42920186312455,1.1621672014623972,370,313
Bellerose,Queens,23,6453,409.3192480969396,320.42920186312455,1.2774093176182661,825,412
Richmond Hill,Queens,23,32686,346.40642333976893,320.42920186312455,1.08107008139583,2095,1226
Windsor Terrace,Brooklyn,23,13592,283.7715717338442,320.42920186312455,0.8855983477281851,604,460
Crown Heights South,Brooklyn,23,41875,288.93779297809243,320.42920186312455,0.9017211642948695,2185,1755
Financial District North,Manhattan,23,65849,302.1429309742046,320.42920186312455,0.9429319463313736,2143,1692
Starrett City,Brooklyn,23,9899,405.62573395424175,320.42920186312455,1.2658825462715162,948,649
Pelham Bay,Bronx,23,9797,368.03702567249667,320.42920186312455,1.1485751720896786,640,304
Glen Oaks,Queens,23,5987,418.3050050386295,320.42920186312455,1.3054521953879654,688,349
Eastchester,Bronx,23,24414,355.04399392621167,320.42920186312455,1.1080263342473802,1706,1084
Hamilton Heights,Manhattan,23,50574,310.79196278333166,320.42920186312455,0.9699239675293091,2652,1898
West Concourse,Bronx,23,56907,344.1047260442693,320.42920186312455,1.0738869118154157,1589,1007
Arden Heights,Staten Island,23,1470,572.813269493844,320.42920186312455,1.787643779540819,58,14
Penn Station/Madison Sq West,Manhattan,23,65349,344.1031362625566,320.42920186312455,1.073881950402088,2066,1707
JFK Airport,Queens,23,219115,470.7314714525321,320.42920186312455,1.4690654556934268,2119,1491
West Village,Manhattan,23,141936,305.43263836025824,320.42920186312455,0.9531985118220521,2958,2558
Cypress Hills,Brooklyn,23,29156,333.1298433635614,320.42920186312455,1.0396363422140973,2220,1481
Parkchester,Bronx,23,19150,319.0219481605351,320.42920186312455,0.9956082226763134,1105,655
Battery Park City,Manhattan,23,32915,280.7851863117871,320.42920186312455,0.8762783937268241,589,435
Midtown South,Manhattan,23,113439,308.69031796881205,320.42920186312455,0.9633651245702416,3193,2613
Prospect-Lefferts Gardens,Brooklyn,23,86703,284.451225427918,320.42920186312455,0.8877194206207991,5930,4744
Van Cortlandt Village,Bronx,23,35560,322.5353535353535,320.42920186312455,1.0065729080245585,1976,1199
Williamsburg (South Side),Brooklyn,23,125732,307.86632918646575,320.42920186312455,0.960793608686061,4456,3782
Country Club,Bronx,23,2593,417.95134293499416,320.42920186312455,1.3043484816765465,231,129
Cambria Heights,Queens,23,8009,372.22686866157505,320.42920186312455,1.161650893543019,899,508
Roosevelt Island,Manhattan,23,6473,380.85331474597274,320.42920186312455,1.1885724288907324,473,247
Flushing,Queens,23,56311,351.42524047025296,320.42920186312455,1.0967328771126446,3551,1949
Woodside,Queens,23,46537,287.1846633684663,320.42920186312455,0.8962499725325938,2034,1347
Red Hook,Brooklyn,23,22078,408.8450959923751,320.42920186312455,1.2759295770022188,1129,772
Union Sq,Manhattan,23,131208,298.37903680990956,320.42920186312455,0.9311855320145447,3084,2631
Astoria,Queens,23,100691,252.41696478257413,320.42920186312455,0.787746445439131,4916,3369
Fresh Meadows,Queens,23,8005,363.27027027027026,320.42920186312455,1.1336990141911156,554,286
Meatpacking/West Village West,Manhattan,23,70553,304.0564608773348,320.42920186312455,0.9489037176056645,1061,866
Bath Beach,Brooklyn,23,8966,300.0612358922785,320.42920186312455,0.9364353627808664,516,255
Jamaica,Queens,23,88568,376.57342910468867,320.42920186312455,1.1752157010507016,7359,5256
Clinton East,Manhattan,23,110148,298.13057825695665,320.42920186312455,0.9304101390369126,4338,3613
Clinton West,Manhattan,23,47524,286.1564304683219,320.42920186312455,0.8930410487074062,2095,1724
Midtown North,Manhattan,23,79795,278.61027069065,320.42920186312455,0.8694908861947669,1669,1377
Melrose South,Bronx,23,43475,308.05309632498734,320.42920186312455,0.9613764742221471,2526,1769
Schuylerville/Edgewater Park,Bronx,23,31157,399.17206099993564,320.42920186312455,1.2457418321394038,2065,1134
Ozone Park,Queens,23,15623,347.1755308911272,320.42920186312455,1.0834703231555896,1000,582
City Island,Bronx,23,2789,671.4724522866403,320.42920186312455,2.0955407571544256,141,67
Soundview/Castle Hill,Bronx,23,41145,351.30843966105,320.42920186312455,1.0963683634899042,3088,1775
Long Island City/Hunters Point,Queens,23,100534,282.63959421214173,320.42920186312455,0.882065656215924,4718,3527
Midtown Center,Manhattan,23,139150,303.04938085061985,320.42920186312455,0.9457608079680306,1753,1457
Greenpoint,Brooklyn,23,128757,317.7881967926743,320.42920186312455,0.991757913900811,4847,3957
Midwood,Brooklyn,23,20040,299.6090827248174,320.42920186312455,0.9350242767598919,1205,729
Washington Heights North,Manhattan,23,54584,290.0696773956766,320.42920186312455,0.905253565246477,2563,1477
Port Richmond,Staten Island,23,4734,463.00698412698415,320.42920186312455,1.444958766038944,327,97
Woodhaven,Queens,23,25468,333.9352314286838,320.42920186312455,1.0421498087160248,1772,1032
Stuy Town/Peter Cooper Village,Manhattan,23,15918,307.4636186403371,320.42920186312455,0.9595368238993215,831,653
Bronxdale,Bronx,23,24767,325.9375505909017,320.42920186312455,1.0171905328720012,1239,781
Hunts Point,Bronx,23,30326,318.96068917714626,320.42920186312455,0.995417044771701,1724,967
Flushing Meadows-Corona Park,Queens,23,16290,752.9818249488245,320.42920186312455,2.349916363960081,212,151
Gravesend,Brooklyn,23,12121,328.82335923293107,320.42920186312455,1.0261966054310874,844,434
Chinatown,Manhattan,23,32491,313.590371100974,320.42920186312455,0.9786572799158553,1216,1017
Bushwick North,Brooklyn,23,140027,261.37259132770805,320.42920186312455,0.8156952918397141,6544,5313
East Flushing,Queens,23,7932,350.8632165000633,320.42920186312455,1.0949789047314702,725,366
Steinway,Queens,23,48221,280.0261863756147,320.42920186312455,0.8739096959559619,2077,1283
East Chelsea,Manhattan,23,107376,307.3084251681954,320.42920186312455,0.9590524939092978,3066,2468
South Ozone Park,Queens,23,50623,316.3057833234304,320.42920186312455,0.9871315769108474,3467,2031
Elmhurst/Maspeth,Queens,23,21391,310.0413196069256,320.42920186312455,0.9675813496529062,1052,679
Belmont,Bronx,23,27521,310.69029348656215,320.42920186312455,0.9696066765452841,1339,829
Sunset Park East,Brooklyn,23,22715,300.7013708291092,320.42920186312455,0.9384331049751128,1403,752
Bronx Park,Bronx,23,3669,364.44684339983604,320.42920186312455,1.137370880309199,128,92
Oakland Gardens,Queens,23,3866,402.0101114856106,320.42920186312455,1.2545988603664606,362,197
South Williamsburg,Brooklyn,23,21551,326.83130904183537,320.42920186312455,1.0199797869279266,568,438
Hillcrest/Pomonok,Queens,23,17517,353.4032221075565,320.42920186312455,1.1029057902735007,1349,757
South Beach/Dongan Hills,Staten Island,23,7426,484.25438000814887,320.42920186312455,1.5112679406011327,716,252
Kips Bay,Manhattan,23,59865,282.4160009378821,320.42920186312455,0.8813678631528711,4099,3536
Washington Heights South,Manhattan,23,78817,296.17226266244904,320.42920186312455,0.9242985999414711,4244,2742
World Trade Center,Manhattan,23,33624,294.09577414455464,320.42920186312455,0.9178182651098742,1093,843
Forest Park/Highland Park,Queens,23,1006,353.1663346613546,320.42920186312455,1.102166508570009,91,57
Mount Hope,Bronx,23,48561,301.121184604272,320.42920186312455,0.9397432657617135,2567,1617
Norwood,Bronx,23,42205,287.6786544574655,320.42920186312455,0.897791626932776,2143,1255
Murray Hill,Manhattan,23,81094,282.23817342353465,320.42920186312455,0.8808128965227592,2546,2121
Jamaica Estates,Queens,23,10883,342.41788573005795,320.42920186312455,1.068622596626902,920,514
Bloomingdale,Manhattan,23,12717,270.60697967543723,320.42920186312455,0.8445141020294101,738,592
Whitestone,Queens,23,9712,399.0078707539354,320.42920186312455,1.2452294248898599,624,260
East New York/Pennsylvania Avenue,Brooklyn,23,29228,339.0749451453648,320.42920186312455,1.058189900214541,2246,1648
West Farms/Bronx River,Bronx,23,23754,307.1529113924051,320.42920186312455,0.9585671643111023,1154,657
Coney Island,Brooklyn,23,24208,376.2939982603653,320.42920186312455,1.17434364930667,2067,1112
Rosedale,Queens,23,12051,429.6976144958856,320.42920186312455,1.3410064126409942,1308,640
Yorkville West,Manhattan,23,50173,237.91087706700176,320.42920186312455,0.7424756410579222,2795,2192
Central Park,Manhattan,23,9355,286.80066374049886,320.42920186312455,0.8950515810447559,397,314
Downtown Brooklyn/MetroTech,Brooklyn,23,51909,319.25503874471,320.42920186312455,0.9963356550789148,2200,1791
East Elmhurst,Queens,23,20313,357.7411956200059,320.42920186312455,1.1164437995661196,802,448
Mott Haven/Port Morris,Bronx,23,67509,335.51858780212604,320.42920186312455,1.0470911697537701,4171,2957
Allerton/Pelham Gardens,Bronx,23,22322,350.90299546413974,320.42920186312455,1.0951030474870154,1625,1038
Morrisania/Melrose,Bronx,23,37987,303.62104042586833,320.42920186312455,0.9475448512821998,2326,1385
Old Astoria,Queens,23,31641,268.7212186402607,320.42920186312455,0.8386289922322636,1887,1303
Manhattan Valley,Manhattan,23,19562,272.8553204569906,320.42920186312455,0.851530755843983,1482,1210
Oakwood,Staten Island,23,2138,550.8289349670123,320.42920186312455,1.7190347563962225,106,22
UN/Turtle Bay South,Manhattan,23,39154,263.11937397708675,320.42920186312455,0.8211466759183876,1441,1201
Morningside Heights,Manhattan,23,40820,274.71355636827764,320.42920186312455,0.8573299648439191,2249,1710
Rego Park,Queens,23,17289,328.8261928227723,320.42920186312455,1.026205448538472,1104,666
Middle Village,Queens,23,18102,329.94983684530723,320.42920186312455,1.0297121327482803,1033,621
Arrochar/Fort Wadsworth,Staten Island,23,4033,452.71403726708076,320.42920186312455,1.4128363914237236,324,125
Bay Terrace/Fort Totten,Queens,23,4246,437.3535663675012,320.42920186312455,1.3648992158783404,282,130
Pelham Parkway,Bronx,23,27927,337.6501255830642,320.42920186312455,1.053743303106612,1563,914
Upper East Side North,Manhattan,23,43112,252.58960598457392,320.42920186312455,0.7882852265520757,2136,1736
Bayside,Queens,23,17343,331.1350118380782,320.42920186312455,1.0334108436831133,1210,506
Woodlawn/Wakefield,Bronx,23,23979,357.3627364991856,320.42920186312455,1.1152626989716052,1532,859
Mariners Harbor,Staten Island,23,9552,455.3725078698846,320.42920186312455,1.4211329842041138,744,241
Westchester Village/Unionport,Bronx,23,22777,327.22844713946745,320.42920186312455,1.0212191811383262,1289,778
Lincoln Square West,Manhattan,23,28603,264.98833870289957,320.42920186312455,0.8269793675549357,1550,1240
Crotona Park East,Bronx,23,21683,332.10581937329823,320.42920186312455,1.0364405536145906,1129,613
Kew Gardens Hills,Queens,23,10520,348.50162059103906,320.42920186312455,1.087608802708019,740,428
Times Sq/Theatre District,Manhattan,23,157715,361.2246792836276,320.42920186312455,1.1273151048134789,2936,2369
Lincoln Square East,Manhattan,23,73303,286.38546255506606,320.42920186312455,0.8937558152936363,3105,2601
West Chelsea/Hudson Yards,Manhattan,23,94797,318.20899087805344,320.42920186312455,0.9930711340534453,2483,1971
Alphabet City,Manhattan,23,34211,289.63059264464744,320.42920186312455,0.9038832633249415,2034,1676
Prospect Heights,Brooklyn,23,50324,287.4591305039577,320.42920186312455,0.8971065334636683,1989,1688
Rockaway Park,Queens,23,7407,488.6404981050352,320.42920186312455,1.5249562001960242,311,111
Longwood,Bronx,23,21362,309.28849939075826,320.42920186312455,0.9652319376399247,1258,836
Sunset Park West,Brooklyn,23,50179,309.57327293770203,320.42920186312455,0.9661206629661058,2892,1978
Manhattanville,Manhattan,23,21784,317.6809175745874,320.42920186312455,0.9914231153947352,1254,933
Greenwich Village North,Manhattan,23,59979,302.22567021667277,320.42920186312455,0.9431901601333212,1939,1660
Clinton Hill,Brooklyn,23,76308,272.64826157094706,320.42920186312455,0.8508845635342944,2950,2438
Lenox Hill West,Manhattan,23,51943,232.93573740175682,320.42920186312455,0.7269491545944003,2650,2223
Bensonhurst West,Brooklyn,23,26470,296.36151779972005,320.42920186312455,0.9248892300593585,1601,719
Springfield Gardens North,Queens,23,15126,371.3673144524773,320.42920186312455,1.1589683845703664,1471,862
Hammels/Arverne,Queens,23,15545,490.77590439276486,320.42920186312455,1.5316204064397543,1675,840
Hudson Sq,Manhattan,23,30763,283.83917995444193,320.42920186312455,0.8858093404223735,708,600
Baisley Park,Queens,23,23847,343.3534305281291,320.42920186312455,1.071542258107914,2252,1373
DUMBO/Vinegar Hill,Brooklyn,23,41973,342.39054228072683,320.42920186312455,1.0685372628022316,1477,1174
East Concourse/Concourse Village,Bronx,23,51832,321.6230414034274,320.42920186312455,1.0037257513777187,2752,1698
Queensbridge/Ravenswood,Queens,23,12766,262.75506995755387,320.42920186312455,0.8200097507648291,1087,796
Sunnyside,Queens,23,54028,296.6101299134528,320.42920186312455,0.9256651022716513,3116,2268
LaGuardia Airport,Queens,23,288286,552.5557046699859,320.42920186312455,1.724423683787775,1558,1299
Van Nest/Morris Park,Bronx,23,34679,351.9645037174183,320.42920186312455,1.0984158175064347,2060,1162
Upper East Side South,Manhattan,23,71502,245.5681531872008,320.42920186312455,0.7663725770290387,2370,1938
Manhattan Beach,Brooklyn,23,12566,350.77324190719185,320.42920186312455,1.0946981107453158,683,391
Brighton Beach,Brooklyn,23,15970,338.1383012116266,320.42920186312455,1.055266808535343,846,420
College Point,Queens,23,14149,385.40840073790264,320.42920186312455,1.2027880058900962,1741,965
Carroll Gardens,Brooklyn,23,27765,303.84817697074504,320.42920186312455,0.9482537022344727,896,698
Bay Ridge,Brooklyn,23,44730,292.10279934659536,320.42920186312455,0.9115985610804936,2338,1264
Douglaston,Queens,23,4131,496.79444038039503,320.42920186312455,1.5504031389517587,293,112
Midtown East,Manhattan,23,81338,244.01521006128326,320.42920186312455,0.7615261300857263,1805,1524
Gramercy,Manhattan,23,84411,271.4897639663148,320.42920186312455,0.8472691077709114,3071,2652
Kingsbridge Heights,Bronx,23,29279,310.37319658119657,320.42920186312455,0.9686170760234782,1567,1017
Claremont/Bathgate,Bronx,23,33243,309.59779431705186,320.42920186312455,0.9661971896347342,1738,1062
Inwood Hill Park,Manhattan,23,4555,280.8645856232139,320.42920186312455,0.8765261842245852,157,88
Charleston/Tottenville,Staten Island,23,3332,579.3860072376357,320.42920186312455,1.8081560727574633,134,23
Erasmus,Brooklyn,23,38158,321.4859754175859,320.42920186312455,1.003297993904166,2878,2318
Sheepshead Bay,Brooklyn,23,22564,334.17622514204544,320.42920186312455,1.042901905316336,1475,773
Briarwood/Jamaica Hills,Queens,23,17965,355.81437092368583,320.42920186312455,1.1104305377125911,1489,992
Van Cortlandt Park,Bronx,23,5172,350.4884846138959,320.42920186312455,1.0938094361437494,320,170
Springfield Gardens South,Queens,23,12882,384.5982094200078,320.42920186312455,1.200259549328759,1556,888
Seaport,Manhattan,23,27419,322.42164056510785,320.42920186312455,1.0062180309734516,895,714
Cobble Hill,Brooklyn,23,16564,278.1080297263005,320.42920186312455,0.8679234854665273,574,467
Pelham Bay Park,Bronx,23,2234,432.40406320541763,320.42920186312455,1.3494527361776614,173,47
Spuyten Duyvil/Kingsbridge,Bronx,23,29336,311.41855782684365,320.42920186312455,0.9718794542323583,1358,663
Hollis,Queens,23,10223,336.2474024701039,320.42920186312455,1.0493656649113283,930,542
Saint Albans,Queens,23,34165,367.36860970736865,320.42920186312455,1.1464891700610198,3355,1895
East Harlem South,Manhattan,23,58636,297.51364110634074,320.42920186312455,0.9284847928230571,3940,3163
Greenwich Village South,Manhattan,23,108024,295.7561517936555,320.42920186312455,0.9229999952376111,2489,2110
Borough Park,Brooklyn,23,47804,321.86187439694595,320.42920186312455,1.0044711047728834,2189,1178
Flatlands,Brooklyn,23,41586,335.93813116097465,320.42920186312455,1.0484004866213004,3386,2246
Randalls Island,Manhattan,23,1661,518.1597812879709,320.42920186312455,1.6170803980259874,70,47
Great Kills,Staten Island,23,5049,538.1485227047392,320.42920186312455,1.6794615458756355,229,63
Central Harlem North,Manhattan,23,92121,328.63730446031593,320.42920186312455,1.0256159630566304,4918,3544
Financial District South,Manhattan,23,33137,307.65435156934416,320.42920186312455,0.9601320659306285,736,533
Brownsville,Brooklyn,23,60850,336.3551314142678,320.42920186312455,1.0497018669289269,4157,3078
Dyker Heights,Brooklyn,23,12915,309.60079143389197,320.42920186312455,0.9662065430794973,718,373
Homecrest,Brooklyn,23,21249,306.235582590654,320.42920186312455,0.9557043515698874,833,402
Bushwick South,Brooklyn,23,163843,263.30709873714693,320.42920186312455,0.8217325300133599,8081,6744
Eltingville/Annadale/Prince's Bay,Staten Island,23,3864,521.182527301092,320.42920186312455,1.6265138266758903,130,23
Maspeth,Queens,23,32699,346.18420406409234,320.42920186312455,1.080376576327052,1355,944
Highbridge,Bronx,23,33003,309.82434112758926,320.42920186312455,0.9669042001357127,1317,802
Grymes Hill/Clifton,Staten Island,23,6320,460.5523098904588,320.42920186312455,1.4372981838502648,592,180
Park Slope,Brooklyn,23,123502,301.3115531838972,320.42920186312455,0.9403373707262995,4174,3332
Two Bridges/Seward Park,Manhattan,23,43563,342.25665792741825,320.42920186312455,1.0681194346126344,2706,2222
Glendale,Queens,23,19366,329.3179821160904,320.42920186312455,1.0277402315434496,1007,635
Auburndale,Queens,23,6177,351.6192020759001,320.42920186312455,1.0973381952438241,444,221
Upper West Side South,Manhattan,23,51717,259.43552792143646,320.42920186312455,0.8096500768748839,2650,2139
Yorkville East,Manhattan,23,22906,252.71512263367288,320.42920186312455,0.7886769406916395,1422,1134
Ocean Hill,Brooklyn,23,49164,320.2221565911683,320.42920186312455,0.9993538501773485,3168,2457
Westerleigh,Staten Island,23,5961,430.6775349948788,320.42920186312455,1.3440645624391256,374,80
Laurelton,Queens,23,13798,385.14952048823017,320.42920186312455,1.20198008873346,1300,754
Stuyvesant Heights,Brooklyn,23,103656,277.0156508129728,320.42920186312455,0.8645143738531783,5551,4670
Soundview/Bruckner,Bronx,23,26886,305.0632335954093,320.42920186312455,0.9520456681901327,1523,915
Sutton Place/Turtle Bay North,Manhattan,23,55761,233.20241897857375,320.42920186312455,0.7277814182434882,1753,1472
Inwood,Manhattan,23,38788,276.32060477836836,320.42920186312455,0.8623452643258221,1473,857
East Williamsburg,Brooklyn,23,129360,295.63044605207165,320.42920186312455,0.9226076909755372,4738,4052
Kensington,Brooklyn,23,15906,275.7137455095481,320.42920186312455,0.8604513693084777,881,572
Co-Op City,Bronx,23,32303,395.193641439206,320.42920186312455,1.23332592392131,2499,1375
Queens Village,Queens,23,20719,361.18200290275763,320.42920186312455,1.1271819197584905,2012,1069
Central Harlem,Manhattan,23,66785,321.60386357500676,320.42920186312455,1.0036659009386542,3492,2725
Upper West Side North,Manhattan,23,37813,257.82371794871796,320.42920186312455,0.8046199174407664,2681,2165
Ocean Parkway South,Brooklyn,23,6488,292.9322948797039,320.42920186312455,0.9141872625105925,290,145
Far Rockaway,Queens,23,19468,481.93809523809523,320.42920186312455,1.504039246223137,2121,1033
Fort Greene,Brooklyn,23,102568,324.30711215318485,320.42920186312455,1.0121022374599828,3267,2761
South Jamaica,Queens,23,22605,357.6826522471412,320.42920186312455,1.116261096577365,1829,1156
Elmhurst,Queens,23,78716,311.1990286324569,320.42920186312455,0.9711943444074411,4407,2696
Howard Beach,Queens,23,12523,448.30928909192914,320.42920186312455,1.3990899908162246,940,561
Marble Hill,Manhattan,23,9245,316.69001732351666,320.42920186312455,0.9883306998305194,501,301
Columbia Street,Brooklyn,23,6631,303.76104993211646,320.42920186312455,0.9479817949360055,180,137
New Dorp/Midland Beach,Staten Island,23,4515,532.2912319644839,320.42920186312455,1.661182029819676,278,79
Long Island City/Queens Plaza,Queens,23,28336,259.15046124483086,320.42920186312455,0.8087604367454946,1757,1372
Corona,Queens,23,3363,493.92188431723315,320.42920186312455,1.5414384252288535,162,108
SoHo,Manhattan,23,62953,271.50344038519603,320.42920186312455,0.8473117893330215,1210,1001
East New York,Brooklyn,23,105348,363.4103875851052,320.42920186312455,1.1341362942954887,7941,5531
Lenox Hill East,Manhattan,23,44690,251.64068253255502,320.42920186312455,0.7853238127779832,3956,3309
East Tremont,Bronx,23,45429,316.268782369146,320.42920186312455,0.9870161038076806,2655,1532
Garment District,Manhattan,23,55414,321.3045662347988,320.42920186312455,1.0027318495523645,2004,1628
Forest Hills,Queens,23,58115,377.57232064308016,320.42920186312455,1.1783330559377825,3493,2070
Prospect Park,Brooklyn,23,6472,298.9406142275149,320.42920186312455,0.9329381107880774,328,256
University Heights/Morris Heights,Bronx,23,40991,320.9274357032948,320.42920186312455,1.0015548952382407,1986,1152
Bedford Park,Bronx,23,42778,305.9874786434807,320.42920186312455,0.9549300652510041,1882,1161
Riverdale/North Riverdale/Fieldston,Bronx,23,12789,384.3942246835443,320.42920186312455,1.1996229508687015,1186,547
Ridgewood,Queens,23,82359,273.07806045584874,320.42920186312455,0.8522258859930548,4275,3181
Canarsie,Brooklyn,23,64157,349.65007185703575,320.42920186312455,1.0911929057152328,5419,3670
Boerum Hill,Brooklyn,23,71035,309.2638624674135,320.42920186312455,0.9651550503799574,2680,2134
West Brighton,Staten Island,23,7427,429.52175087814106,320.42920186312455,1.3404575749672678,403,121
North Corona,Queens,23,27270,375.2475123921425,320.42920186312455,1.1710777613596974,1426,769
Little Italy/NoLiTa,Manhattan,23,82817,297.46027506526156,320.42920186312455,0.9283182473248038,2253,1882
East Village,Manhattan,23,193759,271.03324397336763,320.42920186312455,0.8458443936989956,7062,6055
Brooklyn Heights,Brooklyn,23,43090,314.64971895758816,320.42920186312455,0.9819633077387087,1423,1089
East Flatbush/Farragut,Brooklyn,23,41543,314.84330553010943,320.42920186312455,0.9825674554611873,3147,2387
Bloomfield/Emerson Hill,Staten Island,23,12458,493.2762497977674,320.42920186312455,1.5394235198590815,1251,308
Gowanus,Brooklyn,23,27854,303.962224780544,320.42920186312455,0.9486096242576085,1270,988
Williamsbridge/Olinville,Bronx,23,47085,333.88780892424177,320.42920186312455,1.0420018118912466,3226,1852
Flatbush/Ditmas Park,Brooklyn,23,84950,296.7130513709126,320.42920186312455,0.9259863010165265,6100,4471
Saint George/New Brighton,Staten Island,23,16355,458.1751793488258,320.42920186312455,1.429879601124935,930,273
Corona,Queens,23,29140,367.0349910455986,320.42920186312455,1.1454480082073866,1805,1151
Crown Heights North,Brooklyn,23,170227,287.28074106749006,320.42920186312455,0.8965498131790302,9610,7810
Bensonhurst East,Brooklyn,23,19368,305.46615997104595,320.42920186312455,0.9533031265406633,1072,526
East Flatbush/Remsen Village,Brooklyn,23,49457,327.9721265648422,320.42920186312455,1.0235400664416963,3786,2716
Fordham South,Bronx,23,21312,303.21655003991924,320.42920186312455,0.9462825119460931,1190,747
Flatiron,Manhattan,23,66186,283.31780718336483,320.42920186312455,0.8841822328802219,2053,1726
Madison,Brooklyn,23,18243,299.6630775146954,320.42920186312455,0.9351927844663181,1078,564
Heartland Village/Todt Hill,Staten Island,23,7765,550.3504582419001,320.42920186312455,1.7175415194430044,555,162
